11 2671998 2 0
11 3639679 0 0
11 3193686 0 0
11 3309965 0 0
11 3847753 2 0
11 3162944 0 0
11 2051316 0 0
11 2704528 1 0
11 3350179 1 0
11 3012841 0 0
11 3722618 0 0
11 3732897 0 0
11 3895824 2 1
11 3708761 0 0
11 3703074 0 0
11 3708760 0 0
11 3823799 0 0
11 3823798 0 0
11 3437813 0 0
11 3594693 0 0
11 3819261 0 0
11 3001717 0 0
11 3356701 0 0
11 3833112 0 0
11 3895822 0 0
11 3260108 0 0
11 3878029 0 0
11 3019008 0 0
11 3339354 0 0
11 3047957 0 0
11 2704541 0 0
11 3012853 0 0
11 3047951 0 0
11 3787101 0 0
11 3214685 0 0
11 3844222 0 0
11 2781140 0 0
11 3375014 0 0
11 3293035 0 0
11 3756873 0 0
11 3010678 1 0
11 1664553 0 0
11 2045084 1 0
11 3766647 0 0
11 3420572 1 0
11 3881699 0 0
11 2966453 0 0
11 3145577 0 0
11 3584845 0 0
11 2041978 0 0
11 3727091 0 0
11 3756864 0 0
11 3491796 0 0
11 3351471 0 0
11 3825956 0 0
11 3493968 0 0
11 3513220 0 0
11 3825954 0 0
11 1808067 1 0
11 3614335 0 0
11 3639633 0 0
11 3778607 1 0
11 3639634 0 0
11 3389673 0 0
11 2397407 0 0
11 3140706 1 0
11 3601016 0 0
11 3375036 0 0
11 3009628 0 0
11 3657909 0 0
11 2871179 0 0
11 2629172 0 0
11 3171844 0 0
11 3773392 0 0
11 3318872 0 0
11 3614336 2 0
11 3263208 0 0
11 3799536 0 0
11 3247187 0 0
11 3515426 0 0
11 3595503 0 0
11 3603665 0 0
11 3134024 0 0
11 3410355 0 0
11 3543903 0 0
11 3031540 0 0
11 3388350 0 0
11 3636117 0 0
11 3189136 0 0
11 1241324 1 0
11 2889717 0 0
11 2807421 0 0
11 2989126 0 0
11 3042228 1 0
11 3739025 0 0
11 2910489 0 0
11 2933126 0 0
11 2453614 0 0
11 2268693 0 0
11 1232853 0 0
11 2923795 2 0
11 3065313 0 0
11 3526560 2 0
11 3065314 1 0
11 1459954 0 0
11 1665451 0 0
11 3042216 0 0
11 3189150 0 0
11 3065311 1 0
11 2816380 0 0
11 3539874 0 0
11 138951 0 0
11 3318881 0 0
11 3125115 0 0
11 3885627 0 0
11 3102473 2 0
11 3226297 0 0
11 3475231 0 0
11 1468402 2 0
11 3242783 0 0
11 3651721 0 0
11 3432514 0 0
11 2572605 0 0
11 2467409 0 0
11 3835362 0 0
11 3651722 0 0
11 2147062 0 0
11 2862668 2 0
11 2719190 0 0
11 2553074 0 0
11 3506073 1 0
11 3617011 0 0
11 3456962 0 0
11 3166907 0 0
11 2848339 0 0
11 2257959 0 0
11 3060997 0 0
11 3444502 0 0
11 3850510 0 0
11 2700584 0 0
11 3506086 0 0
11 3420504 0 0
11 3694462 0 0
11 3591115 0 0
11 3731172 0 0
11 3669025 0 0
11 3871484 0 0
11 3669024 0 0
11 3339754 2 0
11 3199832 0 0
11 2766380 0 0
11 2825206 1 0
11 3760950 0 0
11 3567435 0 0
11 3523895 0 0
11 3851824 0 0
11 3542159 0 0
11 3102483 0 0
11 2131904 0 0
11 3445852 0 0
11 2941578 0 0
11 3518076 0 0
11 3200432 0 0
11 2557488 0 0
11 3170124 0 0
11 3290897 0 0
11 3818829 1 0
11 2998019 0 0
11 3430365 0 0
11 3633937 0 0
11 3078246 1 0
11 3781860 0 0
11 3781862 0 0
11 3336227 0 0
11 3336224 0 0
11 3781865 0 0
11 3561727 0 0
11 3296192 0 0
11 3884746 0 0
11 2131979 0 0
11 3072923 0 0
11 2780663 0 0
11 2048508 0 0
11 3606326 0 0
11 3298379 0 0
11 3581787 0 0
11 3685553 0 0
11 3277420 0 0
11 3383992 0 0
11 2989522 0 0
11 3436095 0 0
11 3512326 0 0
11 3325586 0 0
11 3304658 0 0
11 2217069 0 0
11 2920201 0 0
11 3339720 0 0
11 2780644 0 0
11 3015935 0 0
11 2827428 0 0
11 2998461 0 0
11 280702 0 0
11 3161206 2 0
11 3874967 0 0
11 3775164 0 0
11 3489830 0 0
11 3174125 0 0
11 2883991 0 0
11 3630062 0 0
11 3150156 0 0
11 2136797 0 0
11 3617081 2 0
11 3521621 0 0
11 3735475 1 0
11 2975851 0 0
11 3816205 0 0
11 3522959 0 0
11 3629063 0 0
11 3350972 0 0
11 2879484 0 0
11 1450283 0 0
11 3430837 0 0
11 3665179 0 0
11 3529579 0 0
11 3585274 0 0
11 3712377 2 0
11 2803854 0 0
11 2803852 0 0
11 3681648 0 0
11 60003 0 0
11 2813656 0 0
11 1947954 0 0
11 3599473 0 0
11 3746154 0 0
11 3276017 0 0
11 2740280 0 0
11 3541691 0 0
11 3324696 0 0
11 139393 0 0
11 2949582 0 0
11 3031932 0 0
11 3500706 0 0
11 3782692 0 0
11 2468312 0 0
11 3345592 0 0
11 3668212 0 0
11 2940775 0 0
11 3670549 0 0
11 3830983 0 0
11 3011094 1 0
11 3771563 0 0
11 2147484 0 0
11 2858102 1 0
11 3810918 0 0
11 3108626 0 0
11 3704709 0 0
11 3292970 0 0
11 2527503 0 0
11 2744659 0 0
11 3443716 0 0
11 3841623 0 1
11 3005657 1 0
11 3841629 0 0
11 2593038 0 0
11 3393357 0 0
11 3541272 0 0
11 2822157 0 0
11 1660574 0 0
11 2794847 0 0
11 3219552 1 0
11 3356236 0 0
11 3198526 1 0
11 3832747 0 0
11 3622886 0 0
11 3796828 0 0
11 3121644 0 0
11 3220047 0 0
11 3271631 0 0
11 3644651 0 0
11 3317097 0 0
11 3313973 0 0
11 3674914 0 0
11 3871036 0 0
11 3789286 0 0
11 3110959 0 0
11 2564959 0 0
11 2984351 0 0
11 3871041 1 0
11 3109527 1 0
11 3415235 0 0
11 2815841 0 0
11 3650978 0 0
11 3299178 0 0
11 2855034 0 0
11 3175444 0 0
11 3057250 0 0
11 3556755 2 0
11 2516429 0 0
11 2804720 0 0
11 3468190 0 0
11 2606841 0 0
11 2998980 0 0
11 3459253 2 0
11 3566549 0 0
11 3359712 2 0
11 3094649 0 0
11 3713291 0 0
11 3713292 0 0
11 3718986 0 0
11 3713296 0 0
11 3497944 0 0
11 3675373 0 0
11 2396476 0 0
11 2596133 0 0
11 2596134 0 0
11 3240922 0 0
11 2396468 0 0
11 3797313 0 0
11 3041782 2 1
11 3308104 0 0
11 3699354 0 0
11 3888348 0 0
11 3541640 0 0
11 2636806 0 0
11 3785336 0 0
11 3679720 0 0
11 2613589 0 0
11 2259334 0 0
11 1566525 1 0
11 2730438 0 0
11 3547392 0 0
11 3504225 0 0
11 3753764 0 0
11 3426729 0 0
11 3601114 0 0
11 2994516 0 0
11 3398650 0 0
11 3515353 0 0
11 2600252 0 0
11 1440851 0 0
11 2773121 0 0
11 1829393 0 0
11 3546077 0 0
11 2957103 0 0
11 2841240 0 0
11 3604608 1 0
11 3425861 0 0
11 3767903 0 0
11 3445059 0 0
11 3657979 1 0
11 3039003 0 0
11 3284537 0 0
11 3232099 0 0
11 3276912 1 0
11 3087997 0 0
11 3786633 0 0
11 3005669 1 0
11 3328151 0 0
11 3095543 0 0
11 3480236 0 0
11 3082294 0 0
11 2703243 2 2
11 3023099 0 0
11 3510936 1 0
11 3799938 0 0
11 3510934 1 0
11 3395150 0 0
11 3761349 2 0
11 3114951 0 0
11 3052423 0 0
11 3088828 0 0
11 3735043 2 0
11 3259560 0 0
11 3095552 0 0
11 3747018 0 0
11 2259378 0 0
11 3447652 0 0
11 2852392 0 0
11 3693616 0 0
11 3693614 2 0
11 3283663 0 0
11 2096675 0 0
11 3415630 0 0
11 1764875 0 0
11 3005680 1 0
11 3479250 0 0
11 3350076 0 0
11 3542502 1 0
11 3005688 1 0
11 3292141 0 0
11 2259346 0 0
11 3776815 0 0
11 1914221 0 0
11 2136722 0 0
11 3063535 0 0
11 2586319 0 0
11 3005218 0 0
11 2879866 0 0
11 2945176 0 0
11 3485910 0 0
11 1971047 0 0
11 3286878 0 0
11 3341339 0 0
11 3687877 2 0
11 2039781 0 0
11 2843859 0 0
11 2993724 0 0
11 3407020 1 0
11 3604218 0 0
11 3649594 0 0
11 3477371 0 0
11 3261106 0 0
11 3745844 0 0
11 3095901 1 0
11 3420477 0 0
11 3386015 0 0
11 2877621 0 0
11 3604226 0 0
11 1602190 0 0
11 3134104 0 0
11 2292203 0 0
11 3833473 0 0
11 1779569 0 0
11 3481412 0 0
11 1584230 2 0
11 3662596 0 0
11 2769384 0 0
11 2887457 0 0
11 138856 0 0
11 3020352 0 0
11 3652790 0 0
11 2654088 0 0
11 3864180 1 0
11 3811697 0 0
11 2516198 0 0
11 1936292 0 0
11 3872610 1 0
11 3227207 0 0
11 3169241 0 0
11 3617513 0 0
11 3745851 0 0
11 2887446 0 0
11 3544290 2 0
11 3687404 0 0
11 2442633 0 0
11 1764025 0 0
11 2323000 0 0
11 3093751 0 0
11 3854375 0 0
11 3214309 0 0
11 3284259 0 0
11 3748072 0 0
11 3514449 0 0
11 2908659 0 0
11 2517066 0 0
11 3238350 0 0
11 3463176 0 0
11 2586019 0 0
11 2728801 0 0
11 1513065 0 0
11 3503322 0 0
11 3562534 0 0
11 550651 0 0
11 3574506 0 0
11 2686945 0 0
11 3160854 0 0
11 3625594 0 0
11 3505509 0 0
11 2686942 0 0
11 3488008 0 0
11 2724472 0 0
11 3820170 0 0
11 3194634 0 0
11 3626898 0 0
11 3820174 0 0
11 419368 0 0
11 3833480 0 0
11 3464045 0 0
11 1971061 0 0
11 3833481 0 0
11 2607002 0 0
11 3687452 0 0
11 3143086 0 0
11 3075477 1 0
11 3630920 0 0
11 1140938 2 0
11 3833019 0 0
11 3401753 2 0
11 3214752 0 0
11 3820187 0 0
11 2769336 0 0
11 3158552 0 0
11 2714677 0 0
11 3298875 0 0
11 3158558 0 0
11 2607011 0 0
11 3833497 0 0
11 3501970 0 0
11 2329636 0 0
11 3195105 0 0
11 3734306 0 0
11 2769320 0 0
11 3475115 0 0
11 3188811 0 0
11 1310938 0 0
11 3657152 0 0
11 2887825 0 0
11 3359497 0 0
11 3620300 1 0
11 3565151 0 0
11 3830807 0 0
11 2873666 0 0
11 3222823 0 0
11 3519266 0 0
11 3419406 1 0
11 2760502 0 0
11 3872691 1 0
11 3736514 0 0
11 2899805 0 0
11 3554497 0 0
11 3578442 0 0
11 3128735 0 0
11 3509004 0 0
11 3746781 0 0
11 3732159 0 0
11 3060860 0 0
11 3135011 0 0
11 3716914 0 0
11 3001699 0 0
11 3654902 0 0
11 3607768 0 0
11 2391143 0 0
11 2829516 0 0
11 1854901 0 0
11 3895757 0 0
11 3305600 1 0
11 2791733 0 0
11 1266361 1 0
11 2830982 0 0
11 3169257 0 0
11 1236954 0 0
11 2164952 0 0
11 3806710 0 0
11 1151652 0 0
11 1151653 2 0
11 3758700 0 0
11 2546479 0 0
11 3590578 0 0
11 2791744 0 0
11 3850435 1 0
11 3298012 0 0
11 3023428 0 0
11 3533146 0 0
11 2901603 1 0
11 3278878 1 0
11 2672385 0 0
11 2890191 0 0
11 2581654 0 0
11 3643833 2 0
11 2270822 0 0
11 3371895 0 0
11 3789446 0 0
11 2722214 0 0
11 3840627 0 0
11 3088380 0 0
11 2661253 0 0
11 2817505 0 0
11 2628341 0 0
11 3161790 0 0
11 3440472 0 0
11 3047867 0 0
11 3199913 0 0
11 3805886 0 0
11 2825121 0 0
11 3805887 0 0
11 3400827 0 0
11 3400828 0 0
11 3508199 1 0
11 2672379 0 0
11 3056328 2 0
11 3522006 0 0
11 3299326 0 0
11 3652761 0 0
11 2164964 0 0
11 2649134 0 0
11 3427043 0 0
11 2938550 0 0
11 3527288 0 0
11 2642515 0 0
11 3205072 1 0
11 3349617 0 0
11 2740181 0 0
11 3196037 0 0
11 2740182 0 0
11 1334178 0 0
11 2892353 0 0
11 3489807 0 0
11 3127495 0 0
11 3544627 0 0
11 2813524 0 0
11 3017974 0 0
11 3508534 0 0
11 3554433 0 0
11 3578863 0 0
11 2259296 0 0
11 3014467 0 0
11 3058041 0 0
11 1291371 0 0
11 2938549 0 0
11 3151594 0 0
11 3061211 0 0
11 3655491 0 0
11 2768506 1 0
11 3188886 0 0
11 3489816 0 0
11 3290451 1 0
11 3167967 2 0
11 2987954 2 0
11 3670633 0 0
11 3127020 0 0
11 2992059 2 0
11 2992055 0 0
11 3690268 0 0
11 3476981 0 0
11 2412867 0 0
11 3442738 0 0
11 1829435 1 0
11 3569902 0 0
11 3783662 2 0
11 3131984 0 0
11 3098994 0 0
11 3098999 0 0
11 3034072 0 0
11 3277474 0 0
11 3119860 0 0
11 3119861 0 0
11 3052714 0 0
11 3626903 0 0
11 2432047 0 0
11 3438241 0 0
11 3024288 0 0
11 3736466 0 0
11 2740172 0 0
11 3531319 0 0
11 1876204 0 0
11 3323473 0 0
11 3586461 0 0
11 3360858 0 0
11 2567297 0 0
11 2687414 0 0
11 3442740 0 0
11 3850455 0 0
11 3312347 0 0
11 3441891 2 0
11 2941760 0 0
11 3806322 0 0
11 1697736 0 0
11 3657224 0 0
11 3345217 0 0
11 3564274 0 0
11 3270412 0 0
11 3680008 0 0
11 1198239 0 0
11 3118105 0 0
11 3659891 2 0
11 2858884 0 0
11 2876299 0 0
11 2579282 0 0
11 3644779 0 0
11 3713300 0 0
11 2051062 0 0
11 1828159 0 0
11 3295703 0 0
11 3140027 1 0
11 3407511 0 0
11 3564269 0 0
11 3119447 1 0
11 2811397 0 0
11 2845141 0 0
11 2988843 0 0
11 3700040 1 0
11 3689288 0 0
11 3818772 0 0
11 3277022 0 0
11 2937287 0 0
11 3495664 0 0
11 3387831 0 0
11 3468083 0 0
11 1865539 0 0
11 2880348 2 1
11 3279209 0 0
11 3679030 0 0
11 2584645 2 0
11 2824688 0 0
11 3644769 2 1
11 3069581 2 1
11 3590500 0 0
11 1831767 0 0
11 2930659 0 0
11 2813540 0 0
11 3701367 0 0
11 3485864 1 0
11 3502801 1 0
11 3143991 0 0
11 3789397 0 0
11 1557500 0 0
11 2740132 0 0
11 3750721 0 0
11 3840694 0 0
11 2275303 0 0
11 1459154 1 0
11 3746228 1 0
11 3838387 0 0
11 1142208 0 0
11 2588626 0 0
11 3094526 0 0
11 3833507 0 0
11 2992474 0 0
11 3245492 1 0
11 1849909 0 0
11 2820695 1 0
11 60997 0 0
11 2248558 0 0
11 3638509 0 0
11 3396337 0 0
11 3658911 0 0
11 3355468 0 0
11 3425768 2 2
11 3323858 0 0
11 2010949 0 0
11 3569078 0 0
11 3292236 0 0
11 3724076 0 0
11 3505426 0 0
11 3724078 0 0
11 3833510 0 0
11 3083050 0 0
11 2133305 0 0
11 3425752 0 0
11 3425758 2 1
11 3221063 0 0
11 2957696 1 0
11 3601235 0 0
11 3816189 0 0
11 1208906 0 0
11 3190349 0 0
11 3397204 0 0
11 3521924 0 0
11 3022926 0 0
11 3612336 0 0
11 3819695 0 0
11 3494300 0 0
11 2430704 0 0
11 3877594 0 0
11 2829008 1 0
11 3084377 2 0
11 2136800 0 0
11 3816178 0 0
11 3483659 0 0
11 3577911 1 1
11 2448458 1 0
11 2819215 0 0
11 2904341 0 0
11 3599762 0 0
11 3833971 0 0
11 3775617 0 0
11 3376763 0 0
11 2994210 0 0
11 3356750 0 0
11 3112405 0 0
11 2259256 0 0
11 2796991 0 0
11 2136865 0 0
11 3284660 0 0
11 2847728 1 0
11 3025159 0 0
11 3053629 0 0
11 3459999 0 0
11 3588621 0 0
11 3135993 0 0
11 3328267 0 0
11 3088707 0 0
11 3413345 0 0
11 3845528 0 0
11 3795691 0 0
11 3876688 0 0
11 3402678 0 0
11 3155109 2 0
11 2627812 0 0
11 2602512 0 0
11 3248584 0 0
11 2542403 0 0
11 3437740 0 0
11 1087878 0 0
11 2358902 0 0
11 2386135 0 0
11 3540688 0 0
11 3481425 0 0
11 2819248 0 0
11 3529430 1 0
11 3343429 0 0
11 3505489 0 0
11 2822429 0 0
11 3750323 0 0
11 2248584 0 0
11 3750324 0 0
11 2699031 0 0
11 3170709 0 0
11 3350182 1 0
11 3375463 0 0
11 3159929 0 0
11 2693545 2 0
11 3684484 0 0
11 3091415 0 0
11 1914373 0 0
11 2769281 0 0
11 1065060 0 0
11 2810817 0 0
11 3551712 0 0
11 2655275 2 0
11 3674680 0 0
11 3132050 0 0
11 2682415 0 0
11 2601884 0 0
11 3526755 0 0
11 3442161 0 0
11 3385048 0 0
11 3876084 1 0
11 3389405 0 0
11 3572648 0 0
11 3847506 0 0
11 1253520 0 0
11 3788203 0 0
11 3162710 0 0
11 3091431 0 0
11 3834681 0 0
11 2646339 0 0
11 3830299 1 0
11 3170343 0 0
11 3528951 0 0
11 3835504 1 0
11 2374983 0 0
11 3823522 0 0
11 2838360 0 1
11 3776206 0 0
11 3809253 0 0
11 3603015 1 0
11 3603014 1 0
11 3648368 0 0
11 2638716 0 0
11 3571786 0 0
11 2601862 0 2
11 3830293 2 1
11 3533064 0 0
11 3830294 2 0
11 3503655 0 0
11 3830291 1 0
11 3134217 2 0
11 2591548 0 0
11 3830296 1 0
11 3638554 0 0
11 3365875 0 0
11 3717043 0 0
11 2270726 0 0
11 3505840 0 0
11 3776212 0 0
11 3025930 0 0
11 3340110 2 1
11 3493730 0 0
11 3087367 0 0
11 3435893 0 0
11 3435894 0 0
11 3261692 0 0
11 3445217 0 0
11 3832481 0 0
11 3091451 0 0
11 3832480 0 0
11 1913060 0 0
11 1435757 1 0
11 2782218 0 0
11 3611060 0 0
11 3361026 1 0
11 3626556 1 0
11 3183600 0 0
11 3054439 0 0
11 3262596 0 0
11 2920021 0 0
11 3572695 0 0
11 3764687 1 0
11 3166263 2 0
11 2669469 0 0
11 3618949 0 0
11 2927906 0 0
11 3127982 0 0
11 3214412 0 0
11 3065575 1 0
11 2637899 0 0
11 2922210 0 0
11 3408283 0 0
11 1994013 2 0
11 1435775 0 0
11 2865500 0 0
11 3342720 2 0
11 3549419 0 0
11 2203982 0 0
11 2639604 0 0
11 3411435 0 0
11 2649885 0 0
11 2385685 1 0
11 3180598 0 0
11 3243854 1 0
11 2726523 0 0
11 3019216 0 0
11 2697934 0 0
11 3690735 0 0
11 3664463 0 0
11 3878242 0 0
11 3459811 0 0
11 3430174 0 0
11 3533092 0 0
11 3435857 0 0
11 3316460 1 0
11 3690728 0 0
11 3480826 1 0
11 3414089 0 0
11 2828988 0 0
11 2136159 0 0
11 2174436 0 0
11 2894014 0 0
11 3159134 0 0
11 3662609 0 0
11 3141840 0 0
11 3239367 0 0
11 3603075 1 1
11 2796026 0 0
11 2583982 2 0
11 3420758 0 0
11 3756203 0 0
11 2950268 0 0
11 3141832 0 0
11 3231409 0 0
11 3857380 0 0
11 2627181 0 0
11 3186748 0 0
11 3603065 1 0
11 3603064 1 0
11 3198717 0 0
11 2873549 0 0
11 3883228 0 0
11 3414061 0 0
11 2771986 0 0
11 2911930 0 0
11 3640009 0 0
11 3307961 0 0
11 2777281 0 0
11 3672445 0 0
11 3848428 0 0
11 2464596 0 0
11 3628353 1 0
11 2882040 0 0
11 3857379 0 0
11 3747751 0 0
11 2939498 0 0
11 3371736 0 0
11 3475009 0 0
11 3828820 0 0
11 1940253 0 0
11 2989710 0 0
11 2998667 0 0
11 2781770 0 0
11 2933713 0 0
11 3164512 0 0
11 1325273 0 0
11 3088291 0 0
11 3858699 0 0
11 3858698 0 0
11 3536997 0 0
11 1526646 0 0
11 2448084 0 1
11 3860123 0 0
11 2672240 0 0
11 2788449 0 0
11 2034572 0 0
11 3672464 0 0
11 3713934 0 0
11 1325266 0 0
11 2920421 0 0
11 3371756 0 0
11 1386702 0 0
11 2731019 0 0
11 3637286 0 0
11 2964493 0 0
11 3153853 0 0
11 3509389 0 0
11 3838209 0 0
11 2771953 0 0
11 3420799 1 0
11 3009478 0 0
11 3382416 0 0
11 2526510 0 0
11 3860112 1 0
11 1469923 1 0
11 3573930 1 0
11 2137031 0 0
11 3871676 0 0
11 3762080 0 0
11 3885847 0 0
11 3478967 0 0
11 3743364 2 0
11 3255434 0 0
11 3494172 0 0
11 3380240 0 0
11 3637278 0 0
11 2607529 0 0
11 2642859 0 0
11 3732223 0 0
11 2684217 0 0
11 3803118 0 0
11 1065049 0 0
11 3660491 0 0
11 3660490 0 0
11 2967502 0 0
11 3680092 1 0
11 3275496 0 0
11 2595929 0 0
11 3341804 0 0
11 3685787 0 0
11 3409516 0 0
11 3885854 0 0
11 3603048 1 0
11 3675506 0 0
11 3371783 0 0
11 3765128 0 0
11 3701991 1 0
11 3765129 0 0
11 3358691 0 0
11 3233540 0 0
11 3506220 0 0
11 3177871 0 0
11 3361862 0 0
11 3048583 0 0
11 2823201 0 0
11 2228424 0 0
11 2654867 0 0
11 2709653 0 0
11 3405641 0 0
11 3725447 0 0
11 3750868 0 0
11 2776005 1 0
11 2022659 1 0
11 3630296 0 0
11 2880237 0 0
11 1929060 0 0
11 2672274 0 0
11 3863663 0 0
11 2850849 0 0
11 3004545 0 0
11 3166756 0 0
11 2992186 1 0
11 549194 0 0
11 2857489 0 0
11 3849359 0 0
11 2729289 0 0
11 2375394 1 0
11 2649043 0 0
11 3861471 0 0
11 3762849 0 0
11 3358677 0 0
11 3373999 0 0
11 3358675 0 0
11 151281 0 0
11 3795753 0 0
11 3795754 0 0
11 2759903 0 0
11 3791398 0 0
11 2259151 0 0
11 3403455 0 0
11 3507587 0 0
11 3639082 0 0
11 3346690 0 0
11 3444805 0 0
11 3659514 0 0
11 2984542 0 0
11 3335568 0 0
11 2850861 0 0
11 3830316 0 0
11 2390579 0 0
11 3773959 1 1
11 2613395 0 0
11 3437689 0 0
11 2895702 0 0
11 2903524 1 0
11 2217323 0 0
11 2700804 0 0
11 3461311 1 0
11 3446167 1 0
11 2799065 0 0
11 3332030 0 0
11 3635948 0 0
11 3313737 1 0
11 3750818 0 0
11 2739497 0 0
11 3470285 0 0
11 3608314 0 0
11 2526440 0 0
11 3309266 0 0
11 3216263 0 0
11 1804297 0 0
11 3377918 0 0
11 3682313 1 0
11 2527784 1 0
11 2170445 1 0
11 1851005 0 0
11 3840574 0 0
11 3313757 1 0
11 3313754 0 0
11 2515334 0 0
11 2216021 0 0
11 3684087 0 0
11 514497 0 0
11 3830354 0 0
11 3042400 0 0
11 1824728 0 0
11 3737029 0 0
11 3169858 1 0
11 3169857 0 0
11 3413677 0 0
11 3021938 0 0
11 3830351 0 0
11 3547183 0 0
11 3493359 0 0
11 2542996 0 0
11 3439831 0 0
11 3153010 0 0
11 2726141 0 0
11 3169869 2 0
11 3647563 1 0
11 3169868 2 0
11 3759271 0 0
11 3169863 2 0
11 2923106 0 0
11 3169864 2 0
11 3169861 2 0
11 3169862 2 0
11 3759270 0 0
11 3169860 1 0
11 3664480 0 0
11 3309220 0 0
11 3502289 0 0
11 3581062 0 0
11 1553458 0 0
11 3439846 0 0
11 2908832 0 0
11 3289162 0 0
11 3549338 0 0
11 3334624 0 0
11 3169870 1 0
11 3169871 1 0
11 3042897 0 0
11 2666452 0 0
11 3633381 1 0
11 3639921 0 0
11 3590824 0 0
11 3520941 0 0
11 2938606 0 0
11 2330048 0 0
11 3601340 0 0
11 1906812 0 0
11 2948402 0 0
11 3141496 0 0
11 3505327 0 0
11 3141494 0 0
11 3705873 0 0
11 3364015 0 0
11 3041993 0 0
11 3634222 1 0
11 3604815 0 0
11 1280398 0 0
11 2890894 0 0
11 3505338 0 0
11 2644695 0 0
11 2693639 0 0
11 3840191 0 0
11 3524089 0 0
11 2649919 0 0
11 2801875 0 0
11 3378831 0 0
11 1824753 0 0
11 3565878 0 0
11 3680992 0 0
11 2925325 0 0
11 3728510 2 0
11 3509705 0 0
11 3632039 1 0
11 3877413 0 0
11 1518689 0 0
11 2952959 0 0
11 2132131 0 0
11 2690577 0 0
11 2939502 0 0
11 3373155 0 0
11 2944098 1 0
11 2759016 0 0
11 3113834 0 0
11 3113833 0 0
11 3445246 0 0
11 3423009 0 0
11 3584125 0 0
11 3738323 0 0
11 2730628 0 0
11 2846734 0 0
11 2488197 1 0
11 3051312 2 0
11 2824958 0 0
11 3821433 0 0
11 1824731 0 0
11 2890884 0 0
11 3615933 0 0
11 2621382 0 0
11 3229957 0 0
11 3595244 1 0
11 3094005 0 0
11 2967677 0 0
11 2694757 0 0
11 3148992 0 0
11 2827131 0 0
11 2098750 0 0
11 3775497 1 0
11 1480484 1 0
11 2804019 0 0
11 1379646 0 0
11 3733610 0 0
11 3429051 0 0
11 3513310 0 0
11 3354411 0 0
11 3390736 0 0
11 3723820 0 0
11 3808259 0 0
11 3808258 0 0
11 2621125 0 0
11 3614260 0 0
11 3247023 0 0
11 3808256 2 0
11 3171780 0 0
11 3078310 0 0
11 3265711 0 0
11 2025398 0 0
11 3146317 0 0
11 355885 0 0
11 3791964 0 0
11 3697422 0 0
11 2265262 0 0
11 3350030 0 0
11 3226114 0 0
11 3429038 0 0
11 2759337 0 0
11 3764345 0 0
11 3429034 0 0
11 2396645 0 0
11 2175499 0 0
11 3341569 0 0
11 2656493 0 0
11 3788300 0 0
11 2840555 0 0
11 3524463 0 0
11 2601999 0 0
11 3179286 0 0
11 3296413 0 0
11 3480786 0 0
11 3354864 1 0
11 3087232 0 0
11 3126768 0 0
11 3065448 0 0
11 3087230 0 0
11 2374881 0 0
11 1538591 0 0
11 3870613 0 0
11 3079613 2 0
11 3349498 0 0
11 3429098 0 0
11 545081 0 0
11 2531139 2 0
11 2729907 0 0
11 1847521 0 0
11 3552972 0 0
11 3551643 0 0
11 1762068 0 0
11 3134382 2 0
11 3523152 0 0
11 3607930 0 0
11 3606608 0 0
11 3742527 0 0
11 1174954 0 0
11 3429080 0 0
11 3173914 0 0
11 2584072 0 0
11 3354841 1 0
11 3775439 0 0
11 2889839 0 0
11 3637796 0 0
11 3714085 0 0
11 3121056 0 0
11 1635709 0 0
11 3530715 0 0
11 3775438 0 0
11 3648442 0 0
11 2064916 0 0
11 2267484 0 0
11 3263540 0 0
11 3195716 0 0
11 1762052 0 0
11 2762955 0 0
11 3024907 0 0
11 3500072 0 0
11 3093548 0 0
11 3477101 0 0
11 3134364 1 0
11 1526599 0 0
11 2685836 1 0
11 2874337 1 0
11 2874335 0 0
11 3135215 0 0
11 2886311 0 0
11 2909711 0 0
11 2366387 0 0
11 3726922 0 0
11 3835007 0 0
11 2137125 1 0
11 3620536 0 0
11 1187893 0 0
11 3485166 0 0
11 2709018 0 0
11 3124141 0 0
11 3203855 0 0
11 2966747 0 0
11 3700764 0 0
11 3125002 2 0
11 2682382 0 0
11 3605396 0 0
11 3239016 0 0
11 3512873 0 0
11 3847462 0 0
11 3328500 0 0
11 3852816 0 0
11 2770547 0 0
11 3730194 0 0
11 3697855 0 0
11 3671204 0 0
11 3200331 2 0
11 3723420 0 0
11 3177918 0 0
11 3518174 0 0
11 2606384 0 0
11 3146399 0 0
11 2862314 0 0
11 2965873 0 0
11 2978709 0 0
11 2262153 0 0
11 3848782 0 0
11 3420629 0 0
11 3568411 0 0
11 3594745 0 0
11 2329853 0 0
11 3628476 0 0
11 3499780 0 0
11 3194020 0 0
11 3421940 0 0
11 3048518 0 0
11 3792882 0 0
11 544555 0 0
11 3683203 2 0
11 544556 0 0
11 3683208 1 0
11 3692151 0 0
11 1877811 0 1
11 2873448 0 0
11 2823151 0 0
11 2093927 0 0
11 3879025 0 0
11 3643613 0 0
11 3384944 0 0
11 2442424 0 0
11 3384936 0 0
11 3293811 0 0
11 3139205 2 0
11 3420680 1 0
11 2151880 0 0
11 3362860 0 0
11 3683223 1 2
11 2228299 0 0
11 3683226 1 0
11 3567130 1 0
11 3567131 0 0
11 3831939 0 0
11 3521379 0 0
11 3592512 0 0
11 3753254 0 0
11 3546215 0 0
11 2989899 0 0
11 3556012 0 0
11 1779774 0 0
11 3687610 1 0
11 3806983 0 0
11 3174862 0 0
11 3534235 0 0
11 3020154 0 0
11 3485580 0 0
11 3011209 2 0
11 2876922 0 0
11 2894799 0 0
11 3872419 0 0
11 3052193 0 0
11 2814234 0 0
11 3317833 0 0
11 3846151 0 0
11 3087285 0 0
11 3087284 0 0
11 2267898 0 0
11 2235848 0 0
11 3419663 0 0
11 2522257 0 0
11 2714832 0 0
11 3407696 0 0
11 3114377 0 0
11 3267517 2 0
11 2936909 0 0
11 2799007 0 0
11 2799006 0 0
11 3162890 0 0
11 2258197 0 0
11 2777229 0 0
11 2684151 0 0
11 3141569 0 0
11 3005748 1 0
11 3012042 0 0
11 3175340 0 0
11 3109817 0 0
11 1560929 0 0
11 3068081 0 0
11 3302764 1 0
11 3567976 1 0
11 3088907 0 0
11 2821394 0 0
11 481084 0 0
11 3673900 0 0
11 2892128 0 0
11 3635627 0 0
11 3726898 2 1
11 3635626 0 0
11 2799389 0 0
11 3726427 0 0
11 3863538 0 0
11 1693559 0 0
11 3325427 0 0
11 3289203 0 0
11 3562266 0 0
11 3391290 0 0
11 2965918 0 0
11 3733193 0 0
11 3610310 0 0
11 3486995 0 0
11 1764709 0 0
11 3529232 0 0
11 3308081 0 0
11 2775018 0 0
11 2995312 0 0
11 3405513 0 0
11 3608005 0 0
11 3608006 1 0
11 3287034 0 0
11 3475886 0 0
11 3608007 1 0
11 3567952 0 0
11 3577756 0 0
11 2948128 0 0
11 3445185 0 0
11 3746454 0 0
11 3349817 0 0
11 3745121 0 0
11 3417555 0 0
11 3199740 0 0
11 3084516 0 0
11 3880094 0 0
11 3446046 0 0
11 3829217 1 0
11 3445190 0 0
11 2996226 0 0
11 3049746 0 0
11 3623610 1 0
11 2999739 2 0
11 1977052 2 0
11 2783095 0 0
11 2890387 0 0
11 3332154 0 0
11 2714091 0 0
11 3723358 0 0
11 3832836 0 0
11 3751829 0 0
11 3765192 0 0
11 3321023 2 0
11 3759307 0 0
11 2847558 0 0
11 2174926 0 0
11 1887528 0 0
11 3425150 2 0
11 3821706 0 0
11 3819892 0 0
11 2917445 0 0
11 2835562 0 0
11 3668149 0 0
11 2803996 0 0
11 3714415 0 0
11 2664118 0 0
11 3875536 0 0
11 3751809 0 0
11 3668143 0 0
11 3096149 0 0
11 3598234 0 0
11 2386790 0 0
11 3182948 0 0
11 3633057 0 0
11 3088529 0 0
11 3829244 0 0
11 2783066 0 0
11 2740344 0 0
11 3272870 0 0
11 3531931 0 0
11 3834607 0 0
11 3635223 0 0
11 2626778 0 0
11 3829253 0 0
11 3438867 0 0
11 3438868 0 0
11 1865380 0 0
11 3891627 0 0
11 2920196 0 0
11 3446496 0 0
11 2646733 0 0
11 3829227 0 0
11 3667642 0 0
11 3236313 0 0
11 3217677 0 0
11 3880991 1 0
11 3412202 0 0
11 3302711 0 0
11 2773232 0 0
11 1974804 0 0
11 2811976 0 0
11 3548371 0 0
11 2992203 0 0
11 3445170 0 0
11 2628935 0 0
11 3796328 0 0
11 3546195 0 0
11 3375668 0 0
11 3688572 0 0
11 3446431 0 0
11 3502183 0 0
11 3807010 0 0
11 3433121 0 0
11 3583188 0 0
11 2945043 0 0
11 2946376 0 0
11 2121144 0 0
11 3855566 0 0
11 2588834 0 0
11 3830289 1 0
11 3305391 0 0
11 3633486 0 0
11 2565773 0 0
11 3782142 0 0
11 2879966 0 0
11 3566605 0 0
11 3567935 0 0
11 3228720 0 0
11 3853387 0 0
11 3446452 0 0
11 3771475 0 0
11 3749104 0 0
11 2847959 0 0
11 3190550 0 0
11 3175396 2 0
11 3109001 0 0
11 526389 0 0
11 2946394 0 0
11 2762555 0 0
11 2800879 0 0
11 3376541 0 0
11 2553782 0 0
11 3445127 0 0
11 3376546 0 0
11 2892937 0 0
11 3224381 0 0
11 2833301 2 1
11 2958359 0 0
11 2959205 0 0
11 3398320 0 0
11 3543961 0 0
11 3600571 0 0
11 3600570 0 0
11 3843569 0 0
11 3681982 0 0
11 3665033 0 0
11 3262623 1 0
11 2945059 0 0
11 3192719 0 0
12 3068877 1 0
12 3104816 0 0
12 3339374 0 0
12 3023723 0 0
12 3587900 0 0
12 2769281 0 0
12 2852695 0 0
12 3686666 0 0
12 2957992 0 0
12 3778885 0 0
12 3309965 0 0
12 3476166 0 0
12 3512348 0 0
12 3275868 0 0
12 3698894 1 0
12 3850925 0 0
12 3413830 0 0
12 3452190 0 0
12 3257198 0 0
12 3699508 0 0
12 2704528 0 0
12 1065068 0 0
12 3878018 0 0
12 2884039 0 0
12 3284348 0 0
12 3884703 0 0
12 3400761 0 0
12 1215482 0 0
12 3476157 0 0
12 3825975 0 0
12 3246294 0 0
12 3194761 0 0
12 3847506 0 0
12 3893404 0 0
12 3162713 0 0
12 3825978 0 0
12 3162712 1 0
12 3205504 0 0
12 3259121 0 0
12 3137979 0 0
12 3030010 0 0
12 3401822 0 1
12 3635052 0 0
12 3170347 0 0
12 3476189 0 0
12 3820495 0 0
12 3546102 0 0
12 2782233 0 0
12 2935986 0 0
12 3476181 0 0
12 3649454 0 0
12 3766647 0 0
12 1560153 0 0
12 3170353 0 0
12 3584607 0 0
12 2940086 0 0
12 1065093 0 0
12 3878041 0 0
12 2931374 0 0
12 3366727 0 0
12 3104820 0 0
12 3217941 0 0
12 3353896 0 0
12 3405191 0 0
12 3273434 0 0
12 3476172 0 0
12 3784069 0 0
12 2590200 0 0
12 2885381 0 0
12 3030032 0 0
12 3168034 0 0
12 2811943 0 0
12 2794284 0 0
12 3550420 0 0
12 2690073 0 0
12 3476123 0 0
12 2671797 0 0
12 3809273 0 0
12 3115998 0 0
12 3009628 0 0
12 2817003 0 0
12 3242746 0 0
12 3836898 0 0
12 2559826 0 0
12 3833146 0 2
12 3189389 0 0
12 3833145 0 0
12 3401655 0 0
12 3401657 0 0
12 3665536 0 0
12 2807450 0 0
12 3750264 0 0
12 3846210 0 0
12 2671780 0 0
12 3476352 0 0
12 3606961 0 0
12 3869750 0 0
12 2596164 0 0
12 3601006 0 0
12 3846215 0 0
12 3431045 0 0
12 3674472 0 0
12 3846213 0 0
12 3356904 0 0
12 3298778 0 0
12 3528723 0 0
12 3205703 0 0
12 3804813 0 0
12 1891108 0 0
12 3634162 0 0
12 3359167 0 0
12 3358079 0 0
12 2726532 0 0
12 3615880 0 0
12 3452178 0 0
12 3285201 0 0
12 3452179 0 0
12 3845353 0 0
12 3086246 0 0
12 1855056 0 0
12 3349112 0 0
12 2493037 0 0
12 1781570 0 1
12 3558362 2 1
12 3613229 0 0
12 3497040 0 0
12 1523193 0 0
12 2440546 0 0
12 2923795 0 0
12 3502372 0 0
12 3611054 0 0
12 3497058 0 0
12 2690064 0 0
12 3799512 0 0
12 2213312 0 0
12 3424976 0 0
12 3655992 0 0
12 2601834 0 0
12 2566568 0 0
12 3452187 0 0
12 2246210 0 0
12 3452181 0 0
12 3605613 0 0
12 3785359 0 1
12 2789963 0 0
12 2934448 0 0
12 3743518 0 0
12 3785353 0 0
12 3452180 0 0
12 3743519 0 0
12 3537696 0 0
12 3116839 0 0
12 3772290 0 0
12 2921388 0 0
12 3856477 0 0
12 3389478 0 0
12 2884205 0 0
12 3151641 0 0
12 3389475 0 0
12 2998458 0 0
12 3061843 0 0
12 3136015 0 0
12 3162783 0 0
12 3346067 0 0
12 2823043 0 0
12 137234 0 0
12 3372801 0 0
12 3153815 0 0
12 1459933 0 0
12 2771991 0 0
12 3891062 0 0
12 3884540 0 0
12 3377020 0 0
12 3884541 0 0
12 3324269 0 0
12 3490885 0 0
12 3078279 0 0
12 2893176 0 0
12 3162794 0 0
12 3263254 0 0
12 3266527 0 0
12 3600829 0 0
12 2769422 0 0
12 3232519 0 0
12 3049977 0 0
12 3445606 0 0
12 3824216 0 0
12 3038601 0 0
12 3427137 0 0
12 3336247 0 0
12 2731083 0 0
12 2909247 0 0
12 3743391 0 0
12 2174448 0 0
12 3849985 0 0
12 2998669 0 0
12 3883232 0 0
12 2360509 0 0
12 3166934 0 0
12 3384804 0 0
12 3566587 0 0
12 1831736 0 0
12 3166933 0 0
12 2686840 0 0
12 3056001 0 0
12 3766018 0 0
12 2662656 0 0
12 3631521 0 1
12 3722471 0 0
12 2710391 0 0
12 3443431 0 0
12 3555220 0 0
12 2700599 0 0
12 3640223 0 0
12 3743584 0 0
12 3173636 0 0
12 3616596 0 0
12 3613082 0 0
12 3522350 0 0
12 2769402 0 0
12 3139322 0 0
12 3692064 0 0
12 2464577 0 0
12 1871592 0 0
12 3162981 0 0
12 3775175 0 0
12 3173628 0 0
12 3312019 0 0
12 3841619 0 0
12 3892129 0 0
12 3220314 0 0
12 3743330 0 0
12 3277693 0 0
12 3358240 0 0
12 3395708 0 0
12 3381560 0 0
12 3014823 0 0
12 2637257 0 0
12 3730034 0 0
12 3473245 0 0
12 3381568 0 0
12 3030058 0 0
12 3570427 0 0
12 2527608 0 0
12 1299326 0 0
12 3781854 0 0
12 1869027 0 0
12 1475592 0 0
12 3194593 0 0
12 3461291 1 0
12 3522374 0 0
12 3758859 0 0
12 3849315 0 0
12 1892039 0 0
12 3801173 0 0
12 3677931 0 0
12 2873537 0 0
12 3098272 0 0
12 2191197 0 0
12 2590015 0 0
12 2686874 0 0
12 3263269 0 0
12 2686872 0 0
12 3723993 0 0
12 2779417 0 0
12 2531088 0 0
12 3154920 0 0
12 3743592 0 0
12 2805656 0 0
12 3020288 0 0
12 3285055 0 0
12 3684219 0 0
12 2698626 0 0
12 3438049 1 0
12 3566386 0 0
12 3710210 0 0
12 3035529 0 0
12 2276239 0 0
12 3219005 1 1
12 3037947 0 0
12 2686885 1 1
12 2901953 0 0
12 3675506 0 0
12 3356289 0 0
12 3371783 0 0
12 3743597 0 0
12 3765128 0 0
12 2571985 0 0
12 3253153 0 0
12 3274093 0 0
12 3253152 0 0
12 3175218 0 0
12 3116000 0 0
12 3532759 0 0
12 3292520 0 0
12 1635560 0 0
12 1661629 0 0
12 2812796 0 0
12 3440891 0 0
12 3337512 0 0
12 3793111 0 0
12 3425248 0 0
12 2615123 0 0
12 3079083 0 0
12 3747452 0 0
12 3682970 0 0
12 2637292 0 0
12 2994124 0 0
12 3623536 0 0
12 3679564 0 0
12 2172639 0 0
12 2569135 0 0
12 3756167 0 0
12 2823212 0 0
12 3841642 0 0
12 3679567 0 1
12 3139357 0 0
12 3292995 0 0
12 2994121 0 0
12 2426706 0 0
12 2631759 0 0
12 2631758 0 0
12 2984568 0 0
12 3551493 0 0
12 2124550 0 0
12 3451568 0 0
12 3156912 0 0
12 2258295 0 0
12 2740286 0 0
12 2958026 0 0
12 3349957 0 0
12 2740043 0 0
12 3451564 0 0
12 3489902 0 0
12 3841635 0 0
12 3851438 0 0
12 3334225 0 0
12 3470081 0 0
12 3119975 0 0
12 3859158 0 0
12 3701680 0 0
12 3429831 0 0
12 1802070 0 0
12 2448506 0 0
12 2778404 0 0
12 2259155 0 0
12 3016784 0 0
12 3849584 0 0
12 1488854 0 0
12 3853607 0 0
12 3601504 0 0
12 1448186 0 0
12 3847169 0 0
12 3349960 0 0
12 3740609 0 0
12 3487739 0 0
12 3670533 0 0
12 3670532 0 0
12 3367371 0 0
12 2835646 0 0
12 3451745 0 0
12 1867813 0 0
12 3451986 0 0
12 3806685 0 0
12 3209994 0 0
12 3451747 0 0
12 3692345 0 0
12 3062610 0 0
12 3773959 0 0
12 523848 0 0
12 3186799 1 1
12 2823242 0 0
12 2892435 0 0
12 3419614 0 0
12 3039834 0 0
12 2717473 2 1
12 3129354 0 0
12 2603581 0 0
12 2365385 0 0
12 3451756 0 0
12 3451755 0 0
12 1884162 0 0
12 2799065 0 0
12 3046118 0 0
12 3332030 0 0
12 3810931 0 0
12 3622886 0 0
12 3451752 0 0
12 3451994 0 0
12 2527323 0 0
12 2729450 0 0
12 2626691 0 0
12 3141479 0 0
12 3716933 0 1
12 3521892 0 0
12 2740036 0 0
12 3375727 0 0
12 3097575 0 0
12 2866380 0 0
12 3356467 0 0
12 3356469 0 0
12 3650965 0 0
12 3451766 0 0
12 2917557 0 0
12 3829788 0 0
12 3451769 0 0
12 3683414 0 0
12 3451763 0 0
12 3733039 0 0
12 2135487 0 0
12 2803864 0 0
12 3620434 0 0
12 3451760 0 0
12 3291210 0 0
12 2600294 0 0
12 3325981 0 0
12 2170449 0 0
12 2740246 0 0
12 3314859 0 0
12 2995244 0 0
12 3650978 0 0
12 3424182 0 0
12 3700151 0 0
12 3314610 0 0
12 3534503 0 0
12 2423891 0 0
12 3700149 0 0
12 2729475 0 0
12 2206462 1 1
12 3049882 0 0
12 3441739 1 0
12 3003677 0 0
12 3141457 0 0
12 3620440 0 0
12 3108664 0 0
12 3733041 0 0
12 3783738 0 0
12 3223336 0 0
12 3830780 0 1
12 3094648 0 0
12 3506864 0 0
12 3858925 0 0
12 3713292 0 0
12 2504476 0 0
12 2364406 0 0
12 2847818 0 0
12 3152171 0 0
12 3320472 0 0
12 2824701 0 0
12 3152170 0 0
12 3396696 0 0
12 3503359 0 0
12 3520936 0 0
12 2627996 0 0
12 3372003 0 0
12 3021939 0 0
12 3451953 0 0
12 3121680 0 0
12 3426973 0 0
12 3750229 0 0
12 2877225 0 0
12 3108447 0 0
12 2529306 0 0
12 3867624 0 0
12 3869832 0 0
12 3193708 0 0
12 3358606 0 0
12 3481374 0 0
12 3486824 0 0
12 3679720 0 0
12 3846937 0 0
12 2124725 0 0
12 2714179 0 0
12 3222026 1 1
12 3830364 0 0
12 2858734 0 0
12 2128075 0 0
12 3708915 0 0
12 3832757 0 0
12 3816070 0 0
12 2526483 0 0
12 2634631 0 0
12 3054608 0 0
12 3551416 0 0
12 3190470 0 0
12 3600267 0 0
12 2994516 0 0
12 3697146 0 0
12 3249997 0 0
12 3698237 0 0
12 3549337 0 0
12 3280109 0 0
12 3302837 0 0
12 3566915 0 0
12 2774692 0 0
12 3520714 0 0
12 2362491 0 0
12 3156508 0 0
12 2643119 0 0
12 2693816 0 0
12 3121426 0 0
12 3054863 0 0
12 3295844 0 0
12 3431063 0 0
12 3646690 0 0
12 3130360 0 0
12 3094683 0 0
12 3614649 0 0
12 2590844 0 0
12 3294990 0 0
12 3398649 0 0
12 3016313 0 0
12 3098805 0 0
12 1891766 0 0
12 3747023 0 0
12 3504246 0 0
12 3665126 0 0
12 2136754 0 0
12 3652051 0 0
12 2830180 0 0
12 2649908 0 0
12 3087995 0 0
12 2693861 0 0
12 1064854 0 0
12 3821449 0 0
12 2630299 0 0
12 2739427 0 0
12 3132375 0 0
12 3566974 0 0
12 2124538 0 0
12 3137826 0 0
12 2948674 0 0
12 3262995 0 0
12 3262998 2 0
12 3137828 0 0
12 3831259 0 0
12 2671824 0 0
12 3321758 0 0
12 2915525 1 0
12 3698063 0 0
12 3822300 0 0
12 2908801 0 0
12 2900086 0 0
12 2822320 0 0
12 1794465 0 0
12 3072490 0 0
12 3647520 0 0
12 2837809 0 0
12 3451906 0 0
12 1402327 0 0
12 3836942 0 0
12 3665132 0 0
12 2212043 0 0
12 3451909 0 0
12 3447652 0 0
12 3040686 0 0
12 3219939 0 0
12 2855663 0 0
12 2866556 0 0
12 3388646 0 0
12 3583287 0 0
12 3378843 0 0
12 2760497 0 0
12 2846744 0 0
12 3072482 0 0
12 3517330 0 0
12 3656678 0 0
12 3821423 0 0
12 1784683 0 0
12 2866555 0 0
12 3200088 0 0
12 3451915 0 0
12 2793374 0 0
12 3098835 0 0
12 2902496 0 0
12 3445254 0 0
12 3124731 0 0
12 3492681 0 0
12 2693614 0 0
12 3204431 0 0
12 3587874 0 1
12 1891752 0 0
12 3821437 0 0
12 3821438 2 2
12 2601791 0 1
12 3415621 0 0
12 2797748 0 0
12 3656202 0 0
12 2621142 0 0
12 3072477 0 0
12 3728774 0 0
12 2621387 0 0
12 1458346 0 0
12 2698060 0 0
12 2621382 0 0
12 3148995 0 0
12 1160579 0 0
12 3420485 0 0
12 3087271 0 0
12 3123213 0 0
12 3700939 0 0
12 2808612 0 0
12 3452076 0 0
12 1379646 0 0
12 3452078 0 0
12 521073 0 0
12 2685802 0 0
12 3591059 0 0
12 2363714 0 0
12 3236371 0 0
12 3034985 0 0
12 3514400 0 0
12 3444219 0 0
12 3848727 0 0
12 2909783 0 0
12 3444217 0 0
12 3707326 0 0
12 3180497 0 0
12 3444213 0 0
12 2848063 0 0
12 2621126 0 0
12 3044538 0 0
12 3687864 0 0
12 2600202 0 0
12 2688080 0 0
12 3341585 0 0
12 3634094 0 0
12 3491212 0 0
12 1903360 0 0
12 2612655 0 0
12 3162832 0 0
12 3317691 0 0
12 3444228 0 0
12 3500013 0 0
12 1310529 0 0
12 3444223 0 0
12 2737790 0 0
12 3444222 0 0
12 3320418 0 0
12 3718241 0 0
12 3423734 2 0
12 2966560 0 0
12 2064961 0 0
12 3476069 0 0
12 3524474 0 0
12 3808284 0 0
12 3306114 0 0
12 3848948 0 0
12 3054337 0 0
12 3844346 0 0
12 1501043 0 0
12 3162842 0 0
12 3409669 0 0
12 3019363 0 0
12 3079871 0 0
12 3319422 0 0
12 3347090 0 0
12 3146782 0 0
12 2496697 0 0
12 3808275 0 0
12 3880487 0 0
12 3215881 0 0
12 1550234 0 0
12 2974190 0 0
12 3066778 0 0
12 3128702 0 0
12 3845250 0 0
12 2859163 0 0
12 3808066 0 0
12 2737768 0 0
12 3452279 0 0
12 3809394 0 0
12 3214305 0 1
12 3054554 0 0
12 3410249 0 0
12 2438310 0 1
12 2908654 0 0
12 2684510 0 0
12 3391624 0 0
12 3878100 0 0
12 3663475 0 0
12 3812556 0 0
12 2910354 0 0
12 2910596 0 1
12 3476234 0 0
12 3476235 0 0
12 3848519 0 0
12 3115887 0 0
12 3200139 0 0
12 2779392 0 0
12 3111045 0 0
12 3433778 0 0
12 3514212 0 0
12 2854965 0 0
12 3033840 0 0
12 2517059 0 0
12 3339675 0 0
12 3637796 0 0
12 3639733 0 0
12 3722701 0 0
12 2515904 0 0
12 3103420 0 0
12 3121056 0 0
12 3500066 0 0
12 2635124 0 0
12 2396214 0 0
12 3717597 0 0
12 3431395 0 0
12 3452291 0 0
12 3158544 0 0
12 3833480 0 0
12 1852901 0 0
12 2874345 0 0
12 2980670 0 0
12 3452290 0 0
12 3867490 0 0
12 3173927 0 0
12 3833486 0 0
12 2605064 0 0
12 3506847 0 0
12 3123000 0 0
12 2128263 0 0
12 3201680 0 0
12 1563501 0 0
12 2827145 0 0
12 2913645 0 0
12 3421108 0 0
12 3814999 0 0
12 3808075 0 0
12 3654780 0 0
12 3717123 1 0
12 1208897 0 0
12 2840591 0 0
12 3809171 0 0
12 3411541 0 0
12 2124902 0 0
12 2914738 0 0
12 3161722 0 0
12 3150839 0 0
12 3858776 0 0
12 3115869 2 1
12 3542914 0 0
12 2531175 0 0
12 3555598 0 0
12 3555596 0 0
12 1863413 0 0
12 3639158 0 0
12 3325009 0 0
12 3817814 0 0
12 2329635 0 0
12 3420408 0 0
12 3514802 0 0
12 1526725 0 0
12 3476202 0 0
12 3809198 0 0
12 3408995 0 0
12 2609886 0 0
12 2630936 0 0
12 3464463 0 0
12 2851643 1 1
12 3852820 0 0
12 3177924 2 0
12 2746452 0 0
12 3616049 0 0
12 2861698 0 0
12 3047888 0 0
12 3359256 0 0
12 3316528 0 0
12 3050833 0 0
12 3377381 0 0
12 3847464 0 0
12 3623814 0 0
12 3773924 0 0
12 2956951 0 0
12 3141706 0 0
12 2895230 0 0
12 3534409 0 0
12 3860673 0 0
12 3380548 0 0
12 2854927 0 0
12 3837670 0 0
12 3602095 0 0
12 2777174 0 0
12 3073942 0 0
12 3671207 0 0
12 3741079 0 0
12 3177918 0 0
12 3557997 0 0
12 2964785 0 0
12 3172004 0 0
12 3208047 0 0
12 2838886 0 0
12 3313283 0 2
12 3862846 0 0
12 3313282 0 2
12 3208044 0 0
12 3358154 0 0
12 3068572 0 1
12 3476222 0 0
12 3661666 0 0
12 3608636 0 0
12 3476227 0 0
12 3476224 0 0
12 3263580 0 2
12 3381406 0 0
12 3594987 0 0
12 2990829 0 0
12 3881160 0 0
12 2823144 0 0
12 3488651 0 0
12 2813585 0 0
12 1088248 0 0
12 3680183 0 0
12 2840959 0 0
12 3208036 0 0
12 3639129 0 0
12 3721020 0 0
12 2851670 0 0
12 3638276 0 0
12 3663617 0 0
12 3485150 0 0
12 3476210 0 0
12 3684539 0 0
12 3290945 0 0
12 3452022 0 0
12 2115559 0 0
12 3162699 0 0
12 3716914 0 0
12 3463143 0 0
12 2755147 0 0
12 3768556 0 0
12 3394723 0 0
12 3161361 0 0
12 3390128 0 0
12 3638269 0 0
12 2830980 0 0
12 2759956 0 0
12 3880492 0 0
12 2263064 0 0
12 3228391 0 0
12 2768670 0 0
12 1579223 0 0
12 3196872 0 0
12 3362875 0 0
12 3419694 0 0
12 2712620 0 0
12 3755442 0 0
12 1242151 0 0
12 1044288 0 0
12 3892006 0 0
12 3599144 0 0
12 3580349 0 0
12 3025835 0 0
12 3683465 0 0
12 3325438 0 0
12 3451593 0 0
12 3452202 0 0
12 3325437 0 0
12 3582520 0 0
12 3158131 0 0
12 2599150 0 0
12 3451595 0 0
12 3569557 0 0
12 116440 0 0
12 3602056 0 0
12 3376099 0 0
12 3889078 0 0
12 3488881 0 0
12 78999 0 0
12 2188937 0 1
12 3443730 0 2
12 3519064 0 0
12 3848581 0 0
12 3023428 0 0
12 3881129 0 0
12 2195675 0 0
12 3485580 0 0
12 524513 0 0
12 3361769 0 0
12 2581654 0 0
12 3306951 0 0
12 2806853 0 0
12 3105449 0 0
12 3157089 0 0
12 2792846 0 0
12 3323285 0 0
12 3468804 0 0
12 1421412 0 0
12 3526611 0 0
12 3046539 0 0
12 3174874 0 0
12 3047867 0 0
12 2725950 0 0
12 3452224 0 0
12 2997250 0 0
12 2895658 0 0
12 3298238 0 0
12 2713980 0 0
12 1973078 0 0
12 3835275 0 0
12 3093952 0 0
12 3835276 0 1
12 2946700 0 0
12 2781721 0 0
12 3406612 0 0
12 3115275 0 0
12 2694198 0 0
12 2136679 0 0
12 3592937 0 0
12 2195417 0 0
12 3620379 0 0
12 3323223 0 0
12 3860046 0 0
12 3841531 0 0
12 3004652 0 0
12 2823323 0 0
12 3618053 0 0
12 3620373 0 0
12 2752163 0 0
12 2994493 0 0
12 3508527 0 0
12 3489801 0 0
12 1289284 0 0
12 3670629 0 0
12 1876460 0 0
12 3291535 0 0
12 3451675 0 0
12 2854084 0 0
12 3326964 0 0
12 3866810 0 0
12 3025352 0 0
12 2630300 0 0
12 3543540 0 0
12 3168813 0 0
12 2630302 0 0
12 3441877 0 0
12 3482183 0 0
12 3841528 0 0
12 1266390 0 0
12 2780619 0 0
12 2567071 0 0
12 3473237 0 0
12 3606293 0 0
12 3621686 0 0
12 3446091 1 1
12 3437141 0 0
12 3143966 0 0
12 2803941 0 0
12 3511955 0 0
12 2822212 0 0
12 3779394 0 0
12 3130894 0 0
12 3147081 0 0
12 3700470 0 0
12 416457 0 0
12 3075833 0 0
12 3704827 0 0
12 3795873 0 0
12 2779855 0 0
12 3793453 0 0
12 3052714 0 0
12 3475881 0 0
12 3620365 0 0
12 3199794 0 0
12 2631890 0 0
12 3883197 0 0
12 3644793 0 0
12 3681302 0 0
12 3724251 0 0
12 3401154 0 0
12 2687894 1 0
12 2869351 0 0
12 2687896 0 0
12 1198244 0 0
12 3815000 0 0
12 3445186 0 0
12 2857304 0 0
12 1574292 0 0
12 2678982 0 0
12 3224518 0 0
12 3655049 0 0
12 3108533 0 0
12 3107685 0 0
12 3292680 0 0
12 2443117 0 0
12 3611864 0 0
12 3815033 0 0
12 2124484 0 0
12 3255489 2 1
12 3704649 0 0
12 2135134 0 0
12 2579282 0 0
12 3369416 0 0
12 3434068 0 0
12 3716816 0 0
12 3539052 0 0
12 3520688 0 0
12 2845142 0 0
12 2878238 0 0
12 3130468 0 0
12 3533990 0 0
12 2988847 0 0
12 3282639 0 0
12 2750168 0 0
12 1828150 0 0
12 3497849 0 0
12 2904716 0 0
12 3205490 0 0
12 3369402 0 0
12 2710506 0 0
12 2377252 0 0
12 3713559 0 0
12 3371493 0 0
12 3671317 0 0
12 3611600 0 0
12 3231079 0 0
12 2773034 0 0
12 3309372 0 0
12 1269448 0 0
12 3381063 0 0
12 3702689 0 0
12 3853767 0 0
12 2194990 0 0
12 3205483 0 0
12 3072505 0 0
12 2691954 0 0
12 3713560 0 0
12 3309376 0 0
12 3567996 0 0
12 3130440 0 0
12 1933255 0 0
12 3681103 0 0
12 3748409 0 0
12 1475865 0 0
12 2126402 0 0
12 2640162 0 0
12 3815043 0 0
12 3298198 1 0
12 529263 1 0
12 3022913 0 0
12 3548380 0 0
12 3282677 0 0
12 2688112 2 1
12 2729302 0 0
12 2063499 0 0
12 2526386 0 0
12 3562687 0 0
12 2958322 0 0
12 3320356 0 0
12 3353280 0 0
12 3784130 0 0
12 2845513 0 0
12 3714027 0 0
12 2912321 0 0
12 2761047 0 0
12 3765858 0 0
12 2868875 0 0
12 3268139 0 0
12 3143102 0 0
12 2213683 0 0
12 3508924 0 1
12 3622390 0 0
12 3283758 0 0
12 3383262 0 0
12 3688798 0 0
12 3716691 0 0
12 3085484 0 0
12 2687030 0 0
12 3085480 0 0
12 3519829 0 0
12 3461621 0 0
12 2740115 0 0
12 3603620 0 0
12 3221057 0 0
12 1247497 0 0
12 3451828 0 0
12 2481248 0 0
12 3205691 0 0
12 1295586 2 1
12 3086327 2 0
12 3548367 2 1
12 2657633 0 0
12 3654335 0 0
12 3540647 0 0
12 3277062 0 0
12 3277064 0 0
12 3530861 0 0
12 3277079 0 0
12 3635683 0 0
12 2526375 0 0
12 3063217 0 0
12 3322787 0 0
12 3139051 0 0
12 3548372 0 0
12 2248784 0 0
12 3724092 0 1
12 2600143 0 0
12 2194708 0 0
12 2955055 0 0
12 3310568 0 0
12 3724096 0 0
12 3277072 0 0
12 2031898 0 0
12 3832881 0 0
12 2752766 0 0
12 2727321 0 0
12 3809436 0 0
12 3433121 0 0
12 3458412 0 0
12 2944193 0 0
12 3216322 0 0
12 3724261 0 0
12 3542889 0 0
12 3121590 0 0
12 3539461 0 0
12 2753625 0 0
12 2259253 0 0
12 3665498 0 0
12 3526146 0 0
12 3857506 0 0
12 3276800 0 0
12 3284420 0 0
12 2938500 0 0
12 3174297 0 0
12 3656548 0 0
12 3786985 0 0
12 3887575 0 0
12 2740310 0 0
12 3271597 1 0
12 3681721 0 0
12 2924357 0 0
12 3311832 0 0
12 3527238 0 0
12 3225456 0 0
12 3229810 0 0
12 3093015 0 0
12 3507407 0 0
12 3853386 0 0
12 3705333 0 0
12 3853387 0 0
12 3690227 0 0
12 3383075 0 0
12 3428826 0 0
12 2709918 0 0
12 3690228 0 0
12 3145300 0 0
12 3829261 0 0
12 3060137 0 0
12 2882928 0 0
12 3321662 0 0
12 3322750 0 0
12 3134893 0 0
12 3559051 0 0
12 3654137 0 0
12 3724287 0 0
12 374370 0 0
12 3409063 0 0
12 3489389 0 0
12 2797853 0 0
12 3671714 0 0
12 3039577 0 0
12 3671713 0 0
12 2292499 0 0
12 3018401 0 0
12 3200190 0 0
12 3346934 0 0
12 3042977 0 0
12 3667455 0 0
12 3345608 0 1
12 2135511 0 0
12 2600347 0 0
12 3322743 0 0
12 2631053 0 0
12 2839084 0 0
12 3377403 0 0
12 3519641 0 0
12 3030999 0 0
12 3612309 0 0
12 2600343 0 0
12 2837907 0 0
12 529420 0 0
12 3878889 0 0
12 3021804 0 0
12 3610125 0 0
12 3878402 0 0
13 2669679 0 0
13 2777903 2 0
13 3023723 0 0
13 3659289 0 0
13 3637498 0 0
13 3825963 0 0
13 3491320 0 0
13 2671752 0 0
13 3195860 0 0
13 3516705 0 0
13 1174869 0 0
13 2931126 0 0
13 3059928 0 0
13 1847680 0 0
13 2589670 0 0
13 3136415 1 0
13 3436712 0 0
13 3671177 0 0
13 3673355 1 0
13 2945761 0 0
13 2570820 0 0
13 2292794 0 0
13 3116805 0 0
13 3632801 0 0
13 2886218 0 0
13 2920238 1 0
13 3284348 0 0
13 2920237 1 0
13 2989578 0 0
13 3523473 0 0
13 3523472 0 0
13 3342553 0 0
13 3663318 0 0
13 3194761 0 0
13 3870305 0 0
13 3870306 0 0
13 3589077 0 0
13 2362513 1 0
13 3673105 0 0
13 3162710 0 0
13 2886210 0 0
13 3032671 0 0
13 3763166 0 0
13 2018715 0 0
13 2981850 0 0
13 3385054 0 0
13 3389896 0 0
13 3123551 0 0
13 3423852 0 0
13 1534055 0 0
13 3401823 0 0
13 3611084 0 0
13 3224055 0 0
13 3119294 0 0
13 3030048 1 0
13 3276928 0 0
13 2760694 0 0
13 3599919 0 0
13 2565681 0 0
13 1065088 0 0
13 3598820 0 0
13 3406278 0 0
13 3768827 0 0
13 1784813 0 0
13 3856677 0 0
13 2430548 0 0
13 3583516 0 0
13 3878040 0 0
13 3185825 0 0
13 3825950 0 0
13 3606743 0 0
13 2671763 0 0
13 3154040 0 0
13 3821119 0 0
13 3844457 0 0
13 2996089 0 0
13 3237132 0 0
13 3547687 0 0
13 3603484 0 0
13 2668591 0 0
13 3649203 0 0
13 3599920 0 0
13 3616308 1 0
13 1808067 0 0
13 3292175 0 0
13 3742465 0 0
13 3420570 1 0
13 3443275 0 0
13 3616306 0 0
13 2180710 0 0
13 2811701 0 0
13 3338246 0 0
13 2448489 2 2
13 2292748 2 1
13 2852650 0 0
13 3237147 1 0
13 2957798 0 0
13 3089779 0 0
13 3846224 1 0
13 2989381 1 0
13 3547010 0 0
13 3846223 0 0
13 3112487 0 0
13 3431051 1 0
13 3237144 2 0
13 3237145 0 0
13 3267802 0 0
13 3813776 0 0
13 3466567 0 0
13 3469836 0 0
13 2559824 0 0
13 2924860 0 0
13 3683195 0 0
13 2726503 0 0
13 3423663 0 0
13 3482817 0 0
13 3499256 0 0
13 3528961 0 0
13 3237157 1 1
13 3846215 1 0
13 3674472 0 0
13 2989371 0 0
13 3201108 0 0
13 3649660 1 0
13 2872013 0 0
13 3822027 0 0
13 3229776 0 0
13 3358072 0 0
13 2910481 0 0
13 3101122 0 0
13 3420388 0 0
13 3615880 0 0
13 2865500 0 0
13 2639600 0 0
13 3552828 0 0
13 3237160 0 0
13 1950484 0 0
13 3468768 0 0
13 3706378 0 0
13 3813794 0 0
13 3706379 0 0
13 2726539 0 0
13 3611049 0 0
13 3679719 0 0
13 2890917 1 0
13 3123363 0 1
13 3172973 0 0
13 3664222 0 0
13 1475183 0 0
13 2072890 0 0
13 3846677 0 0
13 3009659 0 0
13 1468414 0 0
13 3237173 0 0
13 1550555 1 0
13 3570489 0 0
13 3573515 0 0
13 3534187 0 0
13 3203744 1 0
13 3052480 0 0
13 3263678 0 0
13 2607134 0 0
13 2949935 0 0
13 3657933 0 0
13 3337389 0 0
13 3707215 0 0
13 3389475 0 0
13 3582855 0 0
13 3082783 0 0
13 3253678 0 0
13 2769444 0 0
13 3509574 0 0
13 3420529 0 0
13 3082786 0 0
13 3141838 0 0
13 3788295 0 0
13 3884536 0 0
13 3569403 0 0
13 3377018 0 0
13 3566136 0 0
13 3019060 0 0
13 2222604 0 0
13 2572607 0 0
13 3199818 0 0
13 3402099 0 0
13 1581466 2 0
13 1976692 0 0
13 3415161 0 0
13 2700575 0 0
13 2980919 0 0
13 3616167 0 0
13 3506074 1 0
13 3788287 0 0
13 3846253 1 0
13 3512996 0 0
13 3127308 0 0
13 3166907 0 0
13 3221851 0 0
13 2998445 0 0
13 3199806 0 0
13 3221617 1 0
13 1568499 0 0
13 3123183 0 0
13 2778145 0 0
13 3725976 0 0
13 3725977 1 0
13 3788277 0 0
13 3420505 1 0
13 3545892 0 0
13 3409948 0 0
13 3475012 0 0
13 3409949 0 0
13 3407763 0 0
13 3003986 0 0
13 3274115 0 0
13 3304219 1 0
13 3152709 0 0
13 3441487 0 0
13 2822172 0 0
13 3628594 0 0
13 3593770 0 0
13 2211975 0 0
13 3124253 0 0
13 3420730 0 0
13 3767585 0 0
13 1570357 2 0
13 3616142 1 0
13 2781770 0 0
13 2136362 1 0
13 2894004 0 0
13 2714513 0 0
13 2848317 0 0
13 3409950 0 0
13 3116874 0 0
13 3263231 0 0
13 3409954 1 0
13 3523895 0 0
13 3522322 1 0
13 2682483 1 0
13 2662652 0 0
13 2994061 1 0
13 2536546 0 0
13 2921514 0 0
13 3170124 0 0
13 1968636 0 0
13 3860127 0 0
13 3881220 0 0
13 3213733 0 0
13 2440366 2 0
13 3611902 0 0
13 1373619 0 0
13 2579679 0 0
13 2702949 0 0
13 3465871 0 0
13 3339734 0 0
13 2536542 0 0
13 2148104 0 0
13 3334053 0 0
13 3339740 1 0
13 3660487 0 0
13 2732103 0 0
13 3253469 0 0
13 2430563 0 0
13 2672230 2 1
13 2998008 0 0
13 3014824 1 0
13 3420559 1 0
13 3582641 0 0
13 3104448 0 0
13 2504701 0 0
13 2526519 0 0
13 3008149 0 0
13 3030050 0 0
13 3336235 0 0
13 3194593 0 0
13 2576182 0 0
13 3495023 0 0
13 3199800 0 0
13 3478967 0 0
13 1242255 0 0
13 1534013 0 0
13 3029092 0 0
13 2642856 0 0
13 2607529 0 0
13 2525631 0 0
13 2919698 0 0
13 3649490 1 0
13 2533017 0 0
13 3501439 0 0
13 3681196 0 0
13 509285 1 0
13 3720244 0 0
13 2212861 0 0
13 2448098 0 0
13 2788473 0 0
13 3516935 0 0
13 3056206 0 0
13 2254469 0 0
13 2687739 2 0
13 3263037 0 0
13 1764182 0 0
13 3034675 0 0
13 3852952 0 0
13 3169169 0 0
13 3183691 0 0
13 2686690 0 0
13 3824074 0 0
13 3704738 0 0
13 3770004 0 0
13 3446191 1 0
13 3558906 0 0
13 2132196 1 0
13 1524948 0 0
13 3532759 0 0
13 3786834 0 0
13 2409596 0 0
13 2923170 0 0
13 3293852 0 0
13 2725902 2 0
13 2212072 0 0
13 1661627 0 0
13 2941601 0 0
13 3281856 0 0
13 1566581 0 0
13 3575001 0 0
13 3793595 0 0
13 3853861 0 0
13 1891733 0 0
13 3405417 0 0
13 2984321 0 0
13 2248281 0 0
13 2526430 1 0
13 3322004 1 1
13 3780280 0 0
13 2651598 0 0
13 2022654 0 0
13 3221335 0 0
13 3841641 0 0
13 3120749 0 0
13 2135693 1 0
13 2900040 1 0
13 60006 0 0
13 3841645 0 0
13 60005 0 0
13 3859168 0 0
13 1533412 0 0
13 3110958 0 0
13 2900046 0 0
13 151271 0 0
13 2813625 1 0
13 2479206 2 0
13 2813626 0 0
13 3196175 0 0
13 3703866 1 0
13 3771790 0 0
13 3212706 1 0
13 3883066 0 0
13 3345112 0 0
13 3347531 0 0
13 3810928 0 0
13 2194669 0 0
13 3373992 0 0
13 3369560 1 0
13 3883065 0 0
13 3417854 1 0
13 2900039 0 0
13 2984311 0 0
13 3357588 0 0
13 2900034 1 0
13 1626406 0 0
13 3556952 0 0
13 3151459 0 0
13 2954928 0 0
13 2672298 0 0
13 1852376 0 0
13 2710438 0 0
13 3048598 0 0
13 2728190 0 0
13 3137158 0 0
13 3740602 0 0
13 2850862 1 0
13 2596305 0 0
13 2868141 0 0
13 3740601 0 0
13 3374612 0 0
13 3748513 0 0
13 1867813 0 0
13 3826052 0 0
13 3049879 0 0
13 2136359 1 0
13 2740020 0 0
13 554110 0 0
13 2952778 0 0
13 2875098 0 0
13 3085971 0 0
13 3344249 0 0
13 1262722 0 0
13 3756134 0 0
13 3248601 0 0
13 3840367 0 0
13 2966709 0 0
13 3097567 0 0
13 3161491 1 1
13 2294139 1 0
13 3852349 0 0
13 2929516 0 0
13 3501810 0 0
13 3129350 1 0
13 3513804 0 0
13 3722137 0 0
13 3691004 0 0
13 2799065 0 0
13 2878599 0 0
13 3622886 0 0
13 3271627 0 0
13 3794646 0 0
13 2976514 1 0
13 3438306 0 0
13 2866387 0 0
13 2490691 0 0
13 2994166 1 0
13 1626422 0 0
13 3874543 0 0
13 2879231 0 0
13 2585851 0 0
13 2938497 1 0
13 3531006 1 0
13 3724328 0 0
13 2516439 0 0
13 3309260 0 0
13 3809735 0 0
13 3790038 1 0
13 2711951 0 0
13 3663807 0 0
13 3081355 0 0
13 3713674 0 0
13 2718107 0 0
13 3844940 0 0
13 3230094 0 0
13 1568980 0 0
13 3255391 1 0
13 3397529 0 0
13 3446186 0 0
13 3235554 0 0
13 2040049 0 0
13 3678057 2 0
13 3321138 0 0
13 3323315 0 0
13 3325976 0 0
13 1240921 0 0
13 2740259 2 0
13 3635928 0 0
13 3249944 1 0
13 3108660 0 0
13 2507716 1 0
13 2846331 0 0
13 3759893 0 0
13 2409368 0 0
13 3668267 0 0
13 3533892 1 0
13 2774485 1 0
13 1182400 0 0
13 3877441 0 0
13 2136715 0 0
13 3210948 0 0
13 3560387 0 0
13 3549351 0 0
13 3437646 0 0
13 3110300 0 0
13 3723091 0 0
13 3649512 0 0
13 3785345 0 0
13 3219992 0 0
13 3269348 0 0
13 3269347 0 0
13 3413677 0 0
13 3657940 0 0
13 3113812 0 0
13 2833655 0 0
13 2424117 0 0
13 2729899 0 0
13 3851282 0 0
13 3284743 0 0
13 2605738 0 0
13 2063368 0 0
13 3329068 1 0
13 2528217 0 0
13 3389924 1 0
13 2634625 0 0
13 3816035 0 0
13 3679720 0 0
13 2629922 0 0
13 2923106 0 0
13 3818695 0 0
13 2806253 0 0
13 3403846 0 0
13 3526251 0 0
13 3853454 0 0
13 3615963 0 0
13 2853042 0 0
13 3469250 0 0
13 3427812 0 0
13 2844527 0 0
13 3352293 0 0
13 2589611 0 1
13 3426729 0 0
13 3236436 0 0
13 3530999 2 0
13 3411470 0 0
13 3335718 0 0
13 3296944 0 0
13 3374442 0 0
13 3697146 0 0
13 3889686 0 0
13 2249747 0 0
13 3109325 0 0
13 3542940 0 0
13 2721966 0 0
13 3827177 0 0
13 3402520 0 0
13 2364677 0 0
13 3170633 0 0
13 3517307 1 0
13 2132324 0 0
13 2994506 0 0
13 2721959 0 0
13 3437434 0 0
13 3439613 1 0
13 3581290 0 0
13 3052447 0 0
13 3889693 0 0
13 3314802 0 0
13 2797943 0 0
13 3614649 0 0
13 1676021 0 0
13 3098805 1 0
13 3810546 0 0
13 1282576 0 0
13 3155242 0 0
13 3600204 0 0
13 2082015 0 0
13 2330035 0 0
13 3686063 0 0
13 3789902 0 0
13 3506433 0 0
13 2693635 0 0
13 3813804 0 0
13 2879843 0 0
13 2783138 0 0
13 3587898 0 0
13 3884183 0 0
13 3335709 0 0
13 2803812 0 0
13 3356869 0 0
13 3539576 0 0
13 3294336 2 0
13 3447652 0 0
13 1567812 0 0
13 2364461 0 0
13 3015244 0 0
13 3551692 1 0
13 3728529 0 0
13 3728528 0 0
13 1847827 0 0
13 2784214 0 0
13 1533849 0 0
13 3784675 1 0
13 3397366 0 0
13 3678466 0 0
13 3614839 1 0
13 1824744 2 0
13 3200088 0 0
13 2926427 1 0
13 2890879 0 0
13 2900079 0 0
13 3658858 0 0
13 3707861 0 0
13 3206865 0 0
13 3728538 1 0
13 3366881 0 0
13 3620048 0 0
13 3624649 1 0
13 3236489 1 0
13 3492684 0 0
13 2824951 0 0
13 3236007 0 0
13 3713288 0 0
13 3118052 0 0
13 3109353 0 0
13 3600211 0 0
13 3271214 0 0
13 3005218 1 0
13 3394087 0 0
13 3349088 1 0
13 3615935 0 0
13 3468355 0 0
13 3873078 0 1
13 3094007 0 0
13 2888571 0 0
13 3019349 2 0
13 3400874 0 0
13 3400875 0 0
13 2074787 0 0
13 2627913 0 0
13 3400873 0 0
13 3755406 0 0
13 3755407 0 0
13 2958964 0 0
13 1379646 0 0
13 3775019 0 0
13 3327269 0 0
13 1310530 0 0
13 3307667 0 0
13 3299954 0 0
13 3350051 1 0
13 2900731 0 0
13 3810585 1 0
13 2816234 0 0
13 3810584 0 0
13 2740505 0 0
13 3533161 1 0
13 3768967 0 0
13 3561649 0 0
13 3045869 0 0
13 3391840 0 0
13 2946729 0 0
13 3386016 0 0
13 3400883 0 0
13 3637124 0 0
13 3477367 0 0
13 3327019 0 0
13 3133010 1 0
13 3710512 0 0
13 3350041 0 0
13 3010544 0 0
13 3673465 0 0
13 3711848 0 0
13 2733191 0 0
13 3227439 0 0
13 2878958 0 0
13 2131888 0 0
13 3214566 0 0
13 1931600 0 0
13 3186809 0 0
13 3630965 0 0
13 3751060 0 0
13 2292691 0 0
13 2957859 0 0
13 3108077 0 0
13 3399346 0 0
13 3019363 0 0
13 3201014 0 0
13 3595673 0 0
13 3631811 0 0
13 2945666 1 0
13 3745864 0 0
13 138866 0 0
13 3425902 0 0
13 3580360 0 0
13 3251785 0 0
13 3215888 0 0
13 3214314 0 0
13 2515091 1 0
13 3236161 0 0
13 3201008 0 0
13 3376473 0 0
13 3296413 0 0
13 2678273 0 0
13 3201002 0 0
13 3201001 0 0
13 3201007 0 0
13 3630952 0 0
13 3391855 0 0
13 2988177 0 0
13 3390787 0 0
13 2965053 0 0
13 2988179 0 0
13 3800345 2 0
13 3848523 0 0
13 3560342 0 0
13 1540438 1 0
13 2842560 0 0
13 2517066 0 0
13 3649315 1 0
13 3296000 0 0
13 3034940 0 0
13 3259057 0 0
13 3859893 0 0
13 3542928 0 0
13 3146130 0 0
13 2808664 0 0
13 3551643 0 0
13 2700491 0 0
13 3776556 0 0
13 3066782 0 0
13 3569397 0 0
13 550651 0 0
13 3626688 0 0
13 3200139 0 0
13 3193748 0 0
13 3033844 1 0
13 3808060 0 0
13 3859883 0 0
13 3265997 0 0
13 3392728 0 0
13 3856132 0 0
13 3591023 0 0
13 2807541 0 0
13 3417093 0 0
13 2584089 0 0
13 3775673 0 0
13 387284 0 0
13 3183738 0 0
13 2396214 0 0
13 1540418 0 0
13 2001147 0 0
13 2933487 1 0
13 2958503 1 0
13 3417098 0 0
13 3005163 0 0
13 3276609 0 0
13 1764476 0 0
13 3821268 0 0
13 2360023 0 0
13 3093783 0 0
13 3833481 0 0
13 3168343 1 0
13 2908875 2 0
13 3878358 0 0
13 3200124 0 0
13 3506847 0 0
13 3168351 0 0
13 3614440 1 0
13 3201680 0 0
13 2099435 0 0
13 2887887 0 0
13 2365965 0 0
13 2772988 0 0
13 3022741 0 0
13 2581824 0 0
13 3649520 0 0
13 2732089 1 0
13 1845139 0 0
13 3637548 0 0
13 3210149 0 0
13 3441580 0 0
13 3555596 0 0
13 3783719 1 0
13 3139880 0 0
13 3509693 0 0
13 1524788 0 0
13 2919996 0 0
13 3502827 0 0
13 2767149 1 0
13 3754397 0 0
13 3435900 0 0
13 3546403 0 0
13 3628494 0 0
13 3118944 0 0
13 2629011 0 0
13 3519253 0 0
13 3813692 0 0
13 2700453 0 0
13 2967840 0 0
13 2916011 0 0
13 1770906 1 0
13 2515918 0 0
13 1570450 2 0
13 2546434 0 0
13 2769310 1 0
13 3163525 0 0
13 3523515 0 0
13 3589596 1 0
13 1065116 1 0
13 1750967 0 0
13 2769317 2 0
13 3856172 0 0
13 3442445 0 0
13 3783718 0 0
13 3298213 0 0
13 3299543 0 0
13 3748703 0 0
13 1976319 0 0
13 2553187 0 0
13 3198636 0 0
13 3229467 0 0
13 3128727 0 0
13 3793506 0 0
13 3398098 0 0
13 3202504 0 0
13 3484297 0 0
13 2664725 0 0
13 2757313 0 0
13 1088248 0 0
13 3005807 1 0
13 3108905 0 0
13 3659111 0 0
13 3719186 0 0
13 1523205 0 0
13 2765173 0 0
13 3177940 1 0
13 2765179 0 0
13 2546415 0 0
13 3541185 0 0
13 2791726 0 0
13 3544212 0 0
13 122056 0 0
13 2823154 0 0
13 1308833 0 0
13 2683450 0 0
13 3486006 0 0
13 2637368 2 0
13 3047852 1 0
13 3327627 0 0
13 3523561 0 0
13 3778569 0 0
13 3881583 0 0
13 2206034 0 0
13 3065044 0 0
13 2212717 0 0
13 2791736 0 0
13 3895757 0 0
13 3503952 0 0
13 3476879 0 0
13 391370 0 0
13 2640782 2 1
13 2721570 0 0
13 2721572 0 0
13 3683465 0 0
13 3277335 1 0
13 3420434 1 0
13 3409659 1 0
13 3484040 0 0
13 3608863 0 0
13 3734515 0 0
13 2771838 0 0
13 3628469 0 0
13 194587 0 0
13 3099234 2 0
13 3059617 0 0
13 3356189 0 0
13 3502875 1 0
13 1469806 0 0
13 2717088 0 0
13 3306928 0 0
13 3350400 0 0
13 3560963 0 0
13 3687613 0 0
13 3485580 0 0
13 3522012 0 0
13 2639567 1 0
13 2740087 1 0
13 2890191 0 0
13 3881123 0 0
13 2615273 0 0
13 3612090 0 0
13 2740083 0 0
13 3079678 0 0
13 1420325 0 0
13 3327640 0 0
13 3713835 0 0
13 3539920 0 0
13 3626251 1 0
13 3626250 0 0
13 3316992 0 0
13 3370327 2 0
13 137330 1 0
13 2732490 2 0
13 3826561 0 0
13 3701632 0 0
13 2725950 0 0
13 3604240 0 0
13 3831915 0 0
13 3860455 0 0
13 2975005 0 0
13 3195797 0 0
13 3498669 1 2
13 2740094 0 0
13 3591685 0 0
13 3098168 0 0
13 3299329 0 0
13 2791767 0 0
13 3337669 1 0
13 2847143 0 0
13 2799007 0 0
13 1326200 0 0
13 2876916 0 0
13 3223733 0 0
13 3793484 0 0
13 3398906 0 0
13 2322960 0 0
13 2265727 0 0
13 1283982 0 0
13 3863558 1 0
13 3205072 0 0
13 2740180 0 0
13 2939643 0 0
13 2824666 1 0
13 3439785 0 0
13 3271701 0 0
13 3841539 0 0
13 3131766 0 0
13 2627235 1 0
13 3034067 0 0
13 3635636 0 0
13 2687670 0 0
13 3015552 0 0
13 1621058 0 0
13 3299262 2 0
13 2776368 1 0
13 2798054 0 0
13 3793475 1 0
13 3417984 0 0
13 3713342 0 0
13 3179700 0 0
13 3587574 0 0
13 3624744 0 0
13 3712258 0 0
13 1784590 0 0
13 1831555 0 0
13 2503658 0 0
13 3482183 0 0
13 2595319 0 0
13 2821392 0 0
13 3350846 0 0
13 3312322 0 0
13 3403351 0 0
13 3208579 0 0
13 3793463 2 0
13 3038440 0 0
13 2780610 0 0
13 3381498 0 0
13 3621206 0 0
13 3265241 0 0
13 3095480 0 0
13 3590541 1 0
13 3541572 1 0
13 2516510 0 0
13 3460161 0 0
13 3733192 0 0
13 3161192 0 0
13 3665066 0 0
13 3836397 0 0
13 2627453 0 0
13 3785603 0 0
13 2779614 0 0
13 3395408 0 0
13 3873153 0 0
13 2779618 0 0
13 3551388 0 0
13 3658542 0 0
13 3667015 1 0
13 2642789 0 0
13 3414211 0 0
13 2045657 0 0
13 2151863 0 0
13 2803952 0 0
13 2893431 0 0
13 3760313 0 0
13 3220146 0 0
13 3781234 0 0
13 2732560 0 0
13 2893430 0 0
13 3709276 0 0
13 2892588 0 0
13 3564208 0 0
13 3039762 0 0
13 3509409 0 0
13 2730579 0 0
13 3210625 0 0
13 3806322 0 0
13 3405327 0 0
13 3564028 0 0
13 3015509 0 0
13 3568870 0 0
13 3385638 0 0
13 3841333 0 0
13 3517278 1 0
13 3562083 0 0
13 3781223 0 0
13 2709971 2 0
13 3598208 0 0
13 1090616 0 0
13 3426263 0 0
13 3224752 0 0
13 3705744 0 0
13 3283956 0 0
13 3634748 0 0
13 2642792 0 0
13 3446046 0 0
13 3746445 1 0
13 3420714 0 0
13 3061896 0 0
13 3713301 0 0
13 3805462 1 0
13 3438426 1 0
13 3716816 0 0
13 3404480 0 1
13 2783096 0 0
13 3543585 0 0
13 3633408 0 0
13 2493601 0 0
13 2894503 1 0
13 3613816 0 0
13 3613817 1 0
13 3806319 0 0
13 3766042 0 0
13 3277022 0 0
13 3493000 0 0
13 3555776 0 0
13 2881439 0 0
13 2763000 0 0
13 2749177 0 0
13 3715977 0 0
13 2763003 0 0
13 2929418 0 0
13 3618236 0 0
13 3670468 0 0
13 3160064 0 0
13 2687444 0 0
13 3728800 0 0
13 2838847 0 0
13 3509446 0 0
13 3743196 1 0
13 3383489 0 0
13 3883398 0 0
13 3883399 1 0
13 2847549 0 0
13 3265052 1 0
13 2823596 0 0
13 1637454 0 0
13 3373200 1 0
13 3759770 0 0
13 3819889 0 0
13 2929428 0 0
13 3838387 0 0
13 3298198 0 0
13 3040584 0 0
13 3690644 0 0
13 3855535 1 0
13 3040586 0 0
13 3234598 0 0
13 3447327 0 0
13 2857501 0 0
13 3040588 0 0
13 3174084 0 0
13 3411373 0 0
13 3040583 0 0
13 3040582 0 0
13 3189108 0 0
13 2600153 2 0
13 3026049 0 0
13 3784133 0 0
13 3817018 0 0
13 2653019 0 0
13 2857748 1 0
13 3403981 0 0
13 2627630 2 0
13 3703363 0 0
13 3808778 0 0
13 3420077 0 0
13 3085480 0 0
13 2040141 0 0
13 3539657 0 0
13 3294406 0 0
13 2820225 0 0
13 2600163 1 0
13 3273734 0 0
13 3703350 0 0
13 2740112 0 0
13 3027127 0 0
13 3337804 0 0
13 3106388 1 0
13 3333201 1 0
13 3419090 0 0
13 3726014 0 0
13 1475844 0 0
13 3891626 0 0
13 3597567 0 0
13 3447574 0 0
13 3279485 1 0
13 3546180 0 0
13 3016497 2 0
13 3583126 0 0
13 3401784 0 0
13 3279489 0 0
13 1847506 0 0
13 3816191 0 0
13 3546188 0 0
13 3722907 0 0
13 3103902 0 0
13 1800858 0 0
13 3823924 0 0
13 3623463 0 0
13 3787625 0 0
13 2816178 0 0
13 3249875 1 0
13 3753880 0 0
13 2907869 0 0
13 2719751 0 0
13 3599992 0 0
13 3277062 0 0
13 3446016 0 0
13 1586011 0 0
13 3446014 0 0
13 3546191 0 0
13 3424659 0 0
13 3424656 0 0
13 3472538 0 0
13 3526126 0 0
13 3324965 1 0
13 3562676 0 0
13 2658713 0 0
13 3030553 0 0
13 3724097 0 0
13 2548392 0 0
13 3133999 0 0
13 3095898 0 0
13 3506778 0 0
13 3551352 0 0
13 3060390 0 0
13 3284655 1 0
13 2912126 0 0
13 2800890 0 0
13 2656321 0 0
13 1262688 0 0
13 2882903 0 0
13 3476083 0 0
13 3296406 0 0
13 3844449 0 0
13 2440926 0 0
13 1810248 0 0
13 2050386 0 0
13 3542889 0 0
13 3613646 0 0
13 2891628 0 0
13 3120277 0 0
13 2727311 0 0
13 3860910 0 0
13 2689490 0 0
13 2996624 0 0
13 2442093 0 0
13 3366307 0 0
13 2847963 0 0
13 3275948 1 0
13 2801516 0 0
13 2718855 1 0
13 420058 0 0
13 3542898 1 0
13 2867996 0 0
13 3328262 0 0
13 3703395 0 0
13 3706423 0 0
13 3853386 0 0
13 2667478 0 0
13 3610351 0 0
13 3121336 0 0
13 3324931 0 0
13 2882928 0 0
13 2848801 0 0
13 526389 0 0
13 3054930 0 0
13 2946394 0 0
13 3575307 0 0
13 2363499 0 0
13 3135503 0 0
13 2915662 0 0
13 2702055 0 0
13 3385265 0 0
13 3690456 0 0
13 1181621 0 0
13 3751651 0 0
13 1469588 0 0
13 2726480 0 0
13 2959207 0 0
13 3129061 1 0
13 3717527 0 0
13 3328286 0 0
13 3191867 0 0
13 3208918 0 0
14 2504072 0 0
14 1413523 0 0
14 2553481 0 0
14 2887799 0 0
14 2827498 0 0
14 3784095 0 0
14 3733977 1 0
14 2138177 0 1
14 3627444 0 0
14 3296325 0 0
14 3411417 0 0
14 1479364 0 0
14 2453621 0 0
14 1950479 0 0
14 3022645 0 0
14 2913942 0 0
14 2565695 0 0
14 3065372 0 0
14 3329100 0 0
14 3184718 0 0
14 3884700 0 0
14 3389406 0 0
14 3512590 0 0
14 29033 0 0
14 3844236 0 0
14 3847746 2 0
14 3136881 0 0
14 3056429 0 0
14 3742204 0 0
14 3319993 0 0
14 3594693 0 0
14 2614955 0 0
14 3444344 0 0
14 3653518 0 0
14 3057752 0 0
14 3780709 0 0
14 3617865 0 0
14 3145342 0 0
14 2920006 0 0
14 3317129 0 0
14 3362130 0 0
14 3432327 0 0
14 3879360 0 0
14 3163808 0 0
14 2874264 0 0
14 3043590 0 0
14 3844223 0 0
14 2671772 0 0
14 2139003 0 0
14 2738311 0 0
14 3846645 0 0
14 1310632 0 0
14 3075152 0 0
14 3328495 0 0
14 3131189 0 0
14 3433469 0 0
14 3548768 0 0
14 3573966 0 0
14 3650253 0 0
14 3262772 2 1
14 3847738 0 0
14 2943121 0 0
14 3573962 0 0
14 3762046 0 0
14 3389891 0 0
14 3113998 0 0
14 3180395 0 0
14 3420581 1 0
14 3388336 0 0
14 3725902 0 0
14 3023754 0 0
14 3252510 0 0
14 3321610 0 0
14 3459613 2 0
14 3409554 0 0
14 3512371 0 0
14 3137953 0 0
14 2188431 0 1
14 2885382 0 0
14 3057971 0 0
14 3045956 0 0
14 3820071 0 0
14 2827054 0 0
14 2690073 0 0
14 2859048 0 0
14 3284374 0 0
14 3401649 0 0
14 3523041 0 0
14 2784871 0 0
14 3353641 1 0
14 3350132 0 0
14 3262351 0 0
14 3653540 0 0
14 3778840 0 0
14 3570039 0 0
14 2442949 0 0
14 3573541 0 0
14 3350137 0 0
14 3616759 0 0
14 3742894 0 0
14 3100244 0 0
14 2190725 0 0
14 3457612 0 0
14 3238485 0 0
14 3785378 0 0
14 2360135 0 0
14 2712594 0 0
14 3848639 0 0
14 3443698 0 0
14 3116858 0 0
14 3891423 0 0
14 3342722 0 0
14 3586837 0 0
14 2995800 0 0
14 3558368 0 0
14 3878476 0 0
14 3772287 0 0
14 3878473 0 0
14 3878474 0 0
14 3784272 0 0
14 3732865 0 0
14 3307521 0 0
14 3751147 0 0
14 3844265 0 0
14 3470839 0 0
14 3623262 0 0
14 3262332 0 0
14 3441289 0 0
14 3274552 0 0
14 3614316 0 0
14 3447831 0 0
14 3065315 0 0
14 3276981 0 0
14 3229796 0 0
14 3561305 0 0
14 3626309 2 0
14 3476135 0 0
14 3307996 0 0
14 3552839 0 0
14 3601265 0 0
14 3378575 0 0
14 3649887 0 0
14 2186454 0 0
14 3249149 0 0
14 2816384 0 0
14 3035920 0 0
14 2954282 0 0
14 3262349 0 0
14 1232864 0 0
14 3884537 0 0
14 3743381 0 0
14 3767354 0 0
14 3645950 0 0
14 3196316 0 0
14 2107839 0 0
14 2805626 0 0
14 3712881 0 0
14 3788294 0 0
14 3354931 0 0
14 3737703 0 0
14 3591577 0 0
14 3441227 1 0
14 3874978 0 0
14 3603077 0 0
14 2140669 0 0
14 2905902 0 0
14 1626451 0 0
14 3836456 0 0
14 3874974 0 0
14 3874977 0 0
14 2796026 0 0
14 3651723 0 0
14 3150309 0 0
14 2722583 0 0
14 3231895 0 0
14 3499455 0 0
14 3531012 0 0
14 3682695 0 0
14 3231891 0 0
14 3692499 0 0
14 3080591 0 0
14 3231896 0 0
14 3608307 0 0
14 3757779 0 0
14 3341862 0 0
14 2135296 0 0
14 2138321 0 0
14 1471802 0 0
14 3680032 0 0
14 3296152 0 0
14 3317526 0 0
14 3497003 0 0
14 3440391 0 0
14 3555212 0 0
14 3703905 0 0
14 3150773 0 0
14 3199849 0 0
14 3107941 0 0
14 3415156 0 0
14 3419512 0 0
14 3361201 0 0
14 3161474 0 0
14 3033159 0 0
14 3219299 0 0
14 3033156 0 0
14 3781647 0 0
14 3781648 0 0
14 3033158 0 0
14 1065005 0 0
14 1712352 0 0
14 3033152 0 0
14 3467630 0 0
14 3055144 0 0
14 3846470 0 0
14 3883233 0 0
14 2133099 0 0
14 3886983 0 0
14 2199969 0 0
14 2846139 0 0
14 3407531 0 0
14 2769416 0 0
14 3724890 0 0
14 3836684 0 0
14 3660477 0 0
14 3583747 0 0
14 2118530 0 0
14 3640228 0 0
14 2769409 0 0
14 3305964 0 0
14 3591537 0 0
14 3842947 0 0
14 3533001 0 0
14 3781627 0 0
14 3781628 2 0
14 3181024 0 0
14 3781621 0 0
14 3391369 0 0
14 2887903 0 0
14 2186629 0 0
14 2687750 0 0
14 3616125 0 0
14 3781608 0 0
14 3781609 1 0
14 2923704 0 0
14 3253464 0 0
14 2697310 0 0
14 2808948 0 0
14 3788242 0 0
14 3489857 0 0
14 3891025 0 0
14 3083818 0 0
14 3140786 2 0
14 3411842 0 0
14 3033321 0 0
14 3781611 0 0
14 2637260 0 0
14 3420541 0 0
14 1863515 0 0
14 3025968 0 0
14 3768620 0 0
14 3695351 0 0
14 3162764 0 0
14 2138355 0 1
14 3570416 0 0
14 3162761 0 0
14 3036864 0 0
14 3395983 0 0
14 3269802 0 0
14 3534111 0 0
14 3664622 0 0
14 3684458 0 0
14 3639682 0 0
14 3488504 0 0
14 2893117 0 0
14 2928176 0 0
14 3362716 0 0
14 3161445 0 0
14 3389063 0 0
14 3128894 0 0
14 2187705 1 2
14 3506224 0 0
14 2831078 0 0
14 3507793 0 0
14 3872395 0 0
14 3317901 0 0
14 2815829 0 0
14 3471391 0 0
14 1316874 0 0
14 3564103 0 0
14 2226003 0 0
14 3589644 0 0
14 3046160 0 0
14 3781141 0 0
14 3423074 0 0
14 3658635 0 0
14 3514082 0 0
14 3337512 0 0
14 3257743 0 0
14 3630292 0 0
14 3079084 0 0
14 2918838 0 0
14 3072209 0 0
14 3589639 0 0
14 446199 0 0
14 3023054 0 1
14 3681404 0 0
14 2654858 0 0
14 2984567 1 0
14 3132722 0 0
14 2169479 0 0
14 2663564 0 0
14 3599465 0 0
14 3220247 1 0
14 3514094 0 0
14 2994119 0 0
14 2000899 0 0
14 3198116 0 0
14 3208204 0 0
14 3534714 0 0
14 3402114 0 0
14 2855068 0 0
14 1968658 0 0
14 3345112 0 0
14 3438116 0 0
14 3082238 0 0
14 3741944 0 0
14 3053923 0 0
14 1933580 0 0
14 2180265 0 0
14 3014590 0 0
14 3335795 0 0
14 3575223 0 0
14 3495354 0 0
14 3704706 0 0
14 3610441 2 0
14 2364279 0 0
14 2377109 0 0
14 3453511 0 0
14 3511841 2 0
14 3002140 0 0
14 2195768 0 0
14 3835191 0 0
14 3637903 0 0
14 3629296 0 0
14 3557611 0 0
14 3172146 0 0
14 3512708 0 0
14 2228464 0 0
14 3737624 0 0
14 2082654 0 0
14 3118226 0 0
14 2846365 0 0
14 2126318 0 0
14 3028946 0 0
14 3058112 0 0
14 2983049 0 0
14 3098411 0 0
14 2598913 0 0
14 3554580 0 0
14 1702560 0 0
14 2775116 0 0
14 2799065 0 0
14 3323537 0 0
14 3050878 0 0
14 3173248 0 0
14 2704176 0 0
14 3322204 2 0
14 3863467 0 0
14 1618805 0 0
14 3301994 0 0
14 2753340 1 0
14 3696966 0 0
14 3852577 0 0
14 2644632 0 0
14 3110959 0 0
14 3507133 0 0
14 3531001 0 0
14 2779947 0 0
14 3384440 0 0
14 2074046 0 0
14 3324414 0 0
14 2329657 0 0
14 2193533 0 0
14 2138995 0 0
14 2826747 0 0
14 1936417 0 0
14 2526448 0 0
14 2846342 0 0
14 3108676 0 0
14 2329654 0 0
14 3163215 0 0
14 3425271 0 0
14 3725413 0 0
14 3451775 0 0
14 2995237 0 0
14 2983010 0 0
14 2672098 0 0
14 3343386 0 0
14 2226058 0 0
14 2846339 0 0
14 3757233 0 0
14 34117 0 0
14 2740255 0 0
14 3521433 2 1
14 3141697 0 0
14 3314848 0 0
14 3219760 0 0
14 535810 2 0
14 2893757 0 0
14 2551632 0 0
14 3129340 0 0
14 3465920 0 0
14 3249707 2 0
14 3129581 0 0
14 3044820 0 0
14 3858929 0 0
14 3029678 0 0
14 3439827 0 0
14 1824723 0 0
14 3461758 0 0
14 3132337 0 0
14 3095501 0 0
14 3778819 0 0
14 1322227 0 0
14 3259520 0 0
14 3222262 0 0
14 2195941 0 0
14 3341186 0 0
14 3321556 0 0
14 3829374 0 0
14 3271428 1 0
14 3674278 0 0
14 3887013 0 0
14 3486826 0 0
14 3702146 0 0
14 3222266 0 0
14 3666661 0 0
14 3816272 1 0
14 3469224 0 0
14 517508 0 0
14 2128079 0 0
14 2853043 0 0
14 3797784 0 0
14 3679992 0 0
14 1525175 0 0
14 2409172 1 0
14 3844504 0 0
14 3395145 0 0
14 3649730 0 0
14 3678425 0 0
14 3354472 0 0
14 3763776 0 0
14 3596368 0 0
14 2446393 0 0
14 2668634 0 0
14 2213112 0 0
14 2878334 0 0
14 3475927 0 0
14 3667775 0 0
14 3138087 0 0
14 3649726 0 0
14 3649725 0 0
14 3769080 0 0
14 3649729 0 0
14 3649728 0 0
14 1891311 0 0
14 2740215 0 0
14 2577649 0 0
14 2654478 0 0
14 3600252 0 0
14 3535191 1 0
14 2652061 0 0
14 1794442 0 0
14 3414732 0 0
14 1796864 0 0
14 3087990 0 0
14 3468341 0 0
14 3401009 0 0
14 3526034 0 0
14 3281022 0 0
14 3321527 0 0
14 3657983 0 0
14 3796675 0 0
14 2972301 0 0
14 1282576 0 0
14 2844588 0 0
14 3510919 0 0
14 3657984 0 0
14 2140183 0 0
14 2885298 0 0
14 3521824 0 0
14 3551483 0 0
14 3573492 0 0
14 3082294 0 0
14 2706994 0 0
14 3215345 0 0
14 3699152 0 0
14 3102704 0 0
14 3155231 0 0
14 3583058 0 0
14 2783131 0 0
14 3416978 0 0
14 2187048 0 1
14 2562382 0 0
14 3539579 0 0
14 3310864 0 0
14 3816075 0 0
14 3509707 0 0
14 2904442 0 0
14 3362055 0 0
14 3403888 0 0
14 3854106 0 0
14 2132372 0 0
14 2189670 0 1
14 3649932 0 0
14 2937323 0 0
14 2190897 0 1
14 2571056 0 0
14 2203105 0 0
14 3008954 0 2
14 2890873 0 0
14 3542742 0 0
14 3400371 0 0
14 2902017 0 0
14 3634208 0 0
14 3634209 1 0
14 2721923 0 0
14 2077928 0 0
14 3118050 0 0
14 3830146 0 0
14 2136969 0 0
14 2845649 0 0
14 2746190 0 0
14 2952946 0 0
14 2138900 0 0
14 3494868 0 1
14 2926671 0 0
14 2189447 0 2
14 3723080 0 0
14 1574347 0 0
14 3236000 0 1
14 2621142 0 0
14 3772690 0 0
14 2857615 0 0
14 3708703 0 0
14 3202498 0 0
14 2863292 0 0
14 3173951 0 0
14 3526872 0 0
14 3512223 0 0
14 3880691 0 0
14 1766479 0 0
14 3491201 0 0
14 3628659 0 0
14 3413953 0 0
14 2190401 0 0
14 3847637 0 0
14 2913813 0 0
14 3534010 0 0
14 2853424 0 0
14 2669555 0 0
14 3684352 0 0
14 3120197 0 0
14 3538607 0 0
14 3684351 0 0
14 3344855 0 0
14 3228763 0 1
14 2212528 0 0
14 2928084 0 0
14 3777209 0 0
14 3275508 0 0
14 2982825 0 0
14 3867223 0 0
14 3183510 0 0
14 3350041 0 0
14 526776 0 0
14 3744747 0 1
14 3464059 0 0
14 3684350 0 0
14 3446641 0 0
14 3637111 0 0
14 3066557 0 0
14 3386269 0 0
14 3686329 0 0
14 3808283 0 0
14 3399342 1 0
14 3108079 0 0
14 2516192 0 0
14 3477151 0 0
14 3205614 0 0
14 3472936 0 0
14 2798987 0 0
14 3079871 0 0
14 3708635 0 0
14 2290039 0 0
14 2693655 0 0
14 1781427 0 0
14 3126713 0 0
14 2074753 0 0
14 2822907 0 0
14 3338396 0 0
14 514544 0 0
14 3544052 0 0
14 2933673 0 0
14 2840553 0 0
14 3779843 0 0
14 1633732 0 0
14 3104701 0 0
14 3546472 0 0
14 3132386 2 1
14 3237253 0 0
14 3433116 0 0
14 3775241 0 0
14 2798759 0 0
14 2361564 0 0
14 3110138 0 1
14 3466256 0 0
14 2747572 0 0
14 3529701 0 0
14 2988179 0 0
14 3190013 0 0
14 3413990 0 0
14 3715154 0 0
14 2714405 0 0
14 2518155 0 0
14 2737761 0 0
14 3630948 0 0
14 3776781 0 0
14 3009987 0 0
14 2854954 0 0
14 3855058 0 0
14 3418194 0 0
14 3562538 0 0
14 3401775 0 0
14 3878580 0 0
14 2933451 0 0
14 3870866 0 0
14 2909979 0 0
14 3600032 0 0
14 1716162 0 0
14 2438320 0 0
14 3213680 0 0
14 3445998 0 0
14 2225628 0 0
14 3836304 0 0
14 3015193 0 0
14 1459852 0 0
14 3505509 0 0
14 2556667 0 0
14 3127835 0 0
14 3226152 0 0
14 3286416 0 0
14 2798781 0 0
14 3687454 0 0
14 2850371 1 0
14 3359289 0 0
14 3716027 0 0
14 2567302 0 0
14 2874340 0 0
14 3677651 0 0
14 3382701 0 0
14 3349475 0 0
14 3010999 0 0
14 3242400 0 0
14 3298644 0 0
14 3572799 0 0
14 3598903 0 0
14 3538675 0 0
14 2904273 0 0
14 3833481 0 0
14 2188502 0 1
14 3871963 0 0
14 2577799 0 0
14 3540968 0 0
14 2448132 0 0
14 3343703 0 0
14 2133619 0 0
14 3171765 0 0
14 2874571 0 0
14 2841444 0 0
14 2911467 0 0
14 2002484 0 0
14 2769331 0 0
14 3086355 0 0
14 2607259 0 0
14 442126 0 0
14 3112110 0 0
14 442127 0 0
14 3193528 0 0
14 3514234 0 0
14 3688772 0 0
14 3658230 0 0
14 3124144 0 0
14 2768234 0 0
14 1524788 0 0
14 3794618 0 0
14 3881386 0 0
14 2138698 0 0
14 3420649 0 0
14 3542043 0 0
14 3415055 0 0
14 2139785 0 0
14 2611979 0 0
14 2610644 0 0
14 2813122 0 0
14 2779363 0 0
14 3269902 0 0
14 2798567 0 0
14 3019188 0 0
14 2727911 0 0
14 3813447 0 0
14 3621632 0 0
14 3847222 0 0
14 2268724 0 0
14 2173454 0 0
14 3621635 0 0
14 3521338 0 0
14 2188732 0 1
14 3186867 0 0
14 3408522 0 0
14 3298211 0 0
14 3393610 0 0
14 1828630 0 0
14 3862846 0 0
14 3124123 0 0
14 3196218 0 0
14 3235906 0 0
14 3770628 0 0
14 3791566 0 0
14 3882256 0 0
14 3649178 0 0
14 3219179 0 0
14 3099202 0 0
14 3633837 0 0
14 3026984 0 0
14 3166801 0 0
14 2884340 0 0
14 2816850 0 0
14 3544209 0 0
14 2724661 0 0
14 3145299 0 0
14 3197536 0 0
14 3255501 2 0
14 3683207 0 0
14 3068586 0 0
14 3068105 0 0
14 3194023 0 0
14 3166814 0 0
14 3490979 0 0
14 2138660 0 0
14 1199619 0 0
14 3296495 0 0
14 1885437 0 0
14 2276313 0 0
14 2187865 0 1
14 3078139 0 0
14 2850349 0 0
14 3336343 0 0
14 2754029 0 0
14 3420688 1 1
14 65689 0 0
14 2150784 0 0
14 3875906 0 0
14 3566059 0 0
14 1199603 0 0
14 3546445 0 0
14 2138494 0 0
14 2830983 0 0
14 2628122 0 0
14 3070869 0 0
14 3174853 0 0
14 2651437 0 0
14 3891381 0 0
14 1684252 0 0
14 3758701 0 0
14 3196863 0 0
14 3507082 0 0
14 2771838 0 0
14 3014707 0 0
14 3135074 0 0
14 3758702 0 0
14 3444829 0 0
14 2989899 0 0
14 2885637 0 0
14 2921413 0 0
14 3485580 0 0
14 3047873 0 0
14 3233526 0 0
14 3278639 0 0
14 3182010 0 0
14 3672121 0 0
14 2222784 0 0
14 2873658 0 0
14 3652510 0 0
14 1421416 0 0
14 2119965 0 0
14 3780630 0 0
14 3113276 0 0
14 3570531 0 0
14 1626394 0 0
14 3082836 0 0
14 3780631 2 0
14 3275120 0 0
14 3394759 0 0
14 2615028 0 0
14 3171369 0 0
14 3278886 0 0
14 200975 2 0
14 2695234 0 0
14 2789686 0 1
14 3847004 0 0
14 2628336 0 0
14 2721357 2 0
14 3443994 0 0
14 2799007 0 0
14 3835033 0 0
14 2799006 0 0
14 3700782 0 0
14 2125399 0 0
14 3533960 0 0
14 3853999 0 0
14 3199780 0 0
14 3591605 0 0
14 3825048 0 0
14 3825049 0 0
14 3498756 0 0
14 3167959 0 0
14 3217057 0 0
14 2198916 0 0
14 3762748 0 0
14 3459383 0 0
14 3128101 0 0
14 3337635 0 0
14 3332187 0 0
14 3870098 0 0
14 3771225 0 0
14 2515635 0 0
14 2858205 0 0
14 3308069 0 0
14 3586489 0 0
14 3647602 0 0
14 1831793 0 0
14 3121968 0 0
14 3655493 0 0
14 3655492 0 0
14 2822248 2 0
14 3678593 0 0
14 3441633 0 0
14 3167962 0 0
14 3755190 0 0
14 2948347 0 0
14 2940866 0 0
14 3071489 0 0
14 1199597 0 0
14 2213052 0 0
14 3162273 0 0
14 3493044 0 0
14 2684373 0 0
14 3206382 0 0
14 404425 0 0
14 2435544 0 0
14 2150764 0 0
14 3263064 0 0
14 2147356 0 0
14 3357467 0 0
14 3852401 0 0
14 2928765 0 0
14 3257642 2 0
14 2740176 0 0
14 3048477 0 0
14 2172303 0 0
14 3357219 0 0
14 3140202 0 0
14 2632744 0 0
14 3306902 0 0
14 3460392 0 0
14 3170900 0 0
14 2626597 2 0
14 2872757 0 0
14 3224500 0 0
14 3337620 0 0
14 3184066 0 0
14 3851132 0 0
14 2918505 0 0
14 2527670 0 0
14 3255499 0 0
14 3623608 1 0
14 2998658 0 0
14 3146814 0 0
14 3422903 0 0
14 2138891 0 0
14 3395680 0 0
14 3568875 0 0
14 3407502 0 0
14 3371476 0 0
14 3546849 0 0
14 2778502 0 0
14 3289278 0 0
14 3756249 2 0
14 3771424 0 0
14 2763010 0 0
14 3519224 0 0
14 3267018 0 0
14 3108764 0 0
14 2186914 0 0
14 3671769 0 0
14 1805051 0 0
14 3425167 0 0
14 3519220 0 0
14 3033165 0 0
14 3726851 0 0
14 3039970 0 0
14 3668139 0 0
14 3343255 0 0
14 3084745 0 0
14 3541130 0 0
14 3438431 0 0
14 3439763 2 0
14 2138874 0 2
14 2827716 0 0
14 3544643 0 0
14 3374761 0 0
14 3459362 0 0
14 3464728 0 0
14 3883384 0 0
14 2719797 0 0
14 2822251 0 0
14 3585181 0 0
14 3657247 0 0
14 3258540 0 0
14 3658339 0 0
14 2687688 0 0
14 2900110 0 0
14 3308281 0 0
14 3828587 0 0
14 3496520 0 0
14 3012025 0 0
14 3257684 0 0
14 3015538 0 0
14 3107215 0 0
14 3805480 0 0
14 3694894 0 0
14 3196003 0 0
14 2744737 0 0
14 2567095 0 0
14 3289491 0 0
14 3634959 0 0
14 3863560 0 0
14 3521795 0 0
14 3247882 0 0
14 3671785 0 0
14 2984466 0 0
14 3279691 0 0
14 3469169 0 0
14 3255260 0 0
14 3576221 0 0
14 3599566 0 0
14 1945036 0 0
14 2667415 0 0
14 3531942 0 0
14 3833507 0 0
14 1566621 0 0
14 1974832 0 0
14 2133563 0 0
14 3652131 0 0
14 2119028 0 0
14 3718622 0 0
14 3524172 0 0
14 2741436 0 0
14 3622393 0 0
14 2740107 0 0
14 2907404 0 0
14 3784138 0 0
14 3823700 0 0
14 3131122 0 0
14 2192782 0 1
14 3662170 0 0
14 2835719 0 0
14 3765850 0 0
14 3180771 0 0
14 1968387 0 0
14 2180326 0 0
14 3689887 0 0
14 3321436 0 0
14 2192309 0 0
14 2820226 0 0
14 3065893 0 0
14 3439950 2 0
14 2225421 0 0
14 3679842 0 0
14 3159942 0 0
14 2363446 0 0
14 3575997 0 0
14 3639826 0 0
14 3689880 0 0
14 3740785 0 0
14 1974812 0 0
14 3829227 0 0
14 3855756 0 0
14 3425514 0 0
14 3469372 0 0
14 3139066 0 0
14 2192518 0 0
14 3061269 0 0
14 3320130 0 0
14 3403729 0 0
14 3270426 0 0
14 3784115 0 0
14 3787622 0 0
14 3537269 0 0
14 2429948 0 0
14 3800602 0 0
14 3656519 0 0
14 3525030 0 0
14 2096525 0 0
14 3324729 0 0
14 2398785 0 0
14 3342372 0 0
14 3395250 0 0
14 3481473 0 0
14 3374574 0 0
14 3461645 0 0
14 3623475 0 0
14 3574647 0 0
14 3710934 0 0
14 1459116 0 0
14 3053890 0 0
14 3818594 0 0
14 3336930 0 0
14 2213004 0 0
14 3456476 0 0
14 3775614 0 0
14 3054950 0 0
14 3376765 0 0
14 3782394 0 0
14 529433 0 0
14 3334725 0 0
14 3782395 1 0
14 3375672 0 0
14 2386355 0 0
14 2946378 0 0
14 3483866 0 0
14 3295794 0 0
14 3832452 0 0
14 3101731 0 0
14 3857503 0 0
14 2688166 0 0
14 3774771 0 0
14 2937898 0 0
14 2847728 0 0
14 2438601 0 0
14 3736489 0 0
14 3843585 0 0
14 3537272 0 0
14 3681721 0 0
14 3785411 2 0
14 3397218 0 0
14 2671938 0 0
14 3890734 0 0
14 3688353 0 0
14 3430903 0 0
14 3688388 0 0
14 3145302 0 0
14 3852281 0 0
14 3656795 0 0
14 3415751 0 0
14 2100429 0 0
14 3434472 0 0
14 2194900 0 0
14 3491224 0 0
14 2785872 0 0
14 3520633 0 0
14 2716442 0 0
14 3351040 0 0
14 3065816 0 0
14 3039579 0 0
14 2904794 0 0
14 3482994 0 0
14 3280285 0 0
14 3321653 0 0
14 3562235 0 0
14 2822429 0 0
14 3737357 0 0
14 2132245 0 0
14 2248585 0 0
14 3737358 0 0
14 2613409 0 0
14 3415749 0 0
14 1936366 0 0
14 2798715 0 0
14 3520629 0 0
14 2646781 0 0
14 3272661 0 0
14 3520628 0 0
14 3593183 0 0
14 3616902 0 0
14 3539472 0 0
14 3853365 0 0
15 3447841 0 0
15 2769284 0 0
15 3259378 0 0
15 3090329 0 0
15 3088009 1 0
15 3250321 0 0
15 3868694 0 0
15 2783103 0 0
15 2490812 0 0
15 2769286 0 0
15 3807057 0 0
15 3551716 0 0
15 3603237 0 0
15 3413832 0 0
15 2442985 0 0
15 3350175 0 0
15 3249337 0 0
15 3249576 0 0
15 3848848 0 0
15 1994040 2 0
15 2883193 0 0
15 3437809 0 0
15 521193 0 0
15 3642832 0 0
15 3043566 0 0
15 3150700 0 0
15 2621245 1 1
15 1185525 2 0
15 2396980 1 0
15 2490806 0 0
15 1332666 1 0
15 3821135 0 0
15 2694641 0 0
15 3305598 0 0
15 3304266 0 0
15 3647286 0 0
15 3056427 2 0
15 3647284 0 0
15 3850915 0 0
15 2714573 0 0
15 3030019 0 0
15 3870307 0 0
15 1994051 0 0
15 3436728 1 0
15 1274249 0 0
15 2109860 0 0
15 3174928 0 0
15 3653516 0 0
15 2854890 1 0
15 3019007 0 0
15 3341436 1 0
15 1513599 0 0
15 3366730 0 0
15 3090107 1 0
15 2838368 1 0
15 2889755 0 0
15 3490454 2 0
15 3064019 0 0
15 3641739 0 0
15 3786494 0 0
15 3641736 0 0
15 2657236 0 0
15 2935984 0 0
15 3075397 0 0
15 3114601 0 0
15 3375013 0 0
15 1871572 0 0
15 2760694 0 0
15 3892101 0 0
15 2563261 0 0
15 3572875 0 0
15 3350152 0 0
15 3650253 0 0
15 3830293 0 0
15 1253517 0 0
15 3406277 1 0
15 2646334 0 0
15 3391967 0 0
15 3406275 0 0
15 3678829 0 0
15 3557007 0 0
15 3046855 0 0
15 3789750 0 0
15 3023754 0 0
15 3148601 1 0
15 3420577 0 0
15 3638553 1 0
15 3250333 0 0
15 3566183 0 0
15 1182232 0 0
15 2931376 0 0
15 3565096 0 0
15 2694622 0 0
15 3134683 0 0
15 3596658 0 0
15 2895179 0 0
15 2877526 1 0
15 3603243 0 0
15 3294359 0 0
15 3249345 0 0
15 3226487 0 0
15 3510195 0 0
15 2018732 0 0
15 2464767 0 0
15 3294350 0 0
15 2423187 1 0
15 2769480 1 0
15 3124226 1 0
15 3537206 0 0
15 3585768 1 0
15 3784052 0 0
15 3004171 1 0
15 3379870 0 0
15 3513238 0 0
15 3750277 1 0
15 3288971 2 0
15 3785383 2 0
15 3342742 0 0
15 2789932 0 0
15 3309929 0 0
15 3787565 0 0
15 3444534 0 0
15 2584184 2 0
15 3201110 1 0
15 3263204 2 0
15 2945326 0 0
15 3424995 2 0
15 3278941 0 0
15 2958893 0 0
15 3733704 0 0
15 3283056 0 0
15 2827049 0 0
15 3848635 0 0
15 2778180 0 0
15 3431284 2 0
15 3513242 0 0
15 3390429 0 0
15 3296597 0 0
15 2464746 1 0
15 3201104 0 0
15 3765788 2 0
15 3804816 0 0
15 3877387 0 0
15 3730207 0 0
15 137602 0 0
15 2807428 0 0
15 3178025 0 0
15 3518705 0 0
15 3641938 0 0
15 1559598 1 0
15 2913996 0 0
15 3518709 0 0
15 3184708 0 0
15 2933367 2 0
15 3674261 0 0
15 1502055 1 0
15 3298523 1 0
15 1502053 1 0
15 1502054 1 0
15 2018709 0 0
15 1994020 0 0
15 3297675 0 0
15 3261489 0 0
15 3636105 0 0
15 3000834 0 0
15 3638527 0 0
15 2923795 0 0
15 3504307 0 0
15 3679719 0 0
15 3342739 0 0
15 2424060 0 0
15 3651394 0 0
15 3722839 0 0
15 3775323 0 0
15 2894285 0 0
15 3401879 0 0
15 420241 0 0
15 3518717 0 0
15 3810033 0 0
15 2588571 1 0
15 3052481 0 0
15 1431598 1 0
15 3226294 0 0
15 3884537 0 0
15 3226298 1 0
15 3420763 0 0
15 2245957 0 0
15 2640852 0 0
15 2884443 1 0
15 3337590 0 0
15 3534534 0 0
15 3604173 0 0
15 1431599 1 0
15 2700560 0 0
15 3477652 0 0
15 1459928 0 0
15 3173672 0 0
15 3884536 0 0
15 3193044 1 0
15 2039826 0 0
15 3492809 2 1
15 3784930 0 0
15 1550724 1 0
15 3443882 1 0
15 1431592 1 0
15 3079137 0 0
15 3152729 1 0
15 3669483 0 0
15 2409748 0 0
15 2671106 0 0
15 3214858 0 0
15 3743376 1 0
15 3372803 0 0
15 3682695 0 0
15 2694245 1 0
15 3825575 1 0
15 2769432 0 0
15 3214612 1 0
15 2802126 0 0
15 3492818 0 0
15 1637114 0 0
15 3492814 0 0
15 3891065 0 0
15 1471802 0 0
15 3019070 0 0
15 3492816 0 0
15 3034455 0 0
15 3468933 0 0
15 3337368 1 0
15 3203961 1 0
15 3227163 0 0
15 3750932 0 0
15 2553061 0 0
15 2700584 0 0
15 3148453 0 0
15 3336243 0 0
15 3227162 0 0
15 3458916 1 0
15 3534553 0 0
15 3557637 0 0
15 2245976 2 0
15 3415156 0 0
15 2672220 0 0
15 3888913 0 0
15 2672467 0 0
15 3883469 0 0
15 3328892 1 0
15 3671112 0 0
15 2997343 0 0
15 3003986 0 0
15 3163653 0 0
15 3856285 0 0
15 1513517 2 0
15 3856284 0 0
15 1196471 0 0
15 3443665 0 0
15 3804648 0 1
15 3371977 0 0
15 3090750 1 0
15 3746435 0 0
15 3781887 0 0
15 1513521 2 0
15 2577085 0 0
15 3124253 0 0
15 2884455 0 0
15 3599085 0 0
15 3104664 0 0
15 3418896 1 1
15 3256955 0 0
15 3213742 0 0
15 2846139 1 0
15 3707011 1 0
15 3491702 0 0
15 2873323 0 0
15 3883470 0 0
15 3780548 0 0
15 1513529 1 0
15 1513523 1 0
15 3518077 0 0
15 3498312 0 0
15 3498311 1 1
15 3862306 0 0
15 2921516 1 0
15 3104454 0 0
15 2737801 0 0
15 1526646 0 0
15 3583741 0 0
15 1501106 1 0
15 3305964 0 0
15 3438259 0 0
15 3485486 0 0
15 1876814 1 0
15 2672240 0 0
15 3777353 0 0
15 3267401 1 0
15 1325261 0 0
15 3033331 0 0
15 3835169 0 0
15 2640890 0 0
15 2852812 0 0
15 2515833 0 0
15 3152527 0 0
15 3232541 0 0
15 3584827 0 0
15 2998248 1 0
15 3384833 0 0
15 3734632 1 0
15 3734631 0 0
15 2998243 0 0
15 3030057 0 1
15 3439359 1 0
15 3083817 0 0
15 3775186 0 0
15 2848131 0 0
15 3444943 1 0
15 3182343 0 0
15 3724600 0 0
15 2474599 0 0
15 2780657 0 0
15 3509395 2 0
15 2961191 0 0
15 3231468 0 0
15 3292818 1 0
15 3495027 0 0
15 2034556 1 0
15 3570416 0 0
15 1224860 0 0
15 3708397 2 0
15 3162525 0 0
15 1804336 1 0
15 2409776 0 0
15 3033111 0 0
15 3130973 1 0
15 3056431 2 1
15 3465895 1 1
15 3882109 0 0
15 3012661 1 0
15 3538704 1 0
15 3760909 1 0
15 2685792 0 0
15 2805656 0 0
15 3849545 0 0
15 3287476 0 0
15 3420537 0 0
15 2712777 0 0
15 3286385 1 0
15 3369119 0 0
15 2992922 0 0
15 2712772 1 0
15 3758842 0 0
15 3483298 0 0
15 3758841 0 0
15 2792733 0 0
15 3291721 0 0
15 3440364 0 0
15 2831924 0 0
15 2686889 0 0
15 2922873 1 0
15 2922872 1 0
15 3390065 0 0
15 3551039 0 0
15 3678000 0 0
15 3748790 1 0
15 2697585 0 0
15 2939529 0 0
15 3884133 0 0
15 2653771 0 0
15 2771806 0 0
15 3174121 1 0
15 3005862 0 0
15 3242025 0 0
15 3786831 0 0
15 3191936 0 0
15 3242026 0 0
15 3759688 0 0
15 2493534 0 0
15 2605326 0 0
15 2766456 1 0
15 3417637 0 0
15 3656697 0 0
15 3741925 0 0
15 2811462 2 0
15 2984336 0 0
15 2276500 0 0
15 2760916 0 0
15 3242029 0 0
15 3483389 0 0
15 2813644 1 0
15 3849361 0 0
15 3079084 0 0
15 3429844 0 0
15 2637291 1 0
15 3072209 0 0
15 3030804 0 0
15 3087943 0 0
15 2048827 0 0
15 3345148 0 0
15 2500028 0 0
15 3221335 0 0
15 2900042 0 0
15 2605337 0 0
15 2768624 0 0
15 2733993 1 0
15 2940744 0 0
15 1924849 1 0
15 3072211 0 0
15 3553430 0 0
15 3853610 0 0
15 270718 0 0
15 2811207 0 0
15 3423058 1 0
15 2994115 2 0
15 3769236 1 0
15 2994112 1 0
15 3866926 0 0
15 2194663 0 0
15 2996775 2 0
15 2803822 0 0
15 3471179 0 0
15 3466827 1 0
15 2872643 0 0
15 3466823 0 0
15 1450259 1 0
15 2994111 2 0
15 2994110 2 0
15 3610436 1 1
15 2964705 0 0
15 3429832 0 0
15 2964946 0 0
15 3097542 0 0
15 3167851 0 0
15 2833238 0 0
15 3449487 1 0
15 2994108 1 0
15 3693649 2 0
15 3825152 0 0
15 2994107 2 2
15 3235997 0 0
15 2994106 2 0
15 3232486 0 0
15 3476856 0 0
15 3255104 0 0
15 2740054 0 0
15 2847868 0 0
15 3004560 0 0
15 2522298 1 0
15 2994109 2 1
15 2231601 1 0
15 3820704 0 0
15 3038796 0 0
15 2838914 0 0
15 3794652 0 0
15 3693438 0 0
15 3445063 0 0
15 3669569 0 0
15 1764817 1 0
15 2801464 0 0
15 3368213 0 0
15 3808862 0 0
15 3734347 0 0
15 3198532 0 0
15 2488147 1 0
15 2488148 1 0
15 3309009 0 0
15 2740026 0 0
15 3756131 1 2
15 2686258 0 0
15 3372443 1 0
15 1566780 0 0
15 2876172 1 0
15 2582334 2 0
15 3580624 0 0
15 3808859 0 0
15 2799065 0 0
15 3421920 0 0
15 2613147 1 0
15 3451994 0 0
15 3622405 2 1
15 1839112 0 0
15 2978934 0 0
15 3772877 0 0
15 3734596 1 2
15 2846353 0 0
15 2998520 1 0
15 2766886 0 0
15 3395554 1 0
15 3767049 0 0
15 3830320 0 0
15 2794850 0 0
15 2966711 0 0
15 3722377 1 0
15 3470286 0 0
15 3510303 1 0
15 2020460 0 0
15 3616178 0 0
15 1327708 2 0
15 2740000 0 0
15 2882889 0 0
15 3221380 1 0
15 3606138 0 0
15 2740002 0 0
15 3118206 1 0
15 2606832 0 0
15 2811481 2 0
15 1820785 0 0
15 3425032 0 0
15 2794862 0 0
15 3097588 0 0
15 3510780 0 0
15 3425030 0 0
15 3004515 0 0
15 3299177 0 0
15 3658219 0 0
15 3722387 1 0
15 2900231 0 0
15 2859876 2 0
15 3658220 0 0
15 2919504 1 0
15 3329083 0 0
15 3744164 0 0
15 3658225 0 0
15 3090717 1 0
15 2740011 0 0
15 2151942 0 0
15 2801457 0 0
15 2803875 0 0
15 3049881 0 0
15 3219765 0 0
15 3028953 0 0
15 1769475 0 0
15 3303713 1 0
15 3040824 0 0
15 2995231 0 0
15 2938490 0 0
15 3035002 0 0
15 3132749 0 0
15 2615770 0 0
15 1543623 0 0
15 3639953 1 0
15 3663149 0 0
15 3451940 0 0
15 2627517 2 0
15 3475916 0 0
15 3876593 0 0
15 3760283 1 0
15 1097737 2 0
15 3342022 1 0
15 2267188 0 0
15 3583268 0 0
15 3152174 1 0
15 2396475 1 0
15 2905588 1 0
15 3395123 0 0
15 1502071 0 0
15 1281284 0 0
15 1502072 2 0
15 2836926 0 0
15 3615989 0 0
15 3728547 0 0
15 3480279 1 0
15 3878777 0 0
15 2880870 0 0
15 3022801 0 0
15 3502035 0 0
15 3809985 0 0
15 2880874 0 0
15 1820599 1 0
15 3752883 0 0
15 2729894 2 0
15 2880875 0 0
15 2880876 0 0
15 3156762 0 0
15 3752882 1 0
15 3366228 0 0
15 3679720 0 0
15 1838904 2 0
15 2923345 1 1
15 2532955 0 0
15 3224441 1 0
15 3537598 0 0
15 3633168 1 0
15 3663153 0 0
15 3599862 0 0
15 3817123 1 1
15 2573029 2 0
15 2575206 0 0
15 2259300 0 0
15 3611121 0 0
15 3039012 2 2
15 3503373 2 0
15 3611120 0 0
15 3023900 1 0
15 3065745 0 1
15 3367301 0 0
15 3520709 0 0
15 3354470 0 0
15 3383153 0 1
15 3707825 0 0
15 3156512 0 0
15 3603779 0 0
15 3369966 0 0
15 3139186 0 0
15 3370083 1 0
15 3292341 1 0
15 2902051 0 0
15 1474625 0 0
15 2548265 0 0
15 3600262 0 0
15 1474621 0 0
15 3424775 0 0
15 2910294 0 0
15 3612464 0 0
15 3259543 0 0
15 3424779 0 0
15 2643117 0 0
15 3259544 1 0
15 3738362 1 0
15 2822748 0 0
15 3627713 0 0
15 3738369 1 0
15 3769086 1 0
15 3004163 2 0
15 3682914 1 1
15 3342490 0 0
15 3726395 0 0
15 3221196 0 0
15 3541623 0 0
15 3224223 1 1
15 3397558 0 0
15 3703452 1 0
15 2850191 1 2
15 3854125 0 0
15 3262508 0 0
15 3504482 1 0
15 3665124 0 0
15 3691895 0 0
15 3385598 1 0
15 3404995 0 0
15 3665125 0 0
15 3691896 0 0
15 1761145 1 0
15 3587668 1 0
15 3589840 0 0
15 3519731 0 0
15 3354459 0 0
15 3191739 1 0
15 3109347 0 0
15 3433006 0 0
15 3568915 1 0
15 3364250 1 0
15 3094210 1 0
15 3724385 2 0
15 2851293 1 0
15 3205784 0 0
15 3205783 0 0
15 3504257 0 0
15 3083144 0 0
15 3309635 1 0
15 3356868 1 0
15 3437612 0 0
15 3433013 0 0
15 3520722 0 0
15 3390708 1 0
15 3611118 0 0
15 3259560 0 0
15 3614623 0 0
15 3018997 0 0
15 153495 2 0
15 3144333 0 0
15 3551455 0 0
15 3505355 0 0
15 1824747 0 0
15 3463905 0 0
15 2881959 0 0
15 3251879 0 0
15 3388647 0 0
15 2633342 0 0
15 3292147 0 0
15 3516003 1 0
15 3619045 0 0
15 3680301 0 0
15 2763765 0 0
15 2949787 0 0
15 2627930 0 0
15 3042616 0 0
15 3480695 0 0
15 2621392 2 0
15 3615923 0 0
15 2902496 0 0
15 3225349 0 0
15 3124730 0 0
15 3258019 0 0
15 3281253 0 0
15 3156547 0 0
15 3721903 1 0
15 3144328 0 0
15 3648833 0 0
15 3866317 1 1
15 3432199 0 0
15 538254 0 0
15 3064861 0 0
15 3721909 0 0
15 1370919 1 0
15 2596106 0 0
15 3648830 0 0
15 1824731 0 0
15 3328163 0 0
15 3869818 0 0
15 3092065 0 0
15 2649930 0 0
15 3542514 0 0
15 3572147 0 0
15 2735070 0 0
15 2926674 0 0
15 1533835 0 0
15 3483730 0 0
15 2499993 0 0
15 3168361 1 0
15 3856107 0 0
15 3766541 2 0
15 3766784 0 0
15 2885258 1 0
15 331412 0 0
15 3808263 0 0
15 3845694 0 0
15 3214344 2 0
15 3787006 2 0
15 3002912 0 0
15 3259494 0 0
15 3054111 0 0
15 3420480 0 0
15 3468421 0 0
15 2831875 0 0
15 3166193 1 0
15 3022769 2 0
15 3721886 0 0
15 3537755 0 0
15 3614262 0 0
15 3687865 0 0
15 2098763 0 0
15 3329226 0 0
15 3133010 0 0
15 3327015 0 0
15 2363727 1 0
15 400747 0 0
15 3137850 0 0
15 3399550 0 0
15 3890010 0 0
15 2531108 0 0
15 3452081 0 0
15 2315645 1 0
15 3263533 2 0
15 3720798 0 0
15 3444223 0 0
15 3893520 2 0
15 3444221 0 0
15 3505951 0 0
15 3047830 0 0
15 3493840 0 0
15 3824737 1 0
15 2646690 0 0
15 2516193 2 0
15 3170216 0 0
15 1310515 0 0
15 2798987 0 0
15 2735161 0 0
15 2906497 0 0
15 3687892 0 0
15 2908674 0 0
15 3781920 1 0
15 2693655 1 0
15 3720573 0 0
15 1913172 0 0
15 3445571 0 1
15 3343749 0 0
15 3764353 0 0
15 514544 2 1
15 3221905 0 0
15 3512257 1 0
15 3023872 0 0
15 317343 2 1
15 2957620 0 0
15 2841405 0 0
15 3730376 1 0
15 3730371 0 0
15 2735158 2 0
15 3603122 0 0
15 3327030 0 0
15 3445578 0 0
15 2323480 0 0
15 3391615 0 0
15 3354864 0 0
15 3746942 0 0
15 2827171 0 0
15 3502461 0 0
15 3342624 2 1
15 3688763 0 0
15 3150870 0 0
15 3878330 0 0
15 2793070 0 0
15 3220827 2 0
15 3490795 2 0
15 2667170 0 0
15 3303024 1 2
15 3560580 1 0
15 1716178 0 0
15 2187672 0 0
15 2844981 0 0
15 3114546 0 0
15 3410002 0 0
15 2518155 0 0
15 3303027 0 2
15 3296488 0 0
15 1501065 0 0
15 2584062 1 0
15 3710947 0 0
15 1501062 1 0
15 3503313 0 0
15 2922325 0 0
15 3113217 0 0
15 3391626 0 0
15 2752931 2 1
15 3527991 0 0
15 3065218 0 0
15 3835217 1 0
15 2278152 1 0
15 3561685 0 0
15 3146129 0 0
15 3362228 0 0
15 3493829 0 0
15 3600275 0 0
15 3032753 0 0
15 3049181 0 0
15 3625594 0 0
15 3259044 0 0
15 3227238 0 0
15 2852786 0 0
15 2686944 0 0
15 3541607 0 0
15 3630930 1 0
15 3542936 0 0
15 2745371 0 0
15 3339433 0 0
15 2745370 1 0
15 3253770 1 0
15 497050 1 0
15 2971715 0 0
15 2854971 1 0
15 2515904 0 0
15 3066759 0 0
15 2291319 1 0
15 3560564 0 0
15 3471810 0 0
15 2933488 0 0
15 3192209 0 0
15 3605968 0 0
15 2737786 0 0
15 3744734 0 0
15 2584086 0 0
15 3487367 0 0
15 3264878 1 0
15 3467797 0 0
15 2725793 0 0
15 3401756 1 0
15 3716033 0 0
15 3022744 0 0
15 3229676 1 0
15 2725796 1 0
15 3633187 0 0
15 3721869 0 0
15 3104984 0 0
15 1241457 0 0
15 2896582 0 0
15 1635710 0 0
15 3493807 0 0
15 3591047 0 0
15 2611987 1 0
15 3847647 0 0
15 3493809 0 0
15 3600297 0 0
15 2738867 0 0
15 2914738 0 0
15 3493803 1 0
15 2737775 0 0
15 3034954 0 0
15 3414810 0 0
15 2945452 0 0
15 1501070 1 0
15 2944121 1 0
15 3433319 0 0
15 3866390 0 0
15 2758212 1 0
15 3870642 0 0
15 3833498 1 0
15 2732082 0 0
15 3593464 0 0
15 3177913 0 0
15 3390105 0 0
15 2531170 0 0
15 3480946 0 0
15 2872581 0 0
15 2872583 0 0
15 3662739 0 0
15 3329854 0 0
15 3668271 1 0
15 3047890 0 0
15 2910948 0 0
15 3114342 1 0
15 1877827 0 0
15 2956708 1 0
15 3875701 0 0
15 1877829 1 0
15 1479417 0 0
15 3466887 0 0
15 3875703 0 0
15 3466888 0 0
15 3875702 0 0
15 2966986 0 0
15 3184694 2 0
15 3619549 0 0
15 2700453 0 0
15 3533799 1 0
15 3477529 0 0
15 534791 0 0
15 3276440 0 0
15 3177926 0 0
15 3025879 0 0
15 3148589 1 0
15 2642921 0 0
15 3639147 1 1
15 1993925 1 0
15 2767137 0 0
15 3327657 0 0
15 2491618 0 0
15 2895230 0 0
15 3384910 0 0
15 3408520 0 0
15 2767138 0 0
15 3589591 0 0
15 3241321 1 0
15 2872575 0 0
15 88998 0 0
15 3466874 0 0
15 3466875 1 0
15 3697859 0 0
15 1920553 1 0
15 2840728 0 0
15 3700996 0 0
15 2965874 0 0
15 3101047 0 0
15 3721252 0 0
15 3216903 1 0
15 3641453 0 0
15 3198638 0 0
15 3684547 1 0
15 2503962 0 0
15 2768214 1 0
15 2873451 0 0
15 3827842 0 0
15 3407408 0 0
15 3420628 0 0
15 2782992 0 0
15 2841810 0 0
15 3304332 1 0
15 3347493 0 0
15 1852545 0 0
15 2848682 0 0
15 3760827 0 0
15 2854932 1 0
15 2884340 0 0
15 1635061 2 0
15 3221748 0 0
15 2854930 1 0
15 3681275 0 0
15 2854936 0 0
15 2570566 0 0
15 2964551 0 0
15 3555588 0 0
15 3476217 0 0
15 3555585 0 0
15 3176617 0 0
15 2782989 1 0
15 3285139 0 0
15 3846112 0 0
15 3542270 2 0
15 2546416 0 0
15 2782982 1 0
15 1156922 1 0
15 3456865 0 0
15 3559708 0 0
15 2827507 0 0
15 3221753 0 0
15 3487338 0 0
15 2570575 0 0
15 2664718 0 0
15 149358 0 0
15 2628138 0 0
15 3099218 0 0
15 3388294 0 0
15 3038953 0 0
15 2852524 0 0
15 3746787 0 0
15 2045103 1 0
15 2990894 0 0
15 3209596 1 0
15 1257650 0 0
15 3280730 0 0
15 3643850 0 0
15 2771845 0 0
15 3734744 0 0
15 3258805 2 1
15 2791737 1 0
15 2791738 0 0
15 3293811 0 0
15 3546445 0 0
15 3264498 0 0
15 3432833 1 0
15 3466843 0 0
15 3572972 0 0
15 3054397 0 0
15 3432837 1 0
15 2760715 1 0
15 3208016 0 0
15 3582523 0 0
15 2798132 0 0
15 2720242 0 0
15 3125287 1 0
15 2859334 0 0
15 3722539 2 0
15 3879030 0 0
15 3047842 0 0
15 3711881 1 0
15 3287133 0 0
15 2788576 1 0
15 3220681 0 0
15 3557580 0 0
15 2830978 0 0
15 3298494 0 0
15 514718 0 0
15 3592750 0 0
15 3843907 0 0
15 3859005 1 0
15 1965460 0 0
15 3721698 0 0
15 2722695 1 0
15 3524673 0 0
15 3381454 0 0
15 2386808 1 0
15 2771825 0 0
15 2917397 0 0
15 3108715 0 0
15 2639563 0 0
15 3732344 1 0
15 3159233 0 1
15 2789435 0 0
15 2792842 0 0
15 3467957 0 0
15 3056793 0 0
15 476740 0 0
15 3652514 0 0
15 3395868 0 0
15 3466862 0 0
15 3835266 1 0
15 3702725 0 0
15 3258812 1 0
15 2700432 0 0
15 3088377 1 0
15 3108709 1 0
15 3660389 1 0
15 3024526 1 0
15 3407217 0 0
15 2859592 2 0
15 3108942 0 0
15 2840751 0 0
15 2887806 0 0
15 3137473 0 0
15 2958911 0 0
15 3407696 0 0
15 3466856 1 0
15 3140881 0 0
15 3466855 1 0
15 3371669 1 0
15 2799007 0 0
15 2799006 0 0
15 2513310 1 0
15 3267519 0 0
15 3618889 1 0
15 3870092 0 0
15 2780638 0 0
15 3596064 0 0
15 3258729 0 0
15 2997766 1 0
15 3621222 0 0
15 3738875 0 0
15 3772305 0 0
15 3288372 0 0
15 3867920 0 0
15 2649142 0 0
15 3592940 0 0
15 3621221 0 0
15 3459383 0 0
15 2776372 0 0
15 2546381 1 0
15 3132610 0 0
15 3131766 0 0
15 3351944 0 0
15 3634302 0 0
15 3687072 0 0
15 2515885 0 0
15 3357009 0 0
15 3695922 2 1
15 3748420 1 0
15 1764722 0 0
15 3172076 0 0
15 3486788 0 0
15 3118319 0 0
15 3465829 0 0
15 3061209 0 1
15 3105451 0 0
15 3654168 1 0
15 2987954 0 0
15 3245409 0 0
15 2987959 0 0
15 2882564 0 0
15 3403567 0 0
15 3403566 0 0
15 441405 0 0
15 3069387 0 0
15 3277469 0 0
15 3024037 1 0
15 2586628 1 0
15 2675695 1 0
15 2914368 0 0
15 2496905 0 0
15 3510867 0 0
15 529459 0 0
15 3779397 0 0
15 3116104 0 0
15 3168822 0 0
15 3594901 0 0
15 3058012 0 0
15 2780608 0 0
15 3573164 0 0
15 3701557 0 0
15 2640368 0 0
15 3402245 0 0
15 3594905 0 0
15 3624721 0 0
15 119851 0 0
15 2824878 0 0
15 3594910 0 0
15 3861582 0 0
15 116583 2 0
15 3680216 1 0
15 3245420 1 2
15 3644794 0 0
15 3099615 0 0
15 3335447 1 0
15 2515890 0 0
15 3099610 0 0
15 3118538 0 0
15 3838588 0 0
15 2515411 0 0
15 3099612 0 0
15 3747117 1 0
15 3748448 1 0
15 3258766 0 0
15 1949837 0 0
15 3792591 0 0
15 3356592 0 0
15 2705135 0 0
15 3644785 0 0
15 2139988 1 0
15 3046006 0 0
15 3422902 0 0
15 2526346 1 0
15 2493606 1 0
15 2254639 0 0
15 3542486 0 0
15 2790126 0 0
15 3099620 0 0
15 2925271 1 0
15 3119677 0 0
15 2254633 0 0
15 3818784 0 0
15 3874653 0 0
15 3874654 0 0
15 2838855 0 0
15 3345222 0 0
15 3623610 0 0
15 3539053 1 0
15 3712459 1 0
15 3862250 0 0
15 1087206 2 0
15 3539052 1 0
15 3564268 1 0
15 3618262 0 0
15 3038616 0 0
15 3569714 0 0
15 3704401 1 0
15 2790130 0 0
15 3704400 0 0
15 3425161 0 0
15 3394106 0 0
15 3666183 0 0
15 3356588 0 0
15 3539057 0 0
15 3394108 1 2
15 3539056 0 0
15 2244609 0 0
15 3851594 0 0
15 2854052 1 0
15 2883854 0 0
15 2687684 0 0
15 3279446 0 0
15 2909175 0 0
15 1942180 2 0
15 3661985 0 0
15 3758217 0 0
15 3324530 1 1
15 1183197 0 0
15 2974668 0 0
15 3493006 0 0
15 3466905 0 0
15 3485620 0 0
15 3123907 1 0
15 3069581 0 0
15 3539083 0 0
15 3462309 0 0
15 3164420 0 0
15 3776080 1 1
15 3402273 1 0
15 3385664 0 0
15 3387600 0 0
15 3556635 0 0
15 1431605 0 0
15 3677088 0 0
15 1431604 2 0
15 2740132 0 0
15 1431603 1 0
15 3271968 0 0
15 3369879 0 0
15 3046490 2 0
15 3547923 0 0
15 3484542 0 0
15 3219885 0 0
15 3221032 1 0
15 2743643 1 0
15 3464715 0 0
15 3088093 0 0
15 2716297 0 0
15 3101940 0 0
15 3447323 0 0
15 3502141 0 0
15 3880734 0 0
15 2729302 0 0
15 2995984 0 0
15 3691971 0 0
15 3353283 0 0
15 3514127 0 0
15 3238710 0 0
15 3439941 0 0
15 3582057 0 0
15 2783064 0 0
15 3540661 0 0
15 3816168 1 0
15 3845732 0 0
15 3845733 0 0
15 1475857 1 0
15 2740101 0 0
15 2868875 0 0
15 2350123 0 0
15 3168403 0 0
15 3445149 0 0
15 2689446 1 0
15 3816164 0 0
15 3856620 0 0
15 2667401 2 0
15 3093206 0 0
15 2774585 0 0
15 3795016 0 0
15 3088751 0 0
15 3093209 0 0
15 3097809 0 0
15 1569901 1 0
15 3467162 0 0
15 3730753 1 0
15 2194730 0 0
15 3347844 1 0
15 3438861 0 0
15 3295988 0 0
15 3816159 1 0
15 1501097 1 0
15 3598658 1 0
15 3158856 1 1
15 3231093 0 0
15 2708853 0 0
15 2963922 0 0
15 2774580 0 0
15 3021828 0 0
15 3016001 0 0
15 3574662 0 0
15 3879516 0 0
15 2774584 2 1
15 3787639 0 0
15 1501090 2 0
15 156660 0 0
15 2774583 0 0
15 1891668 1 0
15 3093218 1 0
15 3324738 0 0
15 3476905 1 0
15 3364155 1 0
15 3364153 0 0
15 2496986 0 0
15 1448697 1 0
15 3841591 0 0
15 3155782 0 0
15 3336929 0 0
15 1367848 0 0
15 3787621 0 0
15 3302713 0 0
15 3537269 2 0
15 3396115 0 0
15 3540644 0 0
15 3354357 1 0
15 3000913 0 0
15 3424654 0 0
15 2096525 0 0
15 2259431 0 0
15 3754968 1 0
15 3283750 0 0
15 3153115 0 0
15 2691517 0 0
15 2562441 0 0
15 3737156 0 0
15 3324722 1 0
15 3738245 2 0
15 3548373 0 0
15 1240842 0 0
15 3827058 0 0
15 3273953 1 0
15 3345880 1 0
15 3839031 0 0
15 2698143 0 0
15 3118137 0 0
15 2921065 2 1
15 3170746 0 0
15 3483658 0 0
15 3763666 0 0
15 1847510 1 0
15 3571130 0 0
15 3702243 0 0
15 3812848 0 0
15 2688156 0 0
15 3015344 0 0
15 3809438 0 0
15 3890738 0 0
15 2567964 0 0
15 2700081 1 0
15 3809434 0 0
15 2803925 0 0
15 2944190 0 0
15 2845797 2 0
15 3653269 0 0
15 1208923 0 0
15 2944193 0 0
15 3213054 0 0
15 1939866 0 0
15 1939865 1 0
15 3238751 0 0
15 2386356 2 0
15 3616916 0 0
15 3596660 0 0
15 3572058 0 0
15 3469796 2 0
15 3890743 0 0
15 3691525 0 0
15 3669617 0 0
15 3120276 1 0
15 3872084 1 0
15 3716896 2 0
15 3176472 0 0
15 3600315 0 0
15 2845548 1 0
15 3218735 1 0
15 3008823 0 0
15 3294212 0 0
15 2824858 0 0
15 3575318 0 0
15 1208915 0 0
15 2943095 0 0
15 3190514 0 0
15 3343680 1 0
15 3887570 0 0
15 3413347 0 0
15 3542895 0 0
15 3262403 0 0
15 3483875 0 0
15 3763643 1 0
15 3853386 0 0
15 3853387 0 0
15 3097618 0 0
15 2585576 0 0
15 3667448 0 0
15 2810437 0 0
15 3258388 0 0
15 3018637 0 0
15 3283780 0 0
15 3491225 0 0
15 3608039 0 0
15 3192729 0 0
15 2572025 0 0
15 201020 2 0
15 3236352 0 0
15 3377871 0 0
15 3667685 0 0
15 3890526 0 0
15 2887377 1 0
15 3015361 0 0
15 3573361 0 0
15 2694824 1 0
15 2752757 0 0
15 2726481 0 0
15 3555706 0 0
15 3622346 0 0
15 3622345 0 0
15 3389868 0 0
15 2659602 0 0
15 2659603 1 0
15 3758044 0 0
15 2121117 0 0
15 2646781 0 0
15 2361088 0 0
15 3228743 0 0
15 2440932 0 0
16 2474574 0 0
16 3582458 1 0
16 3044667 1 0
16 3146212 0 0
16 3389877 1 0
16 2449135 0 0
16 3425811 1 0
16 3463094 1 0
16 3825963 0 0
16 2804135 0 0
16 2139029 0 0
16 2837052 0 0
16 3132053 0 0
16 3373052 0 0
16 3056414 1 0
16 3183642 1 0
16 3348084 1 0
16 3436712 0 0
16 3788215 0 0
16 3111594 1 0
16 3833581 0 0
16 3220910 1 0
16 2883192 2 0
16 3261469 1 0
16 3406297 1 0
16 3465279 1 0
16 3639666 1 0
16 1332669 1 0
16 3259369 0 0
16 3464171 1 0
16 3723947 1 0
16 3250313 0 0
16 3286760 0 0
16 3309954 0 0
16 2956675 1 0
16 3641506 1 0
16 3663318 0 0
16 1253764 1 0
16 3572648 0 0
16 29033 0 0
16 3649226 1 0
16 2362512 0 0
16 3265831 2 0
16 3764258 1 0
16 2570834 0 0
16 2714570 1 0
16 3764257 0 0
16 3047919 1 0
16 3169587 0 0
16 3170583 1 0
16 3339357 1 0
16 1413549 1 0
16 2234443 0 0
16 3366731 0 0
16 1513594 0 0
16 1941730 0 0
16 3432327 0 0
16 1469795 1 0
16 2990315 0 0
16 2657235 0 0
16 3848828 0 0
16 3671198 1 0
16 3848829 1 0
16 2760694 1 0
16 3599919 0 0
16 3238210 1 0
16 3598823 1 0
16 3114609 0 0
16 3533064 0 0
16 3874910 1 0
16 2797777 1 0
16 3389891 1 0
16 3445204 0 0
16 3528714 0 0
16 1824781 1 0
16 3406033 1 0
16 3651109 1 0
16 2707814 0 0
16 3182330 1 0
16 3878288 0 0
16 3171686 0 0
16 3364540 1 0
16 1065094 0 0
16 2706972 1 0
16 3492403 1 0
16 3160547 1 0
16 3778635 1 0
16 2600306 0 0
16 2679007 1 0
16 2711088 1 0
16 2819851 0 0
16 2362537 2 1
16 2138382 0 0
16 2761776 0 0
16 3099174 0 0
16 535337 0 0
16 3328480 0 0
16 3410778 1 0
16 3354500 1 0
16 3804820 1 0
16 3838836 2 1
16 3453488 2 1
16 3214426 1 0
16 3569287 1 0
16 3298304 0 0
16 1764130 1 0
16 2875533 0 0
16 3653783 2 0
16 3572695 0 0
16 3812203 1 0
16 3416909 1 0
16 3469836 0 0
16 3538532 1 0
16 3201594 0 0
16 3636595 0 0
16 3463040 1 0
16 1890285 0 0
16 2543003 1 0
16 3601006 0 0
16 3846215 2 0
16 3846214 0 0
16 2989371 0 0
16 2542393 1 0
16 3140941 0 0
16 3354725 0 0
16 2789704 1 0
16 2954020 0 0
16 3136687 2 2
16 3513002 1 0
16 3262366 0 0
16 2687912 1 0
16 3352304 1 0
16 3507802 0 0
16 3441275 0 0
16 3688663 0 0
16 3045974 1 0
16 3420388 0 0
16 3047913 2 0
16 3047912 2 0
16 2875553 1 0
16 1560109 1 0
16 3651147 1 0
16 3350112 0 0
16 3488339 0 0
16 3651148 1 0
16 3159754 0 0
16 2662862 0 0
16 3101361 0 0
16 3468766 1 0
16 3573522 2 1
16 3710607 1 0
16 2981885 0 0
16 3418295 0 0
16 3047906 2 0
16 3322900 0 0
16 1331998 1 0
16 3753555 1 0
16 3307996 0 0
16 3102208 1 0
16 2819894 1 0
16 2662856 2 0
16 2769459 1 0
16 3513022 0 0
16 59510 1 0
16 3705271 0 0
16 3000846 0 0
16 3167144 2 2
16 3884537 0 0
16 1079867 0 0
16 3199822 1 0
16 2700561 1 0
16 3231648 1 0
16 3104652 1 0
16 3231647 0 0
16 3643774 1 0
16 3331807 1 0
16 3420768 0 0
16 3691177 1 0
16 2228383 0 0
16 3192198 1 0
16 3477657 0 0
16 3377018 1 0
16 2384936 0 0
16 3289874 0 0
16 3323183 1 0
16 2822191 1 0
16 3834276 1 0
16 1459934 1 0
16 1480512 1 0
16 3478979 0 0
16 3532106 0 0
16 3723546 0 0
16 3792541 2 0
16 3279832 0 0
16 3380674 1 0
16 3420515 2 0
16 3506076 0 0
16 3221851 0 0
16 443511 1 0
16 2950260 2 0
16 3265436 0 0
16 3782506 0 0
16 3672416 2 0
16 3893486 1 0
16 3123183 1 0
16 3560826 1 0
16 3723784 1 0
16 2778145 0 0
16 3214849 0 0
16 3497001 0 0
16 2553063 1 0
16 3415156 0 0
16 3522331 0 0
16 2672220 0 0
16 2805840 0 0
16 1079886 1 0
16 3788030 0 0
16 3096051 0 0
16 1790895 0 0
16 3187869 1 0
16 2737624 1 0
16 3239386 0 0
16 3512761 1 0
16 3010033 0 0
16 2929215 0 0
16 3337583 1 0
16 3663732 0 0
16 1940253 0 0
16 1241132 1 0
16 3767585 0 0
16 2693130 1 0
16 3506098 1 0
16 3512777 0 0
16 2025426 2 0
16 3409955 0 0
16 3004848 1 0
16 3445853 1 0
16 3298793 0 0
16 3279862 0 0
16 3498313 0 0
16 1185557 0 0
16 3734629 1 0
16 2531090 1 0
16 3456911 1 0
16 3474342 2 0
16 2657099 1 0
16 3658390 1 0
16 3543294 0 0
16 3263040 0 0
16 3265220 1 0
16 2672240 0 0
16 3771807 0 0
16 3626150 1 0
16 2231356 0 0
16 2907042 2 0
16 2649227 0 0
16 3339734 1 0
16 3502747 0 0
16 3720223 1 0
16 3334053 0 0
16 3391368 0 0
16 2778347 1 0
16 3213725 2 0
16 2699974 0 0
16 2998008 0 0
16 3439358 1 0
16 3011319 0 0
16 3083818 0 0
16 3162754 1 0
16 3203926 0 0
16 2669065 1 0
16 2908369 1 0
16 3336235 0 0
16 3518098 1 0
16 2823091 0 0
16 3078479 1 0
16 3495023 1 0
16 3613067 1 0
16 2636173 0 0
16 3048609 1 0
16 3127795 1 0
16 3213717 1 0
16 3048605 1 0
16 3124289 0 0
16 3213718 2 1
16 2636176 0 0
16 2801049 1 0
16 2694258 0 0
16 3637271 2 0
16 2957935 1 0
16 3485223 1 0
16 3891057 1 0
16 3538710 0 0
16 1550946 1 0
16 3828623 0 0
16 2674435 1 0
16 3753158 0 0
16 3758847 2 1
16 3362726 0 0
16 3694497 0 0
16 3671145 0 0
16 2254469 0 0
16 3734890 1 0
16 3418218 0 0
16 3675506 0 0
16 3101193 0 0
16 3220107 2 0
16 3395977 1 0
16 2725837 0 0
16 3311177 0 0
16 2813646 1 0
16 3855812 1 0
16 3231363 0 0
16 2740066 0 0
16 3863675 0 0
16 3884139 0 0
16 2999828 1 0
16 2606653 1 0
16 3741928 1 0
16 2740069 1 0
16 3447283 0 0
16 1661627 1 0
16 3610453 0 0
16 1450282 0 0
16 3252294 0 0
16 2685372 0 0
16 2879248 0 0
16 2672274 0 0
16 2733999 1 0
16 3083345 1 0
16 3563021 1 0
16 3348650 1 0
16 3289590 0 0
16 3139356 0 0
16 3305917 0 0
16 2837609 0 0
16 3094264 0 0
16 3460493 1 0
16 3072694 1 0
16 3615911 0 0
16 3506488 0 0
16 126270 1 0
16 3381370 0 0
16 3673807 1 0
16 3429833 1 0
16 3355164 1 0
16 3276019 2 0
16 3589865 2 2
16 3647710 1 0
16 3768380 0 0
16 1952062 0 0
16 3786812 0 0
16 3142515 1 0
16 2409331 1 0
16 2666628 0 0
16 3369563 1 0
16 3576558 2 0
16 3357588 0 0
16 3429831 0 0
16 3102093 0 0
16 3334223 0 0
16 2687765 0 0
16 2813637 0 0
16 3151459 0 0
16 3276025 1 0
16 3586104 1 0
16 1557665 0 0
16 3083320 0 0
16 3504073 1 0
16 3048598 0 0
16 3538064 0 0
16 2628653 0 0
16 3290550 1 0
16 2654876 0 0
16 3346210 1 0
16 1896161 1 0
16 3291402 1 0
16 3310049 0 0
16 3650945 1 0
16 3578723 0 0
16 2850863 0 0
16 3658429 1 0
16 3724134 0 0
16 2835646 2 0
16 3299121 1 0
16 3794652 1 0
16 2729224 1 0
16 3208420 0 0
16 3554104 1 0
16 3206241 1 0
16 1192804 1 0
16 2952778 0 0
16 3217137 0 0
16 2794849 2 0
16 2901582 0 0
16 2794848 2 0
16 3522997 0 0
16 1484481 1 0
16 3242064 0 0
16 2294139 0 0
16 3650958 1 0
16 2887074 0 0
16 3545639 1 0
16 3206249 0 0
16 2918633 1 0
16 3577693 1 0
16 1626429 2 0
16 2799065 0 0
16 3429407 0 0
16 3430634 1 0
16 2706597 0 0
16 2876179 2 0
16 1240701 0 0
16 2582336 2 0
16 3138061 0 0
16 3353191 1 0
16 3609679 0 0
16 3519587 0 0
16 3759631 1 0
16 2629964 1 0
16 2998520 0 0
16 2740278 0 0
16 2994166 2 0
16 3357553 1 0
16 3651816 2 0
16 3658208 1 0
16 1884133 0 0
16 3207310 0 0
16 3531006 0 0
16 2022647 1 0
16 3110959 0 0
16 3531001 0 0
16 2516439 1 0
16 3531003 0 0
16 3884113 0 0
16 3294714 0 0
16 3556749 0 0
16 1278490 0 0
16 2699780 0 0
16 3545854 1 0
16 2718107 1 0
16 2805804 1 0
16 3000155 1 0
16 2613139 1 0
16 3577449 1 0
16 1257598 0 0
16 3011289 0 0
16 3029817 0 0
16 3485989 0 0
16 3831860 2 1
16 3313761 1 0
16 1820779 1 0
16 3367332 0 0
16 3793530 0 0
16 3345322 1 0
16 3446181 1 0
16 3494228 1 0
16 3348836 0 0
16 3643788 1 0
16 3512977 1 0
16 3389903 0 0
16 2740259 2 0
16 3714778 1 0
16 3714777 0 0
16 3233371 1 0
16 2447841 1 0
16 3299168 0 0
16 3207308 0 0
16 3090048 0 0
16 3877441 0 0
16 2133205 0 0
16 3037050 0 0
16 3037051 0 0
16 2915954 0 0
16 3738356 0 0
16 2876142 0 0
16 3152174 0 0
16 3384228 0 0
16 3713058 0 0
16 2634614 0 0
16 3029678 0 0
16 3289182 0 0
16 3647334 2 0
16 3649512 2 0
16 3354496 0 0
16 3726363 0 0
16 3131249 1 0
16 3726364 1 0
16 1866369 2 0
16 3226614 0 0
16 1866368 1 0
16 3284744 0 0
16 3384472 1 0
16 3612481 1 0
16 3284743 0 0
16 3354482 1 0
16 3795377 0 0
16 1180472 1 0
16 3320461 0 0
16 3524042 1 0
16 3513161 1 0
16 2636806 1 0
16 3358606 1 0
16 3867860 0 0
16 3486826 0 0
16 3679720 1 0
16 3077506 0 0
16 3540798 1 0
16 3666420 0 0
16 2923106 0 0
16 3222266 0 0
16 3258671 1 0
16 2516441 0 0
16 1281292 1 0
16 3226624 1 0
16 2199276 1 0
16 3281204 0 0
16 2990395 1 0
16 2133420 0 0
16 2749010 2 0
16 2732615 0 0
16 2844526 0 0
16 2994516 0 0
16 2740203 0 0
16 3296944 0 0
16 3332206 1 0
16 3790902 0 0
16 3389942 0 0
16 3851260 1 0
16 1913573 1 0
16 3715267 1 0
16 3842310 0 0
16 3862399 1 0
16 3674057 0 0
16 1866372 1 0
16 3054867 1 0
16 3140169 0 0
16 58587 0 0
16 3310447 0 0
16 58588 1 0
16 1866375 1 0
16 3224221 0 0
16 1866374 2 0
16 3206415 1 0
16 3446146 0 0
16 3492691 1 0
16 3098805 1 0
16 1891766 0 0
16 3466160 0 0
16 3563216 1 0
16 3178520 0 0
16 3716524 1 0
16 2132394 1 0
16 3586573 0 0
16 3600204 0 0
16 3376884 2 0
16 1249582 1 0
16 3059289 1 0
16 2764638 1 0
16 3097723 1 0
16 1180431 0 0
16 3554993 0 0
16 2136506 0 0
16 1282583 1 0
16 3385367 0 0
16 3736360 0 0
16 2939956 1 0
16 3414792 0 0
16 3718713 0 0
16 64800 1 0
16 1891775 0 0
16 3218854 0 0
16 3699397 0 0
16 3328389 0 0
16 1201174 1 0
16 3765705 1 0
16 3350085 0 0
16 3599824 1 0
16 2698087 0 0
16 3539336 1 0
16 3680994 1 0
16 2212041 2 0
16 3015230 0 0
16 1282590 0 0
16 1519537 2 0
16 3552543 0 0
16 3554721 1 0
16 2926429 1 0
16 2693849 1 0
16 3554722 1 0
16 1351177 1 0
16 2915534 1 0
16 2846742 1 0
16 3274713 2 0
16 2866550 1 0
16 3843699 0 0
16 3214484 0 0
16 2866555 1 0
16 3703269 1 0
16 2759016 0 0
16 3634203 0 0
16 3891976 1 0
16 2900079 0 0
16 3096656 1 0
16 3206865 0 0
16 2649937 0 0
16 2810567 1 0
16 2693614 0 0
16 2991277 1 0
16 3505367 1 0
16 2096682 0 0
16 3624649 2 0
16 3236489 2 0
16 3251620 1 0
16 3492684 0 0
16 2612670 2 0
16 2781175 1 0
16 3678692 0 0
16 2822301 1 0
16 3113842 1 0
16 3214472 0 0
16 3349088 1 0
16 2902007 2 0
16 2922078 1 0
16 1343569 0 0
16 3468119 0 0
16 1297605 0 0
16 3468355 1 0
16 2797742 1 0
16 3614601 0 0
16 3835649 0 0
16 3123215 1 0
16 3420249 1 0
16 3878370 0 0
16 2265286 1 0
16 2775847 0 0
16 3524452 1 0
16 3217610 1 0
16 1379646 0 0
16 2448160 0 0
16 2991547 0 0
16 3433561 1 0
16 3408112 0 0
16 3434413 0 0
16 3546246 2 0
16 3607729 0 0
16 3751043 1 0
16 3477130 0 0
16 2679591 1 0
16 3445304 0 0
16 3444698 0 0
16 3510283 0 0
16 3051085 1 0
16 3386496 1 0
16 2529260 1 0
16 3367710 1 0
16 3515509 1 0
16 2946729 2 0
16 2621125 0 0
16 3708408 1 0
16 3020588 0 0
16 3215424 1 0
16 2692109 1 0
16 3044532 0 0
16 3195973 1 0
16 2761670 0 0
16 2362638 2 0
16 3435512 0 0
16 3867463 0 0
16 3296434 0 0
16 1602194 0 0
16 3711848 0 0
16 3002921 1 0
16 3229853 1 0
16 3257066 0 0
16 3258396 0 0
16 2905176 0 0
16 3405099 0 0
16 3350048 1 0
16 3466020 1 0
16 3023867 1 0
16 1513231 0 0
16 2861068 1 0
16 3337295 1 0
16 3498297 1 0
16 3814724 0 0
16 3162836 0 0
16 3214563 2 1
16 2118676 0 0
16 3251799 1 0
16 3342884 0 0
16 3437700 0 0
16 3056754 1 0
16 3512241 1 1
16 2717974 1 0
16 3631816 1 0
16 2362643 2 0
16 3399346 2 0
16 3173725 1 0
16 2798987 1 0
16 2908671 2 0
16 3108071 2 0
16 2945666 2 0
16 3745864 1 0
16 3364664 1 0
16 3881337 0 0
16 2650967 0 0
16 2966574 1 0
16 2850187 1 0
16 1566819 1 0
16 3517945 1 0
16 3513106 2 0
16 3549740 1 0
16 2957620 0 0
16 1240569 0 0
16 3517948 2 0
16 3641602 0 0
16 3051078 1 0
16 3696102 0 0
16 3031003 1 0
16 3588083 0 0
16 3433116 0 0
16 3436627 1 0
16 2831604 2 0
16 3411509 0 0
16 2988177 1 0
16 3800340 1 0
16 3821280 1 0
16 2650977 0 0
16 2851680 1 0
16 2700484 0 0
16 1241460 1 0
16 2600632 1 0
16 3523165 1 0
16 2769369 2 0
16 3651003 1 0
16 3709542 1 0
16 3263563 0 0
16 3775210 0 0
16 2644295 1 0
16 2881093 1 0
16 3080839 0 0
16 2732070 1 0
16 3534292 0 0
16 2213655 0 0
16 3290929 1 0
16 2570908 1 0
16 2808664 0 0
16 3424873 1 0
16 3615796 0 0
16 1698499 2 0
16 2827164 0 0
16 3146128 1 0
16 3666985 0 0
16 1563962 0 0
16 2213654 0 0
16 3733825 0 0
16 2600401 0 0
16 3149639 0 0
16 2995936 2 0
16 2683438 0 0
16 3265990 0 0
16 3030576 0 0
16 3397177 0 0
16 2732065 1 0
16 3115642 0 0
16 3741438 0 0
16 3193748 0 0
16 3033844 2 0
16 305345 0 0
16 1698496 2 0
16 2685850 1 0
16 1698497 2 0
16 2762967 0 0
16 3542936 0 0
16 2993987 2 0
16 2990233 2 0
16 2651849 2 0
16 2768251 0 0
16 3424867 2 2
16 3042109 0 0
16 3552941 1 0
16 3648689 1 0
16 3629928 1 0
16 1336741 0 0
16 545063 0 0
16 3263540 0 0
16 3851913 0 0
16 2946550 0 0
16 2980671 1 0
16 1253671 1 0
16 3242647 0 0
16 3833481 0 0
16 2442605 0 0
16 2737780 1 0
16 2944377 1 0
16 2921498 0 0
16 3878367 1 0
16 3636451 1 0
16 3469960 1 0
16 3884801 0 0
16 3423762 0 0
16 3358188 0 0
16 3019339 1 0
16 3636453 1 0
16 2772988 1 0
16 3775201 1 0
16 2657144 0 0
16 2837185 0 0
16 2131432 0 0
16 3751499 0 0
16 3846554 0 0
16 1791015 0 0
16 2714678 1 0
16 2909712 1 0
16 3434400 0 0
16 2732089 2 2
16 3091372 0 0
16 2362451 0 0
16 434510 1 0
16 2695207 0 0
16 3512628 1 0
16 3230431 1 0
16 3583826 0 0
16 3641476 0 0
16 3521341 1 0
16 169186 1 0
16 3418564 0 0
16 3770888 0 0
16 3793529 0 0
16 3512625 1 0
16 2800059 1 0
16 3210147 1 0
16 3419650 0 0
16 3407420 0 0
16 3490504 1 0
16 2848228 1 0
16 3502827 1 0
16 3620770 1 0
16 1168903 1 0
16 3425096 0 0
16 2700447 1 0
16 3801460 1 0
16 3464690 1 0
16 2048663 2 0
16 3813689 0 0
16 2769312 1 0
16 3617131 1 0
16 3422815 1 0
16 3437097 2 1
16 1570450 2 0
16 2546434 2 0
16 2852748 0 0
16 3185531 0 0
16 3222822 0 0
16 3501506 0 0
16 3523514 0 0
16 3519024 0 0
16 3266641 1 0
16 3619551 0 0
16 3195329 0 0
16 3674957 0 0
16 1533017 1 0
16 3697858 2 0
16 2755163 1 0
16 3555364 1 0
16 3723420 0 0
16 3321902 0 0
16 2836467 0 0
16 3014751 0 0
16 3177930 0 0
16 3229465 0 0
16 2553184 0 0
16 3015846 0 0
16 3609961 0 0
16 3693496 1 0
16 2841812 0 0
16 3128727 2 0
16 2206251 0 0
16 3066158 0 0
16 3202509 0 0
16 2952111 0 0
16 1852548 1 0
16 3523543 0 0
16 1976312 1 0
16 3841913 0 0
16 1277009 1 0
16 3395824 1 0
16 3643629 0 0
16 1770929 1 0
16 2767354 0 0
16 2228279 1 0
16 3684537 1 0
16 3636096 0 0
16 2546415 0 0
16 3770874 0 0
16 2628137 0 0
16 3546873 0 0
16 3670132 1 0
16 3848538 0 0
16 2823154 0 0
16 544563 1 0
16 3099216 0 0
16 3619537 2 0
16 2806871 2 0
16 3536636 1 0
16 1257651 0 0
16 3511333 0 0
16 2828425 1 0
16 3539903 0 0
16 3521381 1 0
16 2569107 1 0
16 1247603 0 0
16 2569108 1 0
16 3895757 0 0
16 2569104 0 0
16 3523566 2 0
16 1199604 1 0
16 3019385 0 0
16 3071972 0 0
16 3840648 1 0
16 3500686 1 0
16 3031270 1 0
16 1854907 0 0
16 3764173 0 0
16 3847262 0 0
16 3484040 1 0
16 1090570 1 0
16 3047842 0 0
16 2206044 0 0
16 3158131 0 0
16 3628229 0 0
16 3628469 0 0
16 1360665 1 0
16 1360668 0 0
16 2873621 2 0
16 2791745 2 0
16 3521376 1 0
16 3488881 0 0
16 78999 0 0
16 3395833 1 0
16 3625190 1 0
16 3230012 1 0
16 3848581 1 0
16 3023428 0 0
16 2699821 0 0
16 3287103 0 0
16 3485580 0 0
16 3878194 0 0
16 3695236 0 0
16 3362615 0 0
16 169166 1 0
16 3881124 1 0
16 2581654 0 0
16 3755226 0 0
16 3079678 2 0
16 3733674 1 0
16 2630752 0 0
16 3141745 0 0
16 1626399 1 0
16 3654939 0 0
16 2946710 1 0
16 3019168 0 0
16 2605460 0 0
16 3257720 1 0
16 2946705 1 0
16 2801171 1 0
16 3328727 1 0
16 3195798 0 0
16 3263151 0 0
16 3140886 0 0
16 2975003 0 0
16 3297148 0 0
16 1479828 2 0
16 3139656 1 0
16 3841703 2 2
16 3306949 0 0
16 3873997 0 0
16 2799007 1 0
16 1326200 1 0
16 2799006 1 0
16 3222643 0 0
16 3223733 1 0
16 3209436 0 0
16 3701347 0 0
16 2687662 0 0
16 3507672 1 0
16 3012278 1 0
16 3449109 0 0
16 2265727 0 0
16 3798930 1 0
16 1283982 1 0
16 3854848 0 0
16 2952611 0 0
16 3054908 1 0
16 2740180 0 0
16 2823327 0 0
16 3323223 1 0
16 3567980 1 0
16 3465835 1 0
16 3485200 0 0
16 3590522 2 0
16 3292400 0 0
16 3292401 0 0
16 1475215 2 0
16 2776372 0 0
16 3098975 1 0
16 3427310 0 0
16 1867970 0 0
16 3666134 0 0
16 3303629 0 0
16 3400077 0 0
16 2627235 1 0
16 3488710 1 0
16 2686337 0 0
16 3400072 1 0
16 2687670 1 0
16 3015552 1 0
16 3692418 0 0
16 2515635 0 0
16 3748665 1 0
16 1867965 1 0
16 2776368 1 0
16 3793475 2 0
16 3278349 0 0
16 3567970 0 0
16 3863784 1 0
16 2771907 0 0
16 3843700 1 0
16 3726893 1 0
16 3666142 1 0
16 3725321 0 0
16 549073 1 0
16 3037322 0 0
16 2687675 1 0
16 3793463 2 1
16 3798910 0 0
16 545936 1 0
16 3299251 1 0
16 3793462 0 0
16 3771431 0 0
16 3798911 1 0
16 1817699 1 0
16 3690266 1 0
16 3356132 0 0
16 3847052 0 0
16 3770581 0 0
16 1817697 0 0
16 3474320 0 0
16 419719 0 0
16 1557531 1 0
16 3643239 1 0
16 3621204 1 0
16 2893420 1 2
16 3412048 1 0
16 3245436 1 0
16 3442737 0 0
16 3485663 0 0
16 3245435 1 0
16 3488935 1 0
16 3040758 1 0
16 3665064 0 0
16 3357466 1 0
16 3017981 0 0
16 3245439 1 0
16 3704827 2 0
16 3179729 1 0
16 3551388 2 0
16 3354184 1 0
16 3865948 0 0
16 2642789 1 0
16 3414696 1 0
16 3199796 0 0
16 3462337 0 0
16 3760313 0 0
16 3024283 1 0
16 2820286 1 0
16 3104140 0 0
16 3078098 0 0
16 419978 0 0
16 3580915 2 0
16 3634513 1 0
16 3462334 0 0
16 2661046 0 0
16 3039762 1 0
16 3658791 1 0
16 3700059 0 0
16 3746454 0 0
16 3668115 2 0
16 2904737 1 0
16 3439743 0 0
16 3438651 0 0
16 3512824 2 0
16 3634749 1 0
16 3099620 0 0
16 3164407 2 0
16 2709971 1 0
16 3140038 0 0
16 3658556 1 0
16 2453150 1 0
16 3133506 0 0
16 3311442 1 0
16 3488910 1 0
16 2988616 1 0
16 3446046 0 0
16 3533997 1 0
16 3206111 1 0
16 3309593 0 0
16 3446042 0 0
16 2705145 0 0
16 2678979 1 0
16 3804370 1 0
16 3082571 0 0
16 3242172 1 0
16 3412093 1 0
16 2764343 2 2
16 3512833 1 0
16 3804131 1 0
16 3488922 1 0
16 3546856 0 0
16 3564031 1 0
16 3314707 0 0
16 3883371 0 0
16 2940428 0 0
16 3097699 1 0
16 2900127 0 0
16 3314701 0 0
16 543575 1 0
16 2948389 1 0
16 3485659 0 0
16 3726851 0 0
16 3578663 0 0
16 1566206 0 0
16 2909171 0 0
16 3446054 0 0
16 3658573 1 0
16 3072999 0 0
16 2245932 1 0
16 3109406 0 0
16 2805922 1 0
16 3109646 0 0
16 3369402 2 0
16 2803987 1 0
16 3532218 1 0
16 2265740 0 0
16 3244385 0 0
16 1934355 2 0
16 3004879 1 0
16 2739167 0 0
16 3630367 0 0
16 2687444 1 0
16 3820619 0 0
16 3512858 1 0
16 2669800 0 0
16 3827494 0 0
16 3233499 1 0
16 2835561 2 0
16 3015777 1 0
16 3385426 1 0
16 3887999 0 0
16 3512852 1 0
16 3512853 1 0
16 3840694 0 0
16 3712479 1 0
16 3373200 2 0
16 2930649 1 0
16 3488907 0 0
16 3820621 1 0
16 3226963 0 0
16 2253533 1 0
16 3354145 1 0
16 3819641 0 0
16 3850014 1 0
16 3205007 1 0
16 3808789 1 0
16 3505897 1 0
16 3462718 1 0
16 3492376 1 0
16 3309321 0 0
16 2565502 0 0
16 3716444 0 0
16 3463812 1 0
16 3819679 1 0
16 3864244 0 0
16 2740342 0 0
16 3054998 1 0
16 2362587 2 1
16 3165134 1 0
16 2713194 0 0
16 3277098 1 0
16 3692813 0 0
16 3420078 1 0
16 2702076 0 0
16 3259402 2 0
16 2702078 0 0
16 3346751 0 0
16 2820226 0 0
16 3560273 0 0
16 3065410 2 0
16 3436684 1 0
16 3523072 0 0
16 3513041 1 0
16 2698163 1 0
16 3413305 0 1
16 3651058 1 0
16 548142 1 0
16 1314963 1 0
16 2741449 1 0
16 3703350 2 0
16 3309317 0 0
16 3654566 1 0
16 2717562 1 0
16 3574665 2 0
16 2601491 1 0
16 3740785 0 0
16 3527462 1 0
16 2730558 1 0
16 2878220 0 0
16 1448690 0 0
16 3261958 0 0
16 2687002 0 0
16 2994631 0 0
16 3486906 1 0
16 3088749 1 0
16 3738259 0 0
16 2634757 0 0
16 3515473 0 0
16 3823924 1 0
16 2631002 0 0
16 3291373 1 0
16 3216342 0 0
16 3095884 0 0
16 1567971 1 0
16 3540645 0 0
16 3573560 2 0
16 3378923 1 0
16 2259431 0 0
16 2750133 0 0
16 3833974 1 0
16 3022703 1 0
16 2829486 1 0
16 2990022 0 0
16 3040359 2 0
16 2691517 0 0
16 3434041 0 0
16 3751452 1 0
16 3085223 1 0
16 3345885 0 0
16 3378931 1 0
16 3520821 0 0
16 3579090 0 0
16 3295720 0 0
16 2657628 0 0
16 3579095 0 0
16 3579096 1 0
16 2878218 0 0
16 3223498 0 0
16 2831566 0 0
16 2831568 1 0
16 1891645 2 1
16 2952817 0 0
16 3119035 1 0
16 3286833 0 0
16 3060390 0 0
16 3282234 1 0
16 2365414 0 0
16 2600356 0 0
16 3643058 0 0
16 1262688 0 0
16 3388747 1 0
16 2882903 0 0
16 2939601 1 0
16 3594249 0 0
16 1087854 1 0
16 3433366 1 0
16 2739542 2 0
16 3166669 1 0
16 3093241 1 0
16 3729956 1 0
16 3857503 0 0
16 3857505 0 0
16 2259253 0 0
16 2199146 1 0
16 2854441 0 0
16 3471626 0 0
16 3276800 0 0
16 3119282 0 0
16 3054720 2 0
16 2600360 0 0
16 3598856 1 0
16 3005315 1 0
16 3191603 1 0
16 1314922 1 0
16 2432065 0 0
16 2946122 1 0
16 2124881 1 0
16 3853386 0 0
16 3853387 0 0
16 1240872 1 0
16 2774533 1 0
16 2614981 2 0
16 2936352 1 0
16 3812865 0 0
16 3062799 1 0
16 3715333 0 0
16 3087613 0 0
16 3677011 0 0
16 3154497 0 0
16 2938533 0 0
16 3364359 0 0
16 3533947 0 0
16 2848801 0 0
16 3646540 1 0
16 3114807 1 0
16 3667440 0 0
16 2292255 1 0
16 2668566 0 0
16 3135508 0 0
16 3377879 0 0
16 3022902 0 0
16 2671728 0 0
16 2702055 1 0
16 2727334 1 0
16 3690456 0 0
16 3771240 0 0
16 2992485 2 0
16 3495835 0 0
16 3646536 0 0
16 385251 1 0
16 3646538 1 0
16 1469344 0 0
16 1084351 0 0
16 3353452 1 0
16 2868865 2 0
16 3193803 1 0
16 2906969 0 1
16 3376794 0 0
16 2795203 2 0
16 3610129 1 0
16 2892702 2 0
16 3353458 1 0
16 2720944 0 0
17 1413529 1 0
17 2096696 0 0
17 2769281 0 0
17 3723935 0 0
17 3637498 0 0
17 3784096 0 0
17 3784095 0 0
17 3733731 0 0
17 3784093 2 0
17 3214461 1 0
17 2361654 1 0
17 3229965 0 0
17 2214824 0 0
17 3385284 1 0
17 2907480 2 0
17 2739859 2 0
17 3523473 0 0
17 2808501 0 0
17 3214459 2 0
17 2440550 1 0
17 2601892 0 0
17 3162710 0 0
17 2360573 1 0
17 2018715 1 0
17 3481776 0 0
17 2909898 1 0
17 2346482 0 0
17 3469864 2 0
17 3143161 0 0
17 3168021 0 0
17 3424702 0 0
17 3339111 0 0
17 3845555 0 0
17 3036825 0 0
17 1388223 2 0
17 3274511 1 0
17 3514301 0 0
17 3548768 1 0
17 2361674 1 1
17 3171668 0 0
17 3168022 0 0
17 3804806 0 0
17 1560395 0 0
17 3045765 0 0
17 3285652 0 0
17 1784810 2 0
17 3304289 0 0
17 2222693 0 0
17 2360359 2 0
17 1526432 0 0
17 3111584 0 0
17 3019010 1 0
17 2669683 1 0
17 3181234 0 0
17 1808067 0 0
17 2579427 2 0
17 3168033 0 0
17 3090124 2 0
17 2074626 1 0
17 3614335 0 0
17 3447803 0 0
17 3749044 0 0
17 3523043 0 0
17 3552845 0 0
17 3861853 0 0
17 3378788 1 0
17 2246698 2 0
17 2361455 1 0
17 3265620 0 0
17 2946651 0 0
17 3443204 0 0
17 3805912 0 0
17 2120455 1 0
17 3502109 0 0
17 517716 0 0
17 3409121 0 0
17 3751118 0 0
17 3124238 0 0
17 3751119 2 0
17 3733704 0 0
17 3776432 0 0
17 1925057 0 0
17 3523032 0 0
17 3805909 0 0
17 3699316 0 0
17 3728111 0 0
17 3745915 0 0
17 2363883 2 1
17 3339109 1 0
17 2360130 0 0
17 3805908 2 0
17 3892514 0 0
17 3728116 1 0
17 3060091 0 0
17 3022610 0 0
17 2670004 2 0
17 1832174 2 0
17 2364508 1 0
17 3591398 0 2
17 2840001 1 0
17 3469856 2 0
17 2851586 1 0
17 3742438 1 0
17 3441042 0 0
17 3591395 0 0
17 3358061 0 0
17 3276980 1 0
17 1435765 2 0
17 1779264 1 0
17 3626309 0 0
17 3809285 0 0
17 2589428 2 0
17 3845585 0 0
17 2693577 2 0
17 2518287 1 0
17 3010885 2 0
17 2577688 2 0
17 2578779 1 0
17 3391798 0 0
17 3388143 1 1
17 3834039 1 1
17 3489881 0 0
17 2034372 2 0
17 2358880 0 0
17 2590271 1 0
17 2409750 1 1
17 3161216 0 0
17 2590273 2 0
17 2951361 1 1
17 1581465 2 0
17 2758303 1 0
17 3339300 0 0
17 3479825 0 0
17 3342717 1 1
17 3341860 0 0
17 3252339 0 0
17 2467416 0 0
17 3571954 0 1
17 2360733 2 0
17 2713643 0 0
17 3814411 0 1
17 2360730 1 0
17 3488563 0 0
17 1779609 2 0
17 2590266 1 0
17 3835131 0 0
17 1977773 2 0
17 3231662 0 0
17 3047559 0 0
17 2780455 2 0
17 3361207 1 0
17 2362918 2 1
17 3477678 0 0
17 3227160 0 0
17 2136136 0 0
17 3329710 0 0
17 2361835 0 0
17 3188712 1 0
17 151303 0 0
17 1325042 0 0
17 3462186 0 0
17 1196471 0 0
17 3014881 2 0
17 3883231 0 0
17 3188941 2 1
17 3185439 0 0
17 2661323 0 0
17 3298791 0 0
17 3299640 0 0
17 2696457 1 0
17 2361609 2 2
17 3305964 2 1
17 2527833 2 0
17 3711756 0 0
17 3019022 0 0
17 1327684 2 0
17 3484159 0 0
17 3132916 0 0
17 3228283 0 0
17 3719244 0 0
17 3521010 0 0
17 3512557 1 0
17 3221654 0 0
17 2246868 0 0
17 2361861 2 0
17 3842937 0 0
17 2290741 2 0
17 3463443 0 0
17 3146078 0 0
17 2883573 1 0
17 3231468 0 0
17 2360306 0 0
17 2490600 0 0
17 3300282 0 0
17 3034689 2 0
17 3011325 2 1
17 3408898 1 0
17 2409776 2 0
17 2702727 0 0
17 2257960 1 0
17 3495277 0 0
17 2475453 0 0
17 2363818 1 0
17 2361649 2 0
17 3653731 0 0
17 3653732 0 0
17 3011337 2 0
17 2701409 0 0
17 2731031 2 0
17 3076039 1 0
17 3040860 0 0
17 3612870 0 0
17 2678829 1 0
17 3793366 0 0
17 1079904 0 0
17 2678825 0 0
17 2442185 0 0
17 2194686 0 0
17 2678824 2 0
17 3759206 0 0
17 2676643 0 0
17 3558908 0 0
17 3539385 0 0
17 2719217 2 0
17 2430195 1 0
17 2362069 1 0
17 2895749 0 0
17 2719211 0 0
17 3667341 0 0
17 2011530 2 1
17 2925354 0 0
17 3795532 2 0
17 2219959 0 0
17 3793351 0 0
17 3648819 0 0
17 3793357 0 0
17 3793356 0 0
17 3644696 0 0
17 3623770 0 0
17 3417867 0 0
17 3687183 0 0
17 3505154 1 0
17 3748577 0 0
17 2362081 0 0
17 3311140 0 0
17 3789088 0 0
17 3332282 0 0
17 3643356 0 0
17 3698073 1 0
17 3586354 0 0
17 3068170 0 0
17 2033300 1 0
17 3046185 0 0
17 3629048 0 0
17 3163496 1 0
17 3304619 0 0
17 2010224 1 0
17 3852762 0 0
17 3336885 0 0
17 3429829 0 0
17 3771563 0 0
17 2364279 1 0
17 2377109 2 2
17 3470072 1 0
17 3862314 0 0
17 3862311 0 2
17 3185279 2 0
17 552334 0 0
17 3650940 1 0
17 2359925 0 0
17 3397950 0 1
17 3817789 0 0
17 3543403 0 0
17 2010691 1 0
17 2929505 0 0
17 3614803 0 0
17 2858109 2 1
17 3642007 0 0
17 3055081 0 0
17 3528293 1 0
17 2294133 2 0
17 2375172 1 0
17 3457040 0 0
17 3429892 0 0
17 2515323 0 0
17 2799065 0 0
17 165602 1 0
17 2672071 1 0
17 2823016 2 0
17 2590182 0 0
17 3821858 0 0
17 2740278 0 0
17 1790705 1 0
17 3039821 0 0
17 3132509 1 0
17 3853897 0 0
17 3330061 0 0
17 3532331 0 0
17 3574170 0 0
17 3325745 0 0
17 3751941 0 0
17 3841670 0 0
17 2651166 2 0
17 2359713 2 0
17 2492867 0 0
17 535807 0 0
17 1936416 0 0
17 3841675 2 0
17 2228006 2 1
17 2698210 0 0
17 1851019 2 0
17 3332241 0 0
17 3425271 0 0
17 1660559 2 0
17 459229 1 0
17 3236408 0 0
17 3513829 0 0
17 3662727 0 0
17 3220060 0 0
17 3139135 0 0
17 1524979 2 0
17 2527786 0 0
17 2527789 1 0
17 2892662 0 0
17 3407611 0 0
17 2121076 0 0
17 1784626 0 0
17 3206441 1 0
17 3472406 0 0
17 3699583 0 0
17 2133685 0 0
17 2291065 2 0
17 2658827 2 2
17 3395121 1 1
17 2362225 0 0
17 3636204 0 0
17 3705662 1 0
17 3078602 0 0
17 3831698 1 0
17 2075928 1 0
17 3222261 0 0
17 3461739 0 0
17 3519706 0 0
17 3156764 0 0
17 2063368 2 0
17 3697179 0 0
17 3015288 0 0
17 1784648 2 0
17 2749013 0 0
17 3528671 0 0
17 3404933 0 0
17 1832136 2 0
17 1784640 1 0
17 2193730 1 0
17 2789077 1 0
17 2133424 1 0
17 3064653 0 0
17 3108472 0 0
17 3549337 0 0
17 2817385 2 0
17 3134977 1 0
17 3614879 1 0
17 2360066 1 0
17 3598550 1 0
17 2033709 0 0
17 2615741 2 0
17 3528422 1 0
17 2826099 2 0
17 3230900 0 0
17 2728100 2 0
17 3230902 0 0
17 1262738 2 0
17 3702360 0 0
17 2362259 1 0
17 2590840 0 0
17 2888376 0 0
17 2990382 0 0
17 3509927 1 1
17 154142 0 0
17 2259312 0 0
17 3614645 1 0
17 3877479 0 0
17 3364015 0 0
17 3258246 0 1
17 2374489 1 0
17 2800773 0 0
17 3668870 2 0
17 3810782 0 0
17 2363353 0 0
17 3429807 1 0
17 2364213 2 0
17 3656421 0 0
17 2248240 0 0
17 3307451 1 0
17 1784679 1 0
17 3649705 2 1
17 3191726 1 0
17 1831478 0 0
17 2362279 0 0
17 2716791 2 0
17 2852389 1 0
17 3354441 1 0
17 2891759 0 0
17 2831254 0 0
17 2858932 0 0
17 2600697 2 0
17 3191762 0 0
17 2721928 2 0
17 1794257 1 0
17 3229944 0 0
17 2362046 2 2
17 3224257 0 0
17 3469219 1 0
17 3565628 2 0
17 2992127 1 0
17 3119383 2 0
17 2363381 1 2
17 3119384 1 0
17 3224022 1 0
17 3123641 1 0
17 3880848 0 0
17 1481580 1 0
17 1550390 2 0
17 2783117 0 0
17 1784698 1 0
17 3678696 0 0
17 3493773 0 0
17 1831493 0 0
17 3049241 0 0
17 3543840 1 0
17 3141055 0 0
17 3188582 0 0
17 3489039 2 0
17 3094005 0 0
17 1481576 1 0
17 3420243 1 0
17 3549511 1 0
17 3470986 0 0
17 3547333 0 0
17 3869665 1 0
17 3889025 1 0
17 3405082 1 0
17 1868022 2 0
17 3850800 1 0
17 2360200 1 0
17 3800305 0 0
17 2394204 2 2
17 2648628 0 0
17 1261262 1 0
17 2394203 0 1
17 3314184 1 0
17 3481649 0 0
17 3749199 0 0
17 2769155 0 0
17 3490125 0 1
17 3490367 0 0
17 2363968 1 0
17 3354406 1 0
17 3079649 0 0
17 2600200 2 0
17 3019591 0 0
17 3871754 0 0
17 1936262 2 0
17 2741607 0 0
17 3317214 0 0
17 2394479 1 1
17 2769140 0 0
17 3024957 2 0
17 2993709 2 1
17 3307442 0 0
17 3041052 0 0
17 3280070 0 0
17 3020353 1 0
17 3307446 1 0
17 3867218 0 0
17 3868117 0 0
17 3868118 1 0
17 2361316 2 0
17 3547319 0 0
17 2798747 0 0
17 3200164 2 0
17 3480777 0 0
17 3699849 0 0
17 3872612 0 0
17 3172895 0 0
17 3883518 0 0
17 3172898 2 0
17 3536688 0 0
17 3089429 0 0
17 2213637 2 0
17 2394464 2 2
17 3408342 0 0
17 3549509 0 0
17 2720907 0 0
17 3676999 0 0
17 2361566 2 0
17 2926911 0 0
17 2409838 2 0
17 3366831 0 0
17 3701823 0 0
17 2971734 2 0
17 3099067 0 0
17 2533318 0 0
17 2360486 2 0
17 2926920 2 0
17 3800589 0 0
17 3391643 0 0
17 2784504 0 0
17 2808660 0 0
17 3634056 0 0
17 3601129 0 0
17 3562530 0 0
17 3775225 0 0
17 3230887 0 0
17 2567316 1 0
17 3231975 1 0
17 3675683 0 0
17 2361348 0 0
17 3349262 1 0
17 3595626 0 0
17 3850833 0 0
17 2360499 1 0
17 2898547 0 0
17 2408730 1 0
17 2904281 0 0
17 2360010 1 0
17 3480766 0 0
17 3015198 0 0
17 3173917 0 0
17 3230892 0 0
17 1481513 1 0
17 3230894 0 2
17 2376844 1 0
17 1634859 0 0
17 2001384 1 0
17 222910 1 0
17 3524274 0 0
17 3329875 1 0
17 3848983 0 0
17 1592293 0 0
17 3328331 1 0
17 3826715 0 0
17 3832395 0 0
17 1976754 0 0
17 2361111 1 0
17 3652118 0 0
17 3090035 1 0
17 3063496 0 0
17 2967227 2 0
17 2202780 0 0
17 3733604 0 0
17 3522087 2 0
17 2971720 2 0
17 3890473 1 0
17 2360038 0 0
17 2873244 0 0
17 3075460 0 0
17 3704061 0 0
17 2360033 2 0
17 3583820 0 0
17 3726922 0 0
17 2581437 2 0
17 3015824 0 0
17 3328998 0 0
17 3734301 0 0
17 3159014 1 0
17 2375092 2 0
17 1524783 2 0
17 3056132 0 0
17 3851733 1 0
17 2830945 0 0
17 2965656 0 1
17 2936084 0 0
17 2983074 0 0
17 2366159 0 0
17 2480983 0 0
17 3849402 0 0
17 3023697 0 0
17 3090618 0 0
17 3773923 0 0
17 2848216 0 0
17 3021270 0 0
17 3779463 0 0
17 2491624 2 0
17 2636007 1 0
17 3102582 0 0
17 2851652 0 0
17 3621606 2 2
17 2965874 1 1
17 3658254 0 0
17 3405229 1 0
17 3360238 1 0
17 2736891 0 0
17 2391119 2 1
17 2815764 0 0
17 3161350 1 0
17 3719188 0 0
17 2700477 0 0
17 2206027 2 0
17 3771969 0 0
17 2360637 0 1
17 2500202 2 0
17 3735662 0 0
17 2359645 0 0
17 1831853 0 0
17 3746789 0 0
17 2409602 1 0
17 3804785 0 0
17 2713714 0 0
17 3649156 0 0
17 2910507 2 0
17 3861571 0 0
17 3141766 0 0
17 2246974 0 0
17 2768439 0 0
17 3618650 0 0
17 2717078 1 0
17 3000534 0 0
17 3019382 0 0
17 3850443 0 0
17 3002716 1 0
17 3274060 0 0
17 3480912 0 0
17 3208494 0 0
17 3608863 0 0
17 3709381 0 0
17 2638467 0 0
17 3880266 0 0
17 2120968 0 0
17 3755431 0 0
17 3394982 1 0
17 2649116 0 0
17 3422840 0 0
17 2895880 0 0
17 2848006 0 0
17 2709474 0 0
17 2673472 0 0
17 3594704 0 0
17 3627342 1 0
17 3002730 2 0
17 3892020 0 0
17 2988799 0 0
17 2603040 0 0
17 3010593 2 0
17 1479830 1 0
17 2882355 0 0
17 3881139 0 0
17 2941254 0 0
17 3025856 0 0
17 3583834 0 0
17 1988799 2 0
17 2584935 1 0
17 2736844 2 1
17 3779402 0 0
17 3539913 0 0
17 3779403 0 0
17 2490702 1 0
17 2361519 2 0
17 2673223 1 0
17 2135197 0 0
17 2360434 1 0
17 2628336 2 0
17 1854910 0 0
17 2362853 0 0
17 2443761 0 0
17 3765487 0 0
17 3769843 0 0
17 3835032 0 0
17 2409887 2 0
17 3221314 0 0
17 3208589 2 0
17 3774964 0 0
17 3195186 2 0
17 2838821 2 1
17 3862229 0 0
17 3867922 1 0
17 2964849 0 0
17 2994495 0 0
17 3163594 0 0
17 2901268 1 0
17 3641072 0 0
17 3701344 0 0
17 1564042 0 0
17 3335462 0 0
17 1784596 2 0
17 3025113 2 0
17 2639597 0 0
17 3302762 0 0
17 3820846 1 2
17 2503656 0 0
17 3393696 0 0
17 3441631 0 0
17 3851564 0 0
17 3701332 1 0
17 3701331 0 0
17 3161190 0 0
17 2712721 2 0
17 2938337 0 0
17 3533507 0 0
17 2627451 0 0
17 2140966 0 0
17 2364381 1 0
17 3017981 0 0
17 3449126 1 0
17 3505286 0 0
17 3425103 0 0
17 3713363 0 0
17 3713364 2 0
17 3655030 0 0
17 2011425 2 0
17 3141777 0 0
17 3264166 1 1
17 3167985 1 0
17 3875579 0 0
17 3095259 0 0
17 1971764 0 0
17 3499800 0 0
17 3445186 0 0
17 1475890 0 0
17 3748631 1 0
17 3702238 0 0
17 2266853 1 1
17 2376148 0 0
17 3159295 0 0
17 3757349 0 1
17 3139285 0 0
17 3782554 0 0
17 2443359 1 0
17 2096700 2 0
17 3793430 2 0
17 2917428 0 1
17 3690037 0 0
17 3300781 0 0
17 3543585 0 0
17 1090600 2 0
17 3544437 2 0
17 2811397 0 0
17 3554470 0 0
17 2815754 0 0
17 2589083 2 0
17 2908081 0 0
17 3721175 0 0
17 1968579 2 0
17 3257212 1 0
17 2247084 0 0
17 3048203 0 0
17 2361906 2 1
17 1968330 0 0
17 2375075 0 0
17 3545734 0 0
17 2623293 2 0
17 2930659 0 0
17 2844041 0 2
17 1949816 0 0
17 3313884 0 0
17 2929414 0 0
17 3748403 0 0
17 3347629 0 0
17 2776308 2 1
17 3427328 0 0
17 3082791 0 0
17 3885574 0 0
17 2435517 1 0
17 3046010 2 0
17 3236523 1 0
17 3862235 0 0
17 3862231 0 0
17 2409480 0 0
17 3462776 0 0
17 3461448 0 0
17 1475623 2 0
17 3872027 0 0
17 3598235 2 0
17 3854444 0 0
17 3551792 0 0
17 520818 1 0
17 3440928 1 0
17 3560261 0 0
17 2363679 2 1
17 2536182 0 0
17 3268139 0 0
17 2180321 0 0
17 3395009 0 0
17 3395008 0 0
17 2829020 2 0
17 3260631 0 0
17 2074377 2 0
17 1878486 2 0
17 2374334 0 0
17 2374576 0 0
17 3739794 0 0
17 3751671 1 0
17 2527006 0 0
17 2715387 0 0
17 1475606 1 0
17 3862293 0 0
17 3131599 2 0
17 2530895 0 0
17 3310784 0 0
17 1945019 1 0
17 2448225 0 0
17 3665464 0 0
17 3530630 0 0
17 3216348 1 0
17 3118362 2 0
17 3880994 0 0
17 3031894 1 0
17 3131584 0 0
17 3725171 0 0
17 3031897 0 0
17 3066706 0 0
17 2429949 2 0
17 3839269 1 2
17 3140050 0 0
17 3139291 1 0
17 1852093 1 0
17 3496968 0 0
17 3293782 1 0
17 3176293 0 0
17 2821770 0 0
17 3742506 1 1
17 2763677 2 0
17 3205687 1 1
17 3639802 0 0
17 3101984 0 0
17 3812849 1 0
17 2774313 0 0
17 3714460 0 0
17 2689241 0 0
17 2375215 1 0
17 1852282 0 0
17 3343675 0 0
17 2376782 2 0
17 551597 2 0
17 2374360 2 0
17 3758036 0 1
17 3764727 0 0
17 2737128 2 0
17 3167996 0 0
17 2758069 2 0
17 3572052 0 0
17 2364331 2 0
17 3472953 0 0
17 3526386 0 0
17 3856418 0 0
17 3796542 0 0
17 3491017 0 0
17 3280061 0 0
17 2247038 1 0
17 3567931 0 0
17 3310745 0 0
17 3328262 0 0
17 3576405 0 0
17 1584249 1 0
17 3417708 0 0
17 3853386 0 0
17 2120286 0 0
17 3853387 0 0
17 2527493 0 0
17 3668536 0 0
17 1891628 0 0
17 3469571 0 0
17 156646 1 0
17 2704222 0 0
17 1784565 2 0
17 3191400 2 0
17 3435560 0 0
17 3553518 0 0
17 3600347 0 0
17 3843334 0 0
17 1784562 2 0
17 2363499 2 0
17 3225468 0 0
17 3446454 0 0
17 2361082 0 0
17 2994426 0 0
17 1890545 2 0
17 3405952 0 0
17 3083000 0 0
17 3344754 1 0
17 3457599 0 0
17 3008604 2 0
17 3566820 0 0
17 3758285 0 0
17 3168878 0 0
17 3573354 0 0
17 2361088 1 2
17 2835728 1 0
17 2810686 0 0
18 3639679 0 0
18 2614960 0 0
18 2989347 0 0
18 3878496 0 1
18 1413523 1 0
18 2842886 2 1
18 3868699 0 0
18 2415356 0 0
18 3030026 0 0
18 3674684 0 0
18 3625026 0 0
18 2464771 0 0
18 2636755 2 0
18 3183644 0 0
18 3263882 0 0
18 3136418 0 1
18 3833587 0 0
18 3030022 0 0
18 3833586 0 0
18 3150704 0 0
18 3437809 0 0
18 2967566 0 0
18 2621245 0 0
18 3837714 2 2
18 3249321 0 0
18 3305591 0 0
18 3842053 0 0
18 2842879 2 0
18 3637480 0 0
18 2396981 0 0
18 3574827 0 0
18 3895824 0 0
18 3056427 0 1
18 2714573 0 1
18 2714572 0 0
18 2876897 0 0
18 3056428 0 0
18 3437813 0 0
18 546006 2 1
18 2614955 0 0
18 3562608 0 0
18 3423851 0 0
18 3281049 0 0
18 3401823 0 0
18 3090107 2 0
18 3611086 0 0
18 3432327 0 0
18 3432326 0 0
18 3545252 0 0
18 3545253 2 0
18 3641739 0 0
18 2657235 0 0
18 3717038 0 0
18 3114601 0 0
18 3353423 0 0
18 3406272 2 1
18 3410782 0 0
18 3410303 0 0
18 3205738 1 1
18 3350152 0 0
18 3271485 0 0
18 3589060 0 0
18 1253515 0 0
18 2518499 0 0
18 1560394 0 0
18 3639886 0 0
18 3856677 0 0
18 3226243 0 0
18 3800672 0 0
18 3488385 0 0
18 2751741 0 0
18 3023754 0 0
18 3614120 0 0
18 3755537 0 0
18 3825950 0 0
18 2636786 0 0
18 3844212 0 0
18 2063502 0 0
18 2829406 0 0
18 2464764 0 0
18 1550594 0 0
18 2894089 0 0
18 3114850 0 0
18 3786488 0 0
18 3194779 0 0
18 3628760 0 0
18 3295446 0 0
18 3574800 0 0
18 3443039 0 0
18 3501489 0 0
18 2018731 0 1
18 3294350 0 0
18 515303 0 0
18 1994006 2 0
18 3537207 0 0
18 3562647 0 0
18 3463052 0 0
18 2807440 0 0
18 194618 0 0
18 3562643 0 0
18 3379870 0 0
18 3560223 0 0
18 3696273 0 0
18 3415813 0 0
18 3569049 1 0
18 3263443 0 0
18 3850723 2 0
18 2762858 0 0
18 2947741 0 0
18 3536353 0 0
18 3617608 0 0
18 3263204 0 0
18 3189148 0 0
18 1994002 1 0
18 3463058 0 0
18 2726501 0 0
18 3463040 0 0
18 2543002 0 0
18 2199309 0 0
18 3238481 0 0
18 3539611 0 0
18 3201102 0 0
18 3463044 0 0
18 2647692 0 0
18 3828807 0 0
18 3390428 0 0
18 3463046 0 0
18 3810491 0 0
18 3463047 0 0
18 3465224 0 0
18 3546380 0 0
18 3685156 0 0
18 2771785 0 0
18 3611042 2 0
18 2675930 2 0
18 2693562 0 0
18 2718905 0 0
18 3401869 0 0
18 3085157 0 0
18 2660446 0 0
18 3517854 0 0
18 2639604 0 0
18 3784277 0 0
18 3010630 0 0
18 3242768 0 0
18 1994020 1 0
18 2747439 0 0
18 3564814 0 0
18 3838810 0 0
18 3763578 0 0
18 3201578 0 0
18 3558365 0 0
18 1994023 2 0
18 3053562 2 0
18 3679719 0 0
18 3618925 0 0
18 3342739 0 0
18 3342738 0 0
18 3821392 0 0
18 3110298 0 0
18 2483462 0 0
18 3890594 0 0
18 3518712 0 0
18 2769459 0 0
18 3573515 0 0
18 3401870 0 0
18 1847677 0 0
18 3465000 0 0
18 3337389 0 0
18 3463068 0 0
18 3044029 0 0
18 3884537 0 0
18 3151640 0 0
18 3743380 0 0
18 137228 2 0
18 2700560 0 0
18 3400912 2 0
18 3825564 0 0
18 1079864 0 0
18 2583976 0 0
18 3136015 0 0
18 3737703 0 0
18 3239122 0 0
18 3324271 0 0
18 3410720 0 0
18 2572606 0 0
18 2631903 0 0
18 3628132 0 0
18 3719281 0 0
18 1513535 0 0
18 3651722 0 0
18 3298100 0 0
18 2672439 2 0
18 3766272 0 0
18 3275474 0 0
18 3719282 0 0
18 3045108 0 0
18 3372807 0 0
18 3506073 0 0
18 3279838 0 0
18 3420517 0 0
18 2802126 0 0
18 2929685 0 0
18 2732142 0 0
18 2544370 2 0
18 3891065 0 0
18 1471802 0 0
18 2376070 0 0
18 2903712 2 0
18 3019070 2 0
18 2852620 0 0
18 3031187 0 0
18 3618104 0 0
18 3148463 0 0
18 3750932 0 0
18 3750931 0 0
18 2984274 0 0
18 3012456 0 0
18 3148458 0 0
18 3361206 0 0
18 3686606 0 0
18 3888912 0 0
18 2672461 0 0
18 2873572 0 0
18 3644842 0 0
18 3695310 0 0
18 2974228 0 0
18 3777374 0 0
18 3443668 0 0
18 3775198 0 0
18 3161236 0 0
18 3152709 0 0
18 2984278 0 0
18 3681396 0 0
18 137251 0 0
18 2628021 0 0
18 3177807 0 0
18 3090750 0 0
18 3443661 0 0
18 2559831 0 0
18 1618861 0 0
18 2700591 0 0
18 3767585 0 0
18 3418897 2 0
18 2640405 0 0
18 3682238 0 0
18 3420735 0 0
18 3506098 0 0
18 3886982 0 0
18 3649288 0 0
18 3369392 0 0
18 3668183 0 0
18 2525846 0 0
18 2769415 0 0
18 3219287 0 0
18 3523894 0 2
18 3883470 0 0
18 1065010 0 1
18 3004609 0 0
18 1885554 0 0
18 2292740 0 0
18 2682489 0 0
18 3783813 0 0
18 3637057 0 0
18 1533184 0 0
18 2206392 0 0
18 3846068 0 0
18 3041199 0 0
18 3080323 0 0
18 3485489 0 0
18 3891037 0 0
18 2440368 1 1
18 2893122 0 0
18 3485486 0 0
18 149403 0 0
18 3336229 0 0
18 3000417 0 0
18 3030066 0 0
18 3339735 0 0
18 3701778 0 2
18 3152526 0 0
18 3423822 0 0
18 3832902 0 0
18 2699974 0 0
18 3424916 0 0
18 2821911 0 0
18 2929490 0 0
18 2829622 0 0
18 3303770 0 0
18 2919688 2 0
18 3437177 0 0
18 3383503 0 0
18 3792504 0 0
18 3591541 0 0
18 3734873 0 0
18 3441677 0 0
18 549712 0 0
18 3485493 0 0
18 3743337 0 0
18 3681165 0 0
18 2726900 0 0
18 2816328 0 0
18 3465864 0 0
18 2921520 0 0
18 3213715 0 0
18 2990992 0 0
18 3195680 0 0
18 3213714 0 0
18 3848462 0 0
18 3804447 0 1
18 3639695 0 0
18 2911732 0 0
18 2801049 0 0
18 3849794 0 0
18 2396970 0 0
18 3629645 0 0
18 3788237 0 0
18 3629640 0 0
18 3162765 0 0
18 1065044 0 0
18 2989527 0 0
18 3147160 0 0
18 2014745 0 0
18 1550946 2 1
18 2720383 0 0
18 3044479 0 0
18 3722436 0 0
18 2685792 1 0
18 3502773 0 0
18 2699951 0 0
18 3074092 0 0
18 3195434 0 0
18 2698626 0 0
18 3498307 1 0
18 3520181 0 0
18 3297028 0 0
18 3301138 0 0
18 3734890 0 1
18 3818833 0 0
18 3874968 0 0
18 3032255 0 0
18 3275013 0 0
18 3501443 0 0
18 3395974 0 0
18 3626382 0 0
18 3870123 0 0
18 2686886 0 0
18 3390068 1 0
18 3532992 2 2
18 2994134 0 0
18 3379276 0 0
18 3390064 2 0
18 3564105 0 0
18 3379274 0 0
18 3827589 0 0
18 2771803 0 0
18 3390060 0 0
18 2493529 2 0
18 3046166 0 0
18 3048345 2 1
18 3174362 0 0
18 3649914 0 0
18 3826012 0 0
18 2846568 0 0
18 2605326 0 0
18 2718127 0 0
18 3219351 0 0
18 3291435 0 0
18 3379277 0 0
18 3741924 0 0
18 2923171 0 0
18 3827109 0 0
18 3461352 0 0
18 2812797 0 0
18 3599214 0 0
18 2882893 2 2
18 2660293 0 0
18 3079081 0 0
18 3510973 0 0
18 2500262 0 0
18 3345147 2 0
18 3623779 0 0
18 3023057 0 0
18 3083341 0 0
18 2500028 0 0
18 3266241 0 0
18 3395751 0 0
18 3189858 0 0
18 3345141 0 0
18 2940744 0 0
18 2983238 0 0
18 3072211 0 0
18 3704960 0 0
18 3314861 0 0
18 3853610 0 0
18 3853854 0 0
18 2994112 0 0
18 3866926 0 0
18 3691231 0 0
18 3866925 0 0
18 3390083 2 0
18 3654296 0 0
18 3174384 0 0
18 1661601 0 0
18 2522289 0 0
18 3841630 0 0
18 2872643 0 0
18 2964706 1 1
18 2984314 0 0
18 3337737 0 0
18 3658657 0 0
18 2938440 0 0
18 3647709 0 0
18 3533856 0 0
18 2939531 0 0
18 3315737 2 0
18 3861466 0 0
18 3138002 0 0
18 3197010 0 0
18 1878501 0 1
18 3053929 0 0
18 2193589 0 0
18 1929085 0 0
18 2522298 0 0
18 1489941 0 0
18 3678010 0 0
18 2629982 0 0
18 2526417 0 0
18 2606884 0 0
18 2606883 0 0
18 3120727 2 0
18 1896161 0 0
18 2629987 0 0
18 3521631 0 0
18 3670530 0 0
18 3740606 0 0
18 3576789 0 0
18 3669553 0 0
18 3704942 0 0
18 3422193 0 0
18 3484228 0 0
18 3038794 0 0
18 2664221 2 0
18 3470022 0 0
18 3830311 0 0
18 2775128 2 0
18 2740020 0 0
18 3146933 1 1
18 3579408 0 0
18 2410149 0 0
18 2788162 0 0
18 3045279 0 0
18 3470029 2 1
18 2801462 0 0
18 3047693 2 0
18 3714741 0 0
18 3841693 0 0
18 2169208 0 0
18 3220036 0 0
18 3841695 0 2
18 1524983 0 0
18 2932937 1 0
18 3028944 0 0
18 3670566 0 1
18 3669562 0 0
18 3099744 0 0
18 3669560 0 0
18 2920712 0 0
18 3693428 0 0
18 3580624 0 0
18 2799065 0 0
18 3099509 0 0
18 3830328 0 0
18 2994168 0 0
18 3438781 0 0
18 2876179 0 0
18 2233804 0 0
18 3527194 0 1
18 2602020 0 0
18 1637796 0 0
18 2629964 0 0
18 2629966 0 0
18 3424194 0 0
18 3099512 0 0
18 3206236 0 0
18 3556772 0 0
18 2794850 0 0
18 3518251 0 0
18 3205375 0 0
18 3279325 0 0
18 3616178 0 0
18 3616177 0 0
18 1569834 2 0
18 2628868 2 0
18 2629957 0 0
18 3509550 0 0
18 3379095 0 0
18 2846349 0 0
18 3789280 0 0
18 2917553 0 0
18 2628862 0 0
18 3163218 0 0
18 2740249 0 0
18 3713678 0 0
18 3569825 0 0
18 2740243 0 0
18 3109763 0 0
18 2901326 0 0
18 2983267 0 0
18 3097588 0 0
18 3230091 0 1
18 3057248 0 0
18 2515587 0 0
18 3658220 0 0
18 3445096 0 0
18 3493371 0 0
18 3506057 0 0
18 3658225 0 0
18 2805813 2 1
18 2204043 0 0
18 3827135 2 0
18 3827377 0 0
18 2488351 0 0
18 2804728 0 0
18 3520587 0 0
18 2822146 0 0
18 3049881 0 0
18 3619691 0 0
18 2490672 0 0
18 3028953 0 1
18 1240915 0 0
18 2892667 0 0
18 3569817 0 0
18 3224424 0 0
18 3299166 0 0
18 3310243 0 0
18 3313753 0 0
18 3119593 2 0
18 3830115 0 0
18 2957592 0 0
18 3354493 0 0
18 514499 2 0
18 3344684 0 0
18 3219759 0 0
18 3560146 0 0
18 3062014 0 0
18 3583268 0 0
18 3459664 0 0
18 2717439 0 0
18 3623122 0 0
18 3841497 0 0
18 3110300 0 0
18 3194805 0 0
18 3219995 0 0
18 1576315 0 0
18 2674062 0 0
18 2717430 0 1
18 3400591 0 0
18 3576734 0 0
18 3725033 0 0
18 3017683 0 0
18 3544907 0 1
18 3614656 0 0
18 2772044 0 0
18 2971427 0 0
18 1566510 0 0
18 2693835 0 0
18 3263809 0 0
18 3402784 0 0
18 3752881 0 0
18 3820562 2 0
18 2528217 0 0
18 1469289 0 0
18 3431085 2 0
18 3816036 0 0
18 2721939 0 0
18 3646472 0 0
18 3846931 0 0
18 2740235 0 0
18 1502063 0 0
18 2532955 0 0
18 3017210 0 0
18 3763567 0 0
18 2516443 0 0
18 3222028 1 0
18 2853041 0 0
18 2990395 0 0
18 3721937 0 0
18 2678205 0 0
18 3156991 0 0
18 3289166 0 0
18 3190472 0 0
18 3219735 0 0
18 3352059 1 0
18 1533805 0 0
18 3513172 0 0
18 2936439 0 0
18 3841477 0 0
18 3292105 0 0
18 2816297 0 0
18 3222032 0 0
18 3259550 0 0
18 2731516 0 0
18 3422114 0 0
18 3560139 0 0
18 2841247 0 0
18 3120579 0 0
18 3806251 0 0
18 3569173 0 0
18 2899010 1 0
18 3288089 0 0
18 3805163 0 0
18 2630042 0 0
18 3064421 0 0
18 3628802 0 0
18 3004168 0 0
18 3295845 0 0
18 3539552 0 0
18 3052446 0 0
18 3109313 0 0
18 3303910 2 1
18 3542952 0 0
18 3654225 1 0
18 3679986 0 0
18 3318165 0 0
18 1676021 0 0
18 3354466 0 0
18 3339052 0 0
18 3563698 0 2
18 2330030 0 0
18 3866106 0 0
18 2801862 0 1
18 3376884 0 0
18 3519731 1 1
18 3738318 0 0
18 2900097 0 0
18 3109340 0 0
18 1574333 0 0
18 3005662 0 0
18 3272799 0 0
18 2494668 0 0
18 2636832 0 0
18 2822792 0 0
18 3109347 0 0
18 3703280 0 0
18 2716780 0 0
18 3468587 0 0
18 3222059 1 0
18 3357966 0 0
18 3354457 0 0
18 3059291 0 1
18 3205783 0 0
18 3831257 0 0
18 515376 0 0
18 2831021 0 0
18 2974972 0 0
18 1831473 0 0
18 2913103 0 0
18 3516232 1 0
18 3390708 0 0
18 3680994 0 0
18 2922299 0 0
18 3665130 0 0
18 2785749 0 1
18 3224488 0 0
18 3317011 1 0
18 2991290 0 0
18 3484602 0 1
18 3205785 0 0
18 3205787 2 1
18 3447894 0 0
18 2590803 2 1
18 3551696 0 0
18 1824747 0 0
18 2612686 0 0
18 2703251 0 0
18 1794493 0 0
18 2783126 0 0
18 28996 0 0
18 3814923 0 0
18 3102736 0 0
18 3178781 0 0
18 2596356 0 0
18 3274713 0 0
18 3414549 0 0
18 2596117 0 0
18 2613537 0 0
18 2866553 0 0
18 3418902 0 0
18 3350072 0 0
18 3619045 0 0
18 3619046 0 0
18 3786616 0 0
18 2855433 0 0
18 3772692 0 0
18 3504277 0 0
18 3655596 0 0
18 3156544 0 0
18 1824737 0 0
18 1241612 0 0
18 3177462 0 0
18 3750688 0 2
18 64827 2 0
18 2769299 0 0
18 3109354 0 0
18 3516016 0 0
18 1824731 0 0
18 3434129 0 0
18 3706768 0 0
18 3615935 0 0
18 2926674 0 0
18 3415629 0 0
18 3485910 0 0
18 3615934 0 0
18 3357933 0 0
18 2499993 0 0
18 3388422 0 0
18 3388664 0 2
18 2995900 0 0
18 3721873 2 0
18 3468420 0 0
18 3019346 0 0
18 3533167 0 0
18 2374600 0 0
18 3388663 2 0
18 3835406 0 0
18 3389519 0 0
18 3821244 0 1
18 3088369 0 2
18 3065001 0 0
18 1948020 2 0
18 3401727 0 0
18 3158562 0 0
18 3054359 0 0
18 305373 0 0
18 3237461 0 0
18 3434897 0 1
18 3595659 0 0
18 3825603 0 0
18 3810585 0 0
18 2323011 0 0
18 2943221 0 0
18 3764367 0 0
18 3728028 0 0
18 3614026 0 0
18 1240586 0 0
18 3741471 0 0
18 3744740 0 0
18 3423740 0 0
18 1240581 0 0
18 3420478 0 0
18 3614261 0 0
18 3282286 0 0
18 2958974 0 0
18 3334809 0 0
18 2878711 0 0
18 1852915 0 0
18 3789898 0 0
18 2948900 0 0
18 3510291 0 0
18 3745861 0 0
18 183865 0 0
18 3100115 0 0
18 3168384 0 0
18 3387595 0 0
18 2645368 0 0
18 3505951 0 0
18 3011881 0 0
18 3023867 0 0
18 3251794 0 0
18 2374623 0 0
18 2922308 1 0
18 3214568 0 0
18 3042385 0 0
18 3757841 0 0
18 3154170 0 0
18 3757840 0 0
18 3297512 2 0
18 3263740 0 0
18 3428180 0 0
18 2363732 0 0
18 2798987 0 0
18 3617508 0 0
18 2945665 0 0
18 3317002 0 0
18 3505955 0 0
18 3721892 0 0
18 3047823 0 0
18 3420455 0 0
18 3835876 0 0
18 2656493 0 0
18 3236167 2 1
18 3821231 0 0
18 2569914 2 0
18 2957620 0 0
18 3251785 0 0
18 3491437 0 0
18 2808601 0 0
18 3663219 0 0
18 3844573 0 0
18 3790866 0 0
18 3179282 0 0
18 3110134 0 0
18 3791947 0 0
18 2735155 0 0
18 1904231 0 0
18 3847607 0 0
18 3270288 0 0
18 2323000 0 0
18 3001853 0 0
18 3536686 0 0
18 3488028 0 0
18 3319895 0 0
18 3354863 0 0
18 3354864 0 0
18 3540935 2 1
18 2809742 0 0
18 1240377 0 0
18 3424642 0 0
18 3845254 0 1
18 2933462 0 0
18 3399361 0 0
18 2064946 0 0
18 3190011 0 0
18 2657136 0 0
18 3364414 0 0
18 1550640 1 0
18 1764012 0 0
18 3859890 0 0
18 3775210 0 0
18 3558021 0 0
18 3699429 0 0
18 2291304 2 0
18 3151956 0 0
18 2519248 0 0
18 3542926 0 0
18 2291309 2 0
18 3665658 0 0
18 3880668 0 0
18 2650988 0 0
18 3251563 0 0
18 3738261 0 0
18 2128284 0 0
18 2291308 2 0
18 2904291 0 0
18 1963454 0 0
18 3561685 0 0
18 2784986 0 0
18 3176197 0 0
18 2700491 0 0
18 3210176 0 0
18 3869630 0 0
18 2600649 0 0
18 3741438 0 0
18 1550895 0 0
18 3010983 0 0
18 59611 2 0
18 3537555 0 0
18 2584072 0 0
18 3033840 0 0
18 3443576 0 0
18 2413082 0 0
18 2854726 0 0
18 3424870 0 0
18 3424871 0 0
18 59617 2 0
18 2807541 0 0
18 2633181 0 0
18 2291318 2 0
18 3552941 0 0
18 2628191 0 0
18 3286413 0 0
18 2395362 0 0
18 2967692 0 0
18 2769348 0 0
18 3249276 0 0
18 3714088 2 0
18 3816706 0 0
18 1892556 0 0
18 3460917 0 0
18 3710965 0 0
18 3180478 0 0
18 1274338 1 0
18 3556064 0 0
18 3400890 0 0
18 2754087 0 0
18 3616856 0 0
18 3040398 0 0
18 3716030 0 0
18 3168351 0 0
18 3716031 0 0
18 3123000 0 0
18 2474644 0 0
18 2291328 2 0
18 2424184 0 0
18 2827144 0 0
18 3662168 0 0
18 3160868 2 1
18 1894986 0 0
18 2365966 0 0
18 3329880 0 0
18 3064107 0 0
18 3821277 0 1
18 3363539 0 0
18 2064911 2 0
18 3214513 0 1
18 2581821 1 0
18 2767155 0 0
18 3697233 0 0
18 2077893 0 0
18 2738866 0 1
18 3814995 0 0
18 3034954 0 0
18 3414810 0 0
18 2291334 1 0
18 3499352 0 0
18 3529714 0 0
18 3126991 0 0
18 3870642 0 0
18 2909711 0 0
18 2732082 0 0
18 3194010 0 1
18 2836008 0 0
18 3149685 0 0
18 2966983 0 0
18 3555597 0 0
18 222938 2 1
18 3102594 0 0
18 2872581 0 0
18 3754399 0 0
18 3732366 0 0
18 3793528 0 0
18 2611979 0 0
18 3463138 0 0
18 2329634 0 0
18 3407666 0 0
18 2956708 0 0
18 1929107 0 0
18 3004933 0 0
18 1601950 0 0
18 3350215 0 0
18 2700448 0 0
18 2876707 0 0
18 3059641 2 0
18 2686974 0 0
18 2700453 0 0
18 3479949 0 0
18 3514816 0 0
18 3616049 0 0
18 2700454 0 0
18 3534883 0 0
18 3535733 0 0
18 3498243 0 0
18 2449080 0 0
18 3349468 0 0
18 2268720 2 2
18 3081559 0 0
18 1065116 0 0
18 2872337 2 0
18 3081557 0 0
18 2769317 0 0
18 3443536 0 0
18 3097017 0 0
18 3177918 0 0
18 3680180 0 1
18 2840725 0 0
18 3208046 0 0
18 3014759 0 0
18 2772958 2 0
18 3194035 0 0
18 3115658 0 0
18 3568895 0 0
18 2899804 2 0
18 3347490 0 0
18 3833282 0 0
18 3106971 0 0
18 2996377 0 0
18 2823141 0 0
18 3406314 2 1
18 2884340 0 0
18 2216059 0 0
18 3467757 0 0
18 3221745 0 0
18 3441361 0 0
18 3519032 0 0
18 3368191 0 0
18 2964793 0 0
18 3555588 0 0
18 3176617 0 0
18 2126680 0 1
18 1797157 2 0
18 2636028 0 0
18 3515923 0 0
18 3568883 0 1
18 3606469 0 0
18 3188822 0 0
18 2570572 1 0
18 2628138 0 0
18 3038958 0 0
18 3824106 0 0
18 3099218 0 0
18 2703504 0 0
18 2860556 0 0
18 2615299 0 0
18 2830980 0 0
18 1090580 0 0
18 3270925 0 0
18 3863515 0 0
18 2910500 0 0
18 3863513 0 0
18 2842967 0 0
18 2842965 0 0
18 3863993 0 0
18 3569568 0 0
18 3651400 0 0
18 3708057 2 0
18 3628459 0 0
18 3775050 0 0
18 2627273 0 0
18 3487309 0 0
18 3546445 0 0
18 3573823 0 0
18 3219397 0 2
18 1257653 0 0
18 2233641 1 0
18 2859339 0 0
18 2490729 0 0
18 2735733 0 0
18 3452202 0 0
18 3512678 0 0
18 2362829 0 0
18 3507082 0 0
18 2806403 0 0
18 3868149 0 0
18 2840771 0 0
18 2911601 0 0
18 2791745 0 0
18 2898701 0 0
18 3557580 0 0
18 2830978 0 0
18 3590570 0 0
18 3299582 0 0
18 3258820 0 0
18 2946718 0 0
18 3088385 2 1
18 2859588 0 0
18 3088384 0 1
18 3792613 0 0
18 2859340 0 0
18 3165908 0 0
18 3420428 0 0
18 3384962 0 0
18 3512446 0 0
18 3879040 2 0
18 3486437 0 0
18 3515950 0 1
18 3056318 1 1
18 3161314 0 0
18 3184679 2 0
18 2589377 2 0
18 3180075 0 0
18 1550825 0 0
18 3466862 0 0
18 1533271 0 0
18 3618408 0 0
18 2700432 0 0
18 3047866 0 0
18 3184659 1 0
18 3891160 0 0
18 2099277 0 0
18 3108944 0 0
18 3361993 0 0
18 3474233 0 0
18 3408540 0 0
18 3548615 0 0
18 3165920 0 0
18 3466852 0 0
18 3841705 0 0
18 1569440 0 1
18 3700784 0 1
18 2687851 0 0
18 2718197 0 0
18 2799007 0 0
18 2799006 0 0
18 3599169 0 0
18 2778442 0 0
18 3298231 0 0
18 3426199 0 0
18 1176240 0 0
18 3404439 0 0
18 3551398 0 0
18 1257451 0 0
18 3118541 0 0
18 2582242 0 0
18 2442065 0 0
18 3024499 0 0
18 3254128 0 0
18 3481081 0 0
18 2892590 0 0
18 3626910 0 0
18 3771459 0 0
18 3054909 0 0
18 3121714 0 0
18 3288372 0 0
18 2275776 0 0
18 3301444 0 0
18 3038429 0 0
18 3841537 0 0
18 3141321 0 0
18 3876636 0 0
18 1919391 2 1
18 3357009 0 0
18 3700496 0 0
18 3351940 0 0
18 2481437 0 1
18 3748422 0 0
18 522843 0 0
18 3860035 0 0
18 3141318 0 0
18 3245400 0 0
18 3540031 0 0
18 3843700 0 0
18 3168816 0 0
18 3105452 0 0
18 522851 0 0
18 2987954 0 0
18 3131755 0 0
18 2538530 0 0
18 2965705 0 0
18 2882564 0 0
18 3401149 0 0
18 2515426 0 0
18 3279642 0 0
18 3257899 2 0
18 3573161 0 0
18 3588658 0 0
18 2151855 0 0
18 3108757 0 0
18 3511951 0 0
18 3475896 0 0
18 3116109 0 0
18 3304973 0 0
18 3779395 0 0
18 3461492 0 0
18 3733192 0 0
18 3371455 0 0
18 1829434 0 0
18 3484579 0 0
18 3849461 2 1
18 3808952 0 0
18 3493299 0 0
18 3832805 0 0
18 2762186 0 0
18 2914378 0 0
18 3048475 0 0
18 3109838 0 0
18 2699637 2 0
18 2803953 0 0
18 3713368 0 1
18 2526531 0 0
18 3529231 0 0
18 3109837 0 0
18 3135096 0 0
18 2546376 0 0
18 2674594 0 0
18 3224506 0 0
18 3883194 0 0
18 2803959 0 0
18 3618288 0 0
18 3877517 0 0
18 1829421 1 0
18 3038679 0 0
18 3037346 2 0
18 2626597 0 0
18 3118538 0 0
18 3483499 0 0
18 3806322 0 0
18 3792591 0 0
18 3474989 0 0
18 3017926 0 0
18 3564029 0 0
18 3683512 0 0
18 2740143 0 0
18 2952899 2 0
18 2998658 0 0
18 3422902 0 0
18 2825313 0 0
18 3320394 0 0
18 3759768 0 0
18 3420729 0 0
18 2790126 0 0
18 3099620 0 0
18 2740144 0 0
18 3672621 0 1
18 3038627 0 0
18 3108775 0 0
18 3311447 0 0
18 3335656 0 0
18 2254633 0 0
18 2721865 0 0
18 3876830 0 0
18 2721869 0 0
18 3133507 0 0
18 3446036 0 0
18 2615440 0 0
18 3793430 0 0
18 2838855 0 0
18 3198645 0 0
18 3448227 0 0
18 3198646 0 0
18 3530248 0 0
18 3793431 0 0
18 3407757 0 0
18 3108768 0 0
18 3623610 0 0
18 3779386 0 0
18 3539052 0 0
18 3818779 0 0
18 3521774 0 0
18 3464936 0 0
18 2741488 0 0
18 3806319 0 0
18 2948389 0 0
18 2714091 0 0
18 2813577 0 0
18 3726851 0 0
18 3523957 1 1
18 3748656 2 1
18 3807675 0 2
18 2881434 0 0
18 3403367 0 0
18 3413176 0 0
18 3121732 0 0
18 2803987 0 0
18 3535729 0 0
18 2847559 0 0
18 3109407 0 0
18 3535728 0 0
18 3108793 1 0
18 3502805 0 0
18 3069581 0 0
18 3109401 0 1
18 3681357 0 0
18 2689867 0 0
18 3079156 0 0
18 3224531 0 0
18 2627410 0 0
18 3821707 0 0
18 3870080 0 0
18 2920852 0 0
18 2900108 0 0
18 3554459 0 0
18 64544 0 0
18 3025338 0 1
18 3072505 0 0
18 2734942 0 0
18 3108789 0 0
18 3243041 0 0
18 3833937 0 0
18 3309375 0 0
18 3471248 0 0
18 3143516 0 0
18 3474994 0 0
18 2740138 0 0
18 3290232 0 0
18 2740139 0 0
18 3566665 0 0
18 3108784 1 0
18 2569032 0 0
18 2740136 0 0
18 3861380 0 0
18 3318085 0 1
18 3225872 0 0
18 3519480 0 0
18 3751809 0 0
18 3038631 0 0
18 3110854 0 0
18 3401569 0 0
18 3492375 0 0
18 3687476 0 0
18 2827098 0 0
18 3828151 0 0
18 3345896 0 0
18 3048066 0 0
18 1936317 0 0
18 2868875 0 0
18 2572042 0 0
18 3644189 0 0
18 2586681 0 0
18 2689449 0 0
18 2887155 0 0
18 3132698 0 0
18 2000906 0 0
18 3540667 0 0
18 3611026 0 1
18 3638504 0 0
18 3638505 0 0
18 3180514 0 0
18 3180513 2 2
18 3820440 0 0
18 3829250 0 0
18 2133791 0 0
18 2762363 0 0
18 1475607 0 0
18 2248568 0 0
18 2821310 2 0
18 3598658 2 0
18 3461627 0 0
18 3627850 0 0
18 1501093 1 0
18 3472507 0 0
18 3257460 0 0
18 3570062 0 0
18 3072178 0 0
18 3765865 0 0
18 2829011 0 0
18 3506524 0 0
18 3021842 0 0
18 2644319 0 0
18 3065627 0 0
18 3854429 0 0
18 2202337 0 0
18 3657849 0 0
18 3787626 0 0
18 2905689 0 0
18 3680866 0 0
18 3048087 0 0
18 1208906 0 0
18 3290049 0 0
18 3623460 0 0
18 1208905 0 0
18 3111738 0 0
18 3240823 0 0
18 3263902 0 0
18 546197 0 0
18 3800606 0 0
18 2259431 0 0
18 3633020 0 0
18 3693925 0 0
18 3347826 2 0
18 3320127 0 0
18 2575341 0 0
18 3588803 0 0
18 2691517 0 0
18 3109679 0 0
18 2823714 1 0
18 3600137 0 0
18 2988183 0 0
18 2973943 0 0
18 2631015 0 1
18 3192519 0 0
18 3335608 0 0
18 3378931 0 0
18 1636720 0 0
18 2934129 2 1
18 3891882 0 0
18 3238981 0 0
18 3818591 0 0
18 3169523 0 0
18 2688345 0 2
18 3096504 2 2
18 1847510 2 2
18 2688588 0 0
18 3538583 0 0
18 3035194 0 0
18 3483619 0 0
18 2248590 0 0
18 3061488 0 0
18 3822411 0 0
18 3250642 0 0
18 2803921 0 0
18 3177790 0 0
18 3366317 0 0
18 3716884 0 0
18 2803925 0 0
18 3218740 0 0
18 2575518 0 0
18 2845793 0 0
18 3539469 2 0
18 2945045 0 0
18 2440923 0 0
18 3787606 0 0
18 3669617 0 0
18 3366300 0 0
18 2887104 0 0
18 2238779 1 0
18 2994443 0 0
18 3058085 0 1
18 3665499 0 1
18 3713385 0 0
18 2876696 2 0
18 3218979 0 1
18 3025398 0 0
18 3752723 0 0
18 3190515 0 0
18 1570092 0 0
18 2824858 0 1
18 2253710 0 0
18 2938507 0 0
18 3310988 0 0
18 3271354 2 0
18 3184082 0 0
18 3764971 0 0
18 3005319 0 0
18 3310983 0 0
18 3483875 0 0
18 2924354 0 0
18 3853386 0 0
18 3853387 0 0
18 3204560 0 0
18 2854451 0 0
18 3612770 2 0
18 2774533 0 0
18 3570093 0 0
18 3667449 0 0
18 3776927 0 0
18 2365675 0 0
18 3284872 0 0
18 3470328 0 0
18 3677011 0 0
18 3677012 0 0
18 3123513 0 0
18 2613892 0 0
18 2882928 0 0
18 3031848 2 0
18 3433143 0 0
18 2803902 0 0
18 3356979 0 0
18 3008831 0 0
18 3491218 0 0
18 2572023 0 0
18 3206508 0 0
18 3613629 0 0
18 3271560 0 0
18 3301826 2 1
18 2121121 0 0
18 3543959 0 0
18 3228740 0 0
18 2726487 0 0
18 3321659 0 0
18 3732911 0 0
18 3622346 0 0
18 2481451 0 0
18 3622345 0 0
18 2133578 0 0
18 3306268 0 0
18 3864258 2 0
18 2133576 0 0
18 2699031 0 0
18 3131130 0 0
18 3248338 0 0
18 2718875 0 0
18 2904789 0 0
18 3886265 0 0
18 2107061 0 0
18 2121118 0 0
18 2698187 0 0
18 2447568 0 1
18 3163186 0 0
18 2447566 0 0
18 3544813 0 0
18 2892705 0 0
18 3159929 0 0
19 2946615 0 0
19 3580279 0 0
19 3463092 0 0
19 2671755 0 0
19 2671519 0 0
19 3260124 0 0
19 1413523 0 0
19 2769281 0 0
19 3537645 0 0
19 3463094 0 0
19 3561510 0 0
19 2811908 0 0
19 2415357 0 0
19 3183640 0 0
19 1297597 0 0
19 2362985 0 0
19 2714564 0 0
19 2200652 1 0
19 3655928 0 0
19 3765339 0 0
19 3774040 1 0
19 3833587 0 0
19 3833586 0 0
19 1847685 0 0
19 2556996 0 0
19 2591767 0 0
19 3463080 2 1
19 3563703 2 0
19 3837714 0 0
19 2808747 0 0
19 2658533 0 0
19 3523471 0 0
19 3216874 0 0
19 2186032 0 0
19 3471938 0 0
19 3377421 0 0
19 3437812 0 0
19 3765588 0 0
19 2361660 0 0
19 2714570 0 0
19 3765587 0 0
19 2707800 0 0
19 2707801 0 0
19 2707802 0 1
19 1413549 0 0
19 1513598 0 0
19 3884955 0 0
19 3884956 1 0
19 3090107 0 0
19 3361040 2 0
19 3361041 0 0
19 3022655 0 0
19 3560643 0 0
19 1112595 0 0
19 3641739 0 0
19 2633267 0 0
19 3790999 0 0
19 2363609 0 0
19 2829416 0 0
19 3431473 2 1
19 2657235 0 0
19 1253753 0 0
19 3075397 0 0
19 3114601 0 0
19 3030047 0 0
19 3848829 0 0
19 2760694 0 0
19 3653762 0 0
19 3205738 1 2
19 3533064 0 0
19 2989328 0 0
19 1824781 0 0
19 3406033 0 0
19 2707814 0 0
19 2650608 0 0
19 2650603 0 0
19 3124891 0 0
19 2650601 0 0
19 2570849 0 0
19 3023754 0 0
19 3210076 0 0
19 3492402 0 0
19 3825950 0 0
19 2636786 0 0
19 2867977 0 0
19 3641725 0 0
19 1821020 0 0
19 3890399 0 0
19 3355835 0 0
19 3354506 0 1
19 3628760 0 0
19 2363622 0 0
19 1479349 1 1
19 2921346 0 0
19 3259383 0 0
19 3294592 0 0
19 1853091 0 0
19 2988055 0 0
19 2650614 0 0
19 2862698 0 0
19 2650615 0 0
19 3463052 0 0
19 3480869 0 0
19 3838836 0 0
19 2650610 0 0
19 3515415 0 0
19 3379870 0 0
19 3453488 0 0
19 3457600 0 0
19 3516980 0 0
19 3657904 0 0
19 2787510 0 0
19 3514321 0 0
19 3653782 0 0
19 2361453 0 0
19 3416909 0 0
19 3463056 0 0
19 3850722 0 0
19 2441617 1 1
19 3463053 0 0
19 3538532 0 0
19 3074289 0 0
19 2650609 0 0
19 2705822 0 0
19 3463040 0 1
19 3567090 0 0
19 3237157 0 0
19 3733702 0 0
19 2543003 0 0
19 3664207 0 0
19 2602945 0 0
19 2199309 0 0
19 3731762 0 0
19 3517601 0 0
19 2596167 0 0
19 3237155 0 0
19 3513002 0 0
19 3463044 0 0
19 2669462 0 0
19 3201101 0 0
19 3764698 0 0
19 3229776 0 0
19 3489697 0 1
19 3352304 0 0
19 2809841 0 0
19 3507810 0 0
19 2822819 0 0
19 3284113 0 0
19 3463071 0 0
19 3481935 0 0
19 3881408 0 0
19 3737088 0 0
19 3309941 0 0
19 2718905 0 0
19 2845931 0 0
19 3674261 0 0
19 3651148 0 0
19 3787546 0 1
19 3825988 0 0
19 1550789 0 0
19 3243859 0 0
19 1665448 0 0
19 3679719 0 0
19 3687571 0 0
19 3337385 0 0
19 3562639 0 0
19 3527895 0 0
19 3342739 0 0
19 3045966 0 0
19 2957540 0 0
19 1832189 2 0
19 2958874 0 0
19 2364517 0 0
19 3135571 0 0
19 3820062 1 0
19 3627637 2 0
19 3008329 2 0
19 3871614 0 0
19 2769459 0 0
19 3601021 0 0
19 2789727 0 0
19 3008326 0 0
19 3698207 0 0
19 3558373 0 0
19 2578778 0 0
19 3463069 0 0
19 3748832 0 0
19 3031191 0 0
19 3700895 0 0
19 3420763 0 0
19 2245957 0 0
19 3024415 0 0
19 2802352 0 0
19 3891071 0 0
19 2362901 0 0
19 3323183 0 0
19 3630462 0 0
19 2631903 0 0
19 3893495 0 0
19 1568489 0 0
19 3127771 0 0
19 3079137 0 0
19 3531257 0 0
19 1459932 0 0
19 3372803 0 0
19 3285039 0 0
19 137236 0 0
19 3227157 0 0
19 3506074 0 0
19 3884543 0 0
19 2694243 0 0
19 3506076 0 0
19 3571947 0 0
19 3881036 1 0
19 3104646 0 0
19 2467416 0 0
19 2525624 0 0
19 3650884 0 0
19 2846155 2 1
19 3186746 0 0
19 1177989 0 1
19 2846154 0 0
19 2903953 0 0
19 3061847 0 0
19 1626465 0 0
19 3050720 0 0
19 2846152 0 0
19 3850753 0 0
19 3784922 0 0
19 2595954 0 0
19 2533003 0 0
19 3750932 0 0
19 137248 0 0
19 2888820 0 0
19 2048992 0 0
19 3148458 0 0
19 3686605 0 0
19 3605489 0 0
19 3644846 0 1
19 2954896 0 0
19 3503818 0 0
19 3161475 0 0
19 3522337 2 1
19 3775195 0 0
19 3187869 0 0
19 3707261 0 0
19 3203958 0 0
19 2909244 0 0
19 1196471 0 0
19 3033394 0 0
19 3351402 0 0
19 3336246 0 0
19 3871488 0 0
19 3090995 0 0
19 3695307 0 0
19 2780445 0 0
19 3617234 2 0
19 3767585 0 0
19 3750926 0 1
19 2600700 0 0
19 3506098 0 0
19 3042098 0 0
19 3567431 0 0
19 3478996 2 0
19 2894487 0 0
19 2769416 0 0
19 2133096 0 0
19 2669040 0 0
19 2769415 0 0
19 2815650 0 0
19 3523894 0 0
19 3036898 0 0
19 3004609 2 0
19 1839865 0 0
19 2858117 0 0
19 3533009 0 0
19 3533002 0 0
19 2531092 0 0
19 3789102 0 0
19 2699964 0 0
19 2699963 2 0
19 2699962 0 0
19 3066252 2 1
19 2527832 0 0
19 2699967 0 1
19 3430121 0 0
19 3719235 0 0
19 3256747 0 0
19 2699965 0 1
19 2707160 0 0
19 2707150 0 0
19 2872666 0 0
19 3891037 0 0
19 2707151 0 0
19 2707153 0 0
19 1131927 0 0
19 2707157 0 0
19 107846 0 0
19 3681178 0 0
19 3336229 0 0
19 1805441 0 0
19 2848143 0 0
19 3488995 2 1
19 2848140 0 0
19 3407100 2 0
19 3681173 0 0
19 107848 0 0
19 3339733 0 0
19 3651526 0 0
19 3661573 0 0
19 2883541 2 0
19 3392696 0 0
19 2699975 0 0
19 2732103 0 0
19 3253469 0 0
19 2699974 0 0
19 2699973 1 0
19 2829622 0 0
19 2933732 0 0
19 3790568 0 0
19 3383503 0 0
19 1871582 0 0
19 2954423 0 0
19 3180161 0 0
19 3870107 0 0
19 2707162 0 0
19 2911726 0 0
19 3243663 0 0
19 3669051 0 0
19 3186942 0 0
19 1177947 0 0
19 3591544 0 0
19 149413 0 0
19 2464583 0 0
19 2699970 0 0
19 3485493 0 0
19 2746535 0 0
19 3054282 0 0
19 3213715 0 0
19 3475458 0 0
19 3213718 0 0
19 3848467 0 0
19 2801049 0 0
19 3213711 0 0
19 3475455 0 0
19 3849794 0 0
19 3637271 0 0
19 3213710 0 0
19 3219017 0 0
19 3628798 0 0
19 3268712 0 0
19 3766204 0 0
19 3789325 0 0
19 3162760 0 0
19 2276488 0 0
19 3681182 0 0
19 3717087 0 0
19 2962299 0 0
19 3497213 0 0
19 3213709 0 0
19 3475209 0 0
19 2652426 0 0
19 2699953 0 0
19 2804566 0 0
19 2699951 0 0
19 2699950 2 0
19 3417364 0 0
19 3580440 0 0
19 280706 0 0
19 3323155 0 0
19 3882105 0 0
19 1523363 0 0
19 3503621 0 0
19 3395977 0 0
19 2570656 0 0
19 3681185 0 0
19 1513327 0 0
19 3441210 0 0
19 3835397 0 0
19 3016511 0 0
19 3804463 0 0
19 3875420 0 0
19 2918823 0 0
19 3276037 0 0
19 3808824 0 0
19 2994134 0 0
19 1697818 0 0
19 2150625 0 0
19 3083353 0 0
19 2920904 0 0
19 2652431 0 0
19 3116480 0 0
19 3189868 0 0
19 3460026 0 0
19 3610457 0 0
19 3667341 0 0
19 1661627 2 0
19 2962301 0 1
19 3597042 0 0
19 3144941 0 0
19 3175461 0 0
19 2740074 0 0
19 1224873 0 0
19 2949791 0 0
19 533858 0 0
19 1578567 0 0
19 3860152 0 0
19 3219341 0 0
19 3291424 0 0
19 3670751 0 0
19 3615918 0 0
19 3305917 0 0
19 3072694 0 0
19 3393336 0 0
19 3615911 0 0
19 3393338 0 0
19 3276041 0 0
19 3615910 0 0
19 2639243 0 0
19 3492078 0 0
19 155633 0 0
19 3276256 0 0
19 3276257 0 0
19 2672068 0 0
19 3654297 0 0
19 3864989 0 0
19 3589865 0 2
19 3647710 0 0
19 3883066 0 0
19 3751742 0 0
19 3786811 0 0
19 3786812 0 0
19 3023060 0 0
19 3500706 0 0
19 3142514 0 0
19 3708076 0 0
19 3883065 0 0
19 3762609 2 1
19 3335556 0 0
19 2390549 0 0
19 3726303 0 0
19 1569870 0 0
19 2629992 0 0
19 3556952 0 0
19 2364276 0 0
19 2939531 0 0
19 2113429 0 0
19 3669558 0 0
19 3016304 0 0
19 3669556 0 0
19 3276029 0 1
19 3451571 0 0
19 185252 0 0
19 3346211 2 1
19 1878501 0 0
19 3712157 0 0
19 3864973 0 0
19 2189082 0 0
19 2710438 0 0
19 3048598 0 0
19 2629982 0 0
19 2925384 0 0
19 2629985 0 0
19 3519563 0 0
19 2629986 0 0
19 2629987 0 0
19 3487739 0 0
19 2709444 0 0
19 3299121 0 0
19 3575210 0 0
19 2644612 0 0
19 2838746 0 0
19 3235523 0 0
19 3430888 0 0
19 3694524 0 0
19 1488843 0 0
19 1524986 0 0
19 2939327 0 0
19 2804732 0 0
19 2193548 0 0
19 2629972 0 0
19 3220036 0 0
19 2629973 0 0
19 3546726 0 1
19 3862142 0 0
19 3673831 0 1
19 3097567 0 0
19 3050875 0 0
19 3373533 1 0
19 3425052 0 0
19 3871022 0 0
19 2364280 0 0
19 2666646 0 0
19 3577468 0 0
19 2664466 0 0
19 3224633 0 0
19 3500721 0 0
19 3669560 0 0
19 137395 0 0
19 2364042 0 0
19 2902430 0 0
19 3120791 0 0
19 2483918 0 0
19 2453024 0 0
19 2984363 0 0
19 3475705 0 0
19 2799065 0 0
19 2706597 0 1
19 2629968 0 0
19 2837880 0 0
19 3138061 2 0
19 3609679 0 0
19 2629961 0 0
19 2629963 0 0
19 2629964 2 0
19 2629966 0 0
19 3107796 0 0
19 3671401 0 0
19 3658208 0 0
19 2794850 0 0
19 3701496 0 0
19 1884133 0 0
19 3496874 0 0
19 544527 0 0
19 3110959 0 0
19 3806229 0 0
19 2995004 0 0
19 3848061 0 0
19 2695188 0 0
19 3884113 0 0
19 3695872 0 0
19 2954977 0 0
19 3608317 0 0
19 3713675 0 0
19 3628158 0 0
19 2430173 0 1
19 3097588 0 0
19 3224650 0 0
19 2685145 0 0
19 3598345 0 0
19 523839 0 0
19 3345322 0 0
19 2695198 0 0
19 3216258 0 0
19 2695191 0 0
19 2804728 0 0
19 2872831 0 0
19 2695190 2 0
19 3714778 0 0
19 2695194 0 0
19 3141697 0 0
19 3226604 2 1
19 3798656 0 0
19 3738351 0 0
19 3219759 0 1
19 3514008 0 0
19 1819374 0 0
19 2528206 0 0
19 2528203 2 1
19 2660901 0 0
19 2528209 0 0
19 2528208 0 0
19 2528207 0 0
19 3309207 0 0
19 3785345 0 0
19 3599617 0 0
19 3396215 0 0
19 3664470 0 0
19 1470043 0 0
19 3171921 0 0
19 3171924 0 1
19 3542724 0 0
19 2664268 0 0
19 2944278 0 0
19 3508803 0 0
19 2946698 0 1
19 3728789 0 0
19 3854316 0 0
19 2888359 0 0
19 2528212 0 0
19 3649746 0 2
19 2469276 0 0
19 2528210 0 0
19 2880876 0 0
19 2528217 0 0
19 1635736 0 0
19 3470455 0 2
19 2528215 0 0
19 2528214 0 0
19 3869832 0 0
19 2578959 0 0
19 3869834 0 0
19 3823838 2 1
19 2528218 0 0
19 3514010 0 0
19 2891799 0 0
19 2360297 0 0
19 2924432 0 0
19 3224448 0 0
19 3664480 0 0
19 3422122 0 0
19 3491141 0 0
19 3204243 0 0
19 3851273 0 0
19 2990395 0 0
19 2865029 0 0
19 3101606 0 1
19 3754612 0 0
19 3413657 0 0
19 2877018 0 0
19 2716367 0 0
19 2865026 0 0
19 3259550 0 0
19 3128042 0 1
19 212466 0 0
19 3119104 0 0
19 3170633 0 0
19 2915987 0 0
19 2096640 0 0
19 3862397 0 0
19 3437672 0 0
19 2633315 0 0
19 2943190 0 0
19 3862396 0 0
19 1866372 0 0
19 3064419 0 0
19 3064418 0 0
19 3119105 0 0
19 1828053 1 0
19 3705870 0 0
19 3364015 0 0
19 3492692 0 0
19 3510920 0 0
19 3796673 0 0
19 3809316 0 0
19 3553655 0 0
19 2876103 0 0
19 2526065 0 0
19 2865447 0 0
19 3737223 0 0
19 2330030 0 0
19 3308319 0 0
19 3699389 0 0
19 3109340 0 0
19 3113859 0 0
19 3310633 0 0
19 2772251 0 0
19 3097723 0 0
19 2360093 0 0
19 3691645 0 0
19 3385367 0 0
19 3561047 0 0
19 3410191 0 0
19 3517328 0 0
19 3841041 0 0
19 64803 0 0
19 3437612 0 0
19 3517321 0 0
19 3822307 2 0
19 2822322 2 1
19 3458782 0 0
19 1824754 0 0
19 3718715 0 0
19 3680994 2 1
19 3680993 0 0
19 3665130 0 0
19 3574101 0 0
19 2771152 0 0
19 2853483 0 0
19 3798835 0 0
19 3363146 0 0
19 3554721 0 1
19 3709808 0 1
19 3532971 0 0
19 2939501 0 0
19 3296738 0 0
19 2656466 0 0
19 3274713 0 0
19 2760496 0 0
19 2866550 0 0
19 3096892 0 0
19 3396276 0 0
19 3869805 0 0
19 2915539 0 0
19 2828091 0 0
19 3890402 0 0
19 1343554 0 0
19 3379934 0 0
19 3890400 0 1
19 1563465 0 0
19 2888336 0 0
19 3770033 0 0
19 2846739 0 0
19 3814910 0 0
19 3814911 0 0
19 3553649 0 0
19 2634686 0 0
19 3236489 0 0
19 2693850 0 0
19 3236007 0 0
19 3459656 0 0
19 2769299 0 0
19 3814917 0 0
19 3699136 0 0
19 3759259 0 0
19 3765925 0 0
19 3295643 0 0
19 3215560 0 0
19 3485910 0 0
19 2857618 0 0
19 2891738 2 0
19 3468116 0 0
19 3694927 0 0
19 3024938 0 0
19 3388422 0 0
19 3388664 0 2
19 2993722 0 0
19 3321723 0 0
19 2837179 0 0
19 3637136 0 0
19 3835406 0 0
19 2841674 0 0
19 1145187 0 0
19 3460937 0 0
19 3088369 1 0
19 1592076 0 0
19 3401727 0 0
19 2684714 0 0
19 3410685 0 0
19 2684712 2 0
19 2980650 0 0
19 3570357 1 0
19 3526875 0 0
19 2669550 0 0
19 3019340 0 0
19 3503755 0 0
19 3079651 0 0
19 1160569 0 0
19 3257067 0 0
19 1976722 0 0
19 2878710 0 0
19 3012722 0 0
19 3020340 2 1
19 2243246 1 0
19 2843604 0 0
19 3132162 0 0
19 3429040 0 0
19 3710512 0 0
19 3271399 0 0
19 2840573 2 0
19 3548435 0 0
19 2878711 0 0
19 3261112 0 0
19 3229853 2 0
19 3295585 0 0
19 2921686 0 0
19 2921685 0 0
19 3168384 0 0
19 3722984 0 0
19 3722985 0 0
19 2706601 2 0
19 3023867 0 0
19 3285765 0 0
19 1513231 0 0
19 3047830 0 0
19 2911894 0 0
19 2528145 0 0
19 3515513 0 0
19 3398013 0 0
19 3056754 0 0
19 3352695 0 0
19 3711853 0 0
19 3791959 0 0
19 3512244 0 0
19 1140754 0 1
19 3798110 0 1
19 2921693 0 0
19 2360462 0 0
19 2798987 0 0
19 3031013 0 0
19 2706605 0 0
19 3366600 0 0
19 113742 0 0
19 1913175 0 0
19 2804000 0 0
19 2671649 0 0
19 3653890 0 0
19 3023872 0 0
19 3513106 0 0
19 1633737 0 0
19 3517943 0 0
19 1633732 0 0
19 1925151 0 0
19 3844573 0 0
19 3705350 0 0
19 3595204 0 0
19 3549749 0 0
19 3436624 0 0
19 3110131 0 0
19 3270283 0 0
19 2793069 0 0
19 3429028 0 0
19 3637106 0 0
19 3704267 0 0
19 3766537 2 1
19 2793072 0 0
19 2988177 0 0
19 2988175 0 0
19 2700481 0 0
19 2700484 0 0
19 2793071 0 1
19 2600632 0 0
19 3056729 0 0
19 3730305 0 0
19 2438315 0 0
19 2988174 0 1
19 2119347 0 0
19 2517066 0 0
19 2908657 0 0
19 3273369 0 1
19 3750392 0 0
19 3775210 0 2
19 2531137 0 0
19 2760559 0 0
19 3537562 0 0
19 3557179 0 0
19 2761408 0 0
19 2852779 0 0
19 3424876 0 0
19 1963454 0 0
19 3546297 0 0
19 2784744 0 0
19 2784986 0 0
19 2898542 0 0
19 138809 0 0
19 3265990 0 0
19 3656703 0 0
19 3744709 0 0
19 2740954 0 0
19 2362438 0 0
19 2732065 0 0
19 3410238 0 0
19 3477561 0 0
19 2186354 0 0
19 3678711 0 0
19 2861010 0 0
19 3537555 0 0
19 2854726 0 0
19 3424870 0 0
19 2361340 0 0
19 3414839 0 0
19 2692114 0 0
19 2532681 0 0
19 3424868 0 0
19 3420027 0 0
19 3552941 2 0
19 3424869 0 0
19 1878496 0 0
19 3582111 0 1
19 1336741 0 0
19 1634852 0 0
19 3408376 0 0
19 3501159 0 0
19 2852795 0 0
19 2944375 0 1
19 1794538 0 0
19 2754087 0 0
19 3168351 0 0
19 3775209 0 0
19 2827144 0 0
19 2365966 0 0
19 2772988 0 0
19 2840599 0 0
19 3476498 0 0
19 3751498 0 0
19 3821277 0 0
19 3775203 0 0
19 3184818 0 0
19 3548694 0 0
19 3751499 2 2
19 3583672 0 0
19 3844139 0 0
19 1635710 0 0
19 1796947 0 0
19 2978117 0 0
19 3191589 0 0
19 2362457 0 0
19 2737775 0 0
19 3499352 0 0
19 3273352 0 0
19 3570364 2 1
19 3273350 0 0
19 2997093 0 0
19 3542916 0 0
19 3538660 0 0
19 1920530 0 0
19 2695207 2 1
19 3555598 0 0
19 2478658 1 0
19 2966982 0 0
19 3640146 0 0
19 2672326 0 0
19 3480708 2 0
19 169186 0 0
19 3511775 0 0
19 3419652 0 0
19 3846148 0 0
19 2695205 0 0
19 3596900 0 0
19 3408512 0 0
19 3857270 0 1
19 3375198 0 0
19 2876707 0 0
19 2188725 0 0
19 2876706 0 0
19 3633855 0 0
19 2700453 0 0
19 2531184 2 1
19 3071998 0 0
19 3229455 0 0
19 3617135 0 0
19 2700451 0 0
19 3893361 0 0
19 2672792 2 0
19 3257901 0 1
19 2769310 0 0
19 2628156 0 0
19 3136125 1 0
19 3521337 0 0
19 3081559 0 0
19 2360613 0 0
19 3519024 0 0
19 3521336 0 0
19 2769317 0 0
19 2930306 0 0
19 3761949 0 0
19 3299544 0 0
19 3465784 0 1
19 3299543 0 0
19 1159172 0 0
19 3671207 0 0
19 2628155 0 0
19 2478872 0 0
19 3198636 0 0
19 137368 0 0
19 2874783 0 0
19 3826513 0 0
19 3881165 0 1
19 2841812 0 0
19 3301068 0 0
19 1877801 0 0
19 3263100 0 0
19 3317881 0 0
19 1277009 0 0
19 3651866 0 0
19 111183 0 0
19 3652715 0 0
19 3766129 0 0
19 3555588 0 0
19 2840956 0 0
19 3073918 0 0
19 3683440 0 0
19 2126680 0 0
19 1770929 0 0
19 3600934 0 0
19 1277010 0 0
19 3305653 0 0
19 3047421 0 0
19 3705196 0 0
19 1464140 0 0
19 3871139 1 1
19 3038958 0 0
19 523885 0 0
19 2693492 0 1
19 2700479 0 0
19 3257953 0 0
19 3764164 0 0
19 3487780 0 0
19 3863515 0 0
19 3279509 0 0
19 2861408 0 0
19 2840545 0 0
19 3099463 0 0
19 3485125 0 0
19 2708122 0 0
19 3628212 0 0
19 3523566 0 0
19 3219397 2 1
19 3056330 0 0
19 2718165 0 0
19 3503952 0 0
19 2687626 0 0
19 2719254 0 0
19 3487784 0 0
19 1247618 0 0
19 2901617 0 0
19 3316967 0 0
19 3755437 0 0
19 2650589 0 0
19 3369259 0 0
19 2862508 0 1
19 2873624 2 0
19 3674751 0 0
19 1559628 0 0
19 2791745 0 0
19 3282915 0 0
19 3532021 0 0
19 3851765 0 0
19 3893562 0 0
19 1236961 0 0
19 3652503 2 2
19 3893325 0 0
19 2946956 0 0
19 2946713 0 0
19 3088388 0 0
19 2699821 0 0
19 3117630 0 0
19 1526746 0 0
19 2500012 0 0
19 2650593 0 0
19 2862516 0 0
19 2931465 0 0
19 2650592 0 0
19 3486437 2 1
19 2650590 0 0
19 3872415 0 0
19 2672383 0 0
19 2361510 0 0
19 2955660 0 0
19 3140651 0 0
19 2848004 0 0
19 3545336 0 0
19 3463594 0 0
19 3500223 0 0
19 3747849 0 0
19 3626251 0 0
19 2883693 0 0
19 1409774 0 0
19 2900746 0 0
19 3384970 0 0
19 3230021 2 0
19 3335481 0 0
19 2195688 0 0
19 3511367 0 0
19 3846399 0 0
19 3464678 0 0
19 2694380 0 0
19 3299329 0 0
19 3841702 0 0
19 2700439 2 1
19 3140881 0 0
19 2818842 0 0
19 3700784 0 1
19 2799007 0 0
19 2799006 0 0
19 3851981 0 0
19 2687660 0 0
19 3017963 0 0
19 2999705 1 0
19 2845119 0 0
19 3771457 0 0
19 3323223 0 0
19 3621221 0 0
19 3842624 0 0
19 1479817 0 0
19 1781074 0 0
19 3575129 0 0
19 2753012 0 0
19 3131766 0 0
19 3448496 0 0
19 3037331 0 0
19 3332192 0 0
19 1693563 0 0
19 2515635 0 0
19 2640343 0 0
19 3403114 0 0
19 3488725 0 0
19 3843700 0 0
19 3840676 0 0
19 2664779 0 0
19 2987952 0 0
19 3131755 2 0
19 3131757 2 0
19 3795400 0 0
19 3150256 0 0
19 3529242 0 0
19 2009104 0 0
19 3485663 0 0
19 3245435 0 0
19 3109842 0 0
19 3709284 0 0
19 3040758 0 0
19 3131984 0 0
19 2893427 1 1
19 2929613 0 0
19 3704827 0 0
19 539269 0 0
19 2936381 0 0
19 3808952 0 0
19 3179729 0 0
19 1524811 0 0
19 2981152 2 0
19 2803953 0 0
19 3710098 0 0
19 3538185 0 0
19 2631894 0 0
19 3757394 0 0
19 2949694 0 0
19 1459194 0 0
19 3665074 0 0
19 3039762 0 0
19 3806322 0 0
19 1949836 0 0
19 3402059 0 1
19 3157945 0 0
19 3743182 0 0
19 3157944 0 0
19 3564029 0 0
19 2525496 0 0
19 3324996 2 0
19 3496536 0 0
19 3439984 0 0
19 3120669 2 0
19 3045390 0 0
19 1637665 0 0
19 3038627 0 0
19 1936995 0 0
19 3369420 0 0
19 3311442 0 0
19 2640371 0 0
19 3206111 0 0
19 3556894 0 0
19 3530248 0 0
19 3532420 0 0
19 1657024 0 0
19 3247867 0 0
19 2569059 0 0
19 2493601 0 0
19 3610308 0 0
19 2741488 0 0
19 2626579 0 0
19 3640174 0 0
19 3640172 0 0
19 3182069 0 0
19 3279471 0 0
19 3468058 0 0
19 3556890 0 0
19 3509437 0 0
19 3034282 0 0
19 1269457 0 0
19 2881433 0 0
19 3791000 0 0
19 539299 0 0
19 1613248 0 0
19 2377254 0 0
19 3484531 0 0
19 3759301 0 0
19 3374763 0 0
19 3521325 0 0
19 3182093 0 0
19 3371495 0 0
19 2491654 0 0
19 3084737 0 0
19 3034289 0 0
19 3034288 0 0
19 3448230 0 0
19 1797009 0 0
19 3034286 0 0
19 1269449 0 0
19 2920852 0 0
19 3232168 0 0
19 3512619 0 0
19 3203060 0 1
19 2833141 0 0
19 3805248 0 0
19 3277039 1 0
19 2898089 0 0
19 2726081 0 0
19 2898088 0 0
19 3887997 0 0
19 2361924 0 0
19 2412890 0 0
19 2783073 0 0
19 2822266 0 0
19 3861380 0 0
19 3107696 0 0
19 3850014 0 0
19 3004409 0 0
19 3205006 0 0
19 3492374 0 0
19 3401569 0 0
19 3687239 0 0
19 2827098 0 0
19 2009729 0 0
19 1892770 0 0
19 2375411 0 0
19 3492376 0 0
19 3177593 0 0
19 3491289 0 0
19 3106392 0 0
19 2784394 0 0
19 3189107 0 0
19 3817018 2 0
19 3191416 0 0
19 1436005 0 0
19 2442901 0 0
19 3448651 0 0
19 2361491 0 0
19 2688116 0 0
19 3558188 0 0
19 3849086 0 0
19 2644301 0 0
19 3729528 0 0
19 3180513 0 0
19 3259402 0 0
19 2670813 2 0
19 2763694 0 1
19 3715369 0 0
19 3531935 0 0
19 3816156 0 0
19 2440950 0 0
19 3654566 0 0
19 3655896 0 0
19 3472507 0 0
19 3595144 1 0
19 2785826 0 0
19 3507845 0 0
19 3279485 0 1
19 2806372 0 0
19 3221061 0 0
19 3491029 0 0
19 2783046 0 0
19 3048086 2 0
19 3657849 0 1
19 1939848 1 0
19 3048088 2 2
19 2782194 0 0
19 3048084 0 0
19 3140297 0 0
19 3403978 0 0
19 1891438 0 0
19 2096525 0 0
19 3036098 1 0
19 3206771 0 1
19 2346504 0 0
19 2808565 0 0
19 3832642 0 0
19 3529632 0 0
19 1852092 0 0
19 2753644 0 0
19 2829486 0 0
19 3109679 0 0
19 3085223 0 0
19 3585771 0 0
19 2248784 0 0
19 1475828 0 0
19 3378931 0 0
19 3267036 0 0
19 3247204 0 0
19 3294630 0 0
19 3290036 0 0
19 3514156 0 0
19 3678532 0 0
19 3818591 0 0
19 3166013 0 0
19 3133999 0 0
19 3141370 0 0
19 3324918 0 1
19 3342106 0 0
19 2672801 0 0
19 1891645 0 0
19 3386566 0 0
19 2726475 0 0
19 3694800 0 1
19 2689483 0 0
19 3054948 0 0
19 2803921 0 0
19 3456478 0 0
19 3844686 2 0
19 1087854 0 0
19 3311606 0 0
19 3516340 0 0
19 59565 0 0
19 3436637 0 0
19 3206768 0 0
19 3666332 0 0
19 3058077 0 0
19 3633019 0 0
19 2669865 0 0
19 2585565 0 0
19 3750549 0 0
19 3633485 0 0
19 3282244 0 0
19 3058085 0 0
19 3748462 0 0
19 2867999 0 0
19 1241756 0 0
19 3844672 0 0
19 3888425 0 0
19 3622360 0 0
19 3598856 0 0
19 2714498 2 2
19 3310986 2 0
19 3622363 0 0
19 2716675 0 0
19 3072378 0 0
19 3184082 0 0
19 3853381 0 0
19 2854446 0 0
19 3576401 0 0
19 3670831 1 0
19 3853383 0 0
19 2363001 0 0
19 3205664 2 1
19 3724277 0 0
19 3853386 0 0
19 3853387 0 0
19 3204560 0 0
19 156640 0 0
19 2808596 0 0
19 3097618 0 0
19 2774533 0 0
19 2775861 0 0
19 3632382 0 0
19 3529447 0 0
19 3549258 0 0
19 1764756 0 0
19 2613895 0 0
19 3217879 0 0
19 3625607 2 0
19 420078 0 1
19 3796539 0 0
19 3378720 0 0
19 2678120 0 0
19 3168866 0 0
19 1971342 0 0
19 3036068 0 0
19 3094358 0 0
19 2518332 0 0
19 1866465 0 0
19 3622346 0 0
19 2613883 0 0
19 3350184 0 0
19 3228744 0 1
19 3598875 0 0
19 2887125 0 0
19 2984864 0 0
19 3169962 0 0
19 1276807 0 0
19 2125953 0 0
19 2688148 0 0
19 3634319 0 0
20 2775720 0 0
20 3171650 0 0
20 1885960 0 0
20 2651903 0 0
20 3259378 0 0
20 1513131 1 0
20 2190758 0 0
20 3511499 0 0
20 3179139 0 0
20 3639671 0 0
20 2200655 0 0
20 3333834 0 0
20 3183642 0 0
20 3597718 1 1
20 3629861 0 0
20 2749439 0 0
20 3833581 0 0
20 3207931 0 0
20 2729814 0 0
20 2041992 0 0
20 3617410 1 0
20 3577090 0 0
20 3547220 0 0
20 3125529 0 0
20 3847748 0 0
20 29033 0 0
20 3512350 0 0
20 3847745 0 0
20 2911769 0 0
20 2637857 0 0
20 3594693 0 0
20 3296552 1 1
20 3596633 0 0
20 3319997 0 0
20 1679807 0 0
20 2526081 0 0
20 3144011 0 0
20 3362135 0 0
20 3467231 0 0
20 3401822 0 0
20 3526772 0 0
20 3614590 0 0
20 3841194 0 0
20 2671775 0 0
20 2600779 0 0
20 3340342 1 1
20 3884712 0 0
20 3606734 0 0
20 3477270 0 0
20 2483273 0 0
20 3606735 0 0
20 3409547 0 0
20 3720209 0 0
20 3503657 0 0
20 2886242 0 0
20 3010670 1 0
20 3858865 0 0
20 3704157 0 0
20 3265806 0 1
20 3638556 0 2
20 3265807 0 0
20 3420576 0 0
20 3390893 0 0
20 3024602 0 0
20 3227573 0 0
20 3186914 0 0
20 3215527 0 0
20 2633035 0 0
20 3275857 0 0
20 2041973 0 0
20 3568123 0 0
20 3030036 0 0
20 3271496 0 0
20 3646179 0 0
20 3741137 0 0
20 3556152 0 0
20 1413552 0 0
20 3482601 0 0
20 2323360 0 0
20 3789757 0 0
20 3742225 0 0
20 3392842 0 0
20 3401646 0 0
20 2703872 1 0
20 3276994 0 0
20 3400311 0 0
20 3517835 0 0
20 3750276 0 0
20 3454573 0 0
20 3128826 0 0
20 3523040 0 0
20 2633044 0 0
20 1906781 0 0
20 3398395 0 0
20 3513230 0 0
20 3375033 0 0
20 3415810 0 0
20 3745927 0 0
20 2577652 0 0
20 2629172 0 0
20 3570033 0 0
20 3182753 0 0
20 3789502 0 0
20 2559826 0 0
20 3506943 0 0
20 3466322 0 0
20 3858202 0 0
20 2448231 0 0
20 3662022 0 0
20 2752812 0 0
20 1483826 0 0
20 3401894 1 0
20 3663595 0 0
20 1570138 1 1
20 3340570 0 0
20 3139956 0 0
20 3674474 0 0
20 3822028 0 0
20 2576332 0 0
20 3527878 0 0
20 3572680 0 0
20 3423895 0 0
20 3127956 0 0
20 3124447 0 0
20 3563954 0 0
20 3763572 0 0
20 2875553 0 0
20 3641938 0 0
20 2808512 0 0
20 3777976 0 0
20 3033517 0 0
20 2946670 0 0
20 3238497 1 2
20 2924885 0 0
20 3033750 1 0
20 3571583 0 0
20 3266934 0 0
20 3444313 0 0
20 3298521 0 0
20 2106366 0 0
20 2628064 0 0
20 2645287 0 1
20 3858664 0 0
20 3679719 0 0
20 2655081 0 0
20 3834227 0 0
20 3146227 0 0
20 3651394 0 0
20 3623037 0 0
20 3547009 0 0
20 2075593 0 0
20 3134000 0 0
20 3785358 0 0
20 2816387 0 0
20 3838822 0 0
20 1665456 0 0
20 3537696 0 0
20 3055992 0 0
20 3891445 0 0
20 3533688 0 0
20 2837212 0 0
20 3534534 0 0
20 1630712 0 0
20 3346069 0 0
20 3757309 0 0
20 2241592 0 0
20 3759965 0 0
20 3884536 0 0
20 3589245 0 0
20 2736519 0 0
20 3323184 0 0
20 3136013 0 0
20 3777154 0 0
20 2663976 0 0
20 3645948 0 0
20 3168098 0 0
20 2621406 0 0
20 3168094 0 0
20 3389486 0 0
20 1592107 1 0
20 3080591 0 0
20 3080592 0 0
20 2769430 0 0
20 2768584 0 0
20 3080596 0 0
20 2877903 0 0
20 3503806 0 0
20 3608308 0 0
20 2686868 0 0
20 3078276 0 0
20 2257959 0 0
20 3036638 0 0
20 2686860 0 0
20 2408655 1 0
20 3621967 0 0
20 3251274 0 0
20 3682246 0 0
20 2736538 0 0
20 3420744 0 1
20 3125339 1 0
20 3544320 0 0
20 3694462 0 0
20 3640008 0 0
20 2931787 0 0
20 3541054 0 0
20 2925096 1 0
20 2797136 0 0
20 3723554 0 0
20 2640885 0 0
20 3102244 0 0
20 3521230 0 0
20 2873320 0 0
20 3884562 0 0
20 184443 0 0
20 2544357 0 0
20 3098241 0 0
20 2686847 0 0
20 3672675 0 0
20 2984268 0 0
20 3533692 0 0
20 3632850 0 0
20 3838622 0 0
20 3394604 0 0
20 2919679 0 0
20 3558305 0 0
20 2478736 0 0
20 3207058 0 1
20 1781715 0 0
20 3170124 0 0
20 2725820 0 0
20 3804665 0 0
20 3777356 0 0
20 3662898 0 0
20 3694483 0 0
20 3860123 0 0
20 3181020 0 0
20 3458099 0 0
20 3681179 0 0
20 3841616 0 0
20 2756566 0 0
20 3781626 0 0
20 3700453 0 0
20 107848 0 0
20 2366066 1 0
20 2686897 1 0
20 2988446 0 0
20 2478983 0 0
20 2940260 0 0
20 3280620 0 0
20 2857279 0 0
20 3104685 0 0
20 3723509 0 0
20 3164925 0 0
20 3285075 0 0
20 3734633 0 0
20 3884742 0 0
20 3030059 0 0
20 2978897 0 0
20 3837351 0 0
20 3267655 0 0
20 3841601 0 0
20 3841600 0 0
20 2257999 0 0
20 3841604 0 0
20 3632830 0 0
20 3723995 0 0
20 3556589 0 0
20 3681192 0 0
20 1940285 0 0
20 2576184 0 0
20 3014830 0 0
20 3807715 0 0
20 2910882 0 0
20 3753169 0 0
20 3439120 0 0
20 3479813 0 0
20 2694259 0 0
20 1805428 0 0
20 3075199 0 0
20 2745418 0 0
20 3362729 0 0
20 3672008 0 0
20 3130974 0 0
20 1325244 0 0
20 3150329 0 0
20 3168075 0 0
20 3681180 0 0
20 3024648 0 0
20 3659278 1 0
20 3087163 0 0
20 3014844 0 0
20 3512334 0 0
20 3847123 0 0
20 3276349 0 0
20 3285055 0 0
20 3409519 0 0
20 3880165 0 0
20 3880166 0 0
20 2840878 0 0
20 3324486 0 0
20 3418212 0 0
20 2672014 1 1
20 2843900 0 0
20 3159123 0 0
20 3490812 0 0
20 3140522 0 0
20 3626384 0 0
20 2907493 0 0
20 3465881 0 0
20 3681183 0 0
20 2957192 0 0
20 3498632 0 0
20 3507799 0 0
20 3805553 0 0
20 3405405 0 0
20 3508883 0 0
20 1764859 0 0
20 3498871 0 0
20 3794451 0 0
20 3033091 0 0
20 3350968 0 0
20 2880003 0 0
20 3207131 0 0
20 3748791 0 0
20 3197483 0 0
20 3866944 0 0
20 3643138 0 0
20 3648828 0 0
20 2856370 0 0
20 2999828 0 0
20 2494868 0 0
20 3048583 0 0
20 3073792 0 0
20 3225926 0 0
20 3049671 0 0
20 3242026 0 0
20 3338608 1 1
20 3130792 0 0
20 2755794 0 0
20 3374824 0 0
20 3506228 0 0
20 3726523 0 0
20 3760449 0 0
20 2718120 1 1
20 3161054 0 0
20 2627596 0 0
20 2663561 0 0
20 1868939 0 0
20 2194690 0 0
20 3748785 0 0
20 2390763 0 0
20 3477926 0 0
20 3795531 0 0
20 3847183 0 0
20 2803851 0 0
20 2951635 0 0
20 3864757 0 0
20 2672275 0 0
20 3221335 0 0
20 3460015 0 0
20 3841640 0 0
20 3085517 0 0
20 3219340 0 0
20 2697592 0 0
20 3139359 0 0
20 3726772 0 0
20 3841649 0 0
20 3522707 0 0
20 3038533 1 0
20 2722628 0 0
20 3486423 0 1
20 155631 0 0
20 2779987 0 0
20 3015202 0 1
20 3854700 0 0
20 1884173 0 0
20 3015204 0 0
20 3181912 1 0
20 3429834 0 0
20 3071349 0 0
20 3049699 0 2
20 3345598 0 0
20 3349957 0 0
20 3589623 0 0
20 3644204 0 0
20 1852146 0 0
20 2856150 0 0
20 3023064 0 0
20 3589861 0 0
20 3026341 0 0
20 3489902 0 0
20 2596798 1 1
20 2546481 0 0
20 3681433 0 0
20 3546907 0 0
20 3168940 0 0
20 2687521 0 0
20 3546905 0 0
20 3756190 0 0
20 3151458 0 0
20 3527175 0 1
20 3724138 0 0
20 1802091 0 0
20 3151459 0 0
20 3016303 0 0
20 3152787 0 0
20 3041722 0 0
20 3667137 0 0
20 2500042 0 0
20 2740053 0 0
20 2824992 0 0
20 3841621 1 2
20 3740608 0 0
20 3052602 0 0
20 2905956 0 0
20 3432821 0 0
20 3501808 0 0
20 3613718 0 2
20 3613713 0 0
20 3681660 0 0
20 1566372 0 0
20 2483705 0 0
20 3853434 0 0
20 3724308 0 0
20 2918629 0 0
20 3606398 0 0
20 3391196 0 0
20 3868099 0 0
20 3465907 0 0
20 3712322 0 0
20 184377 0 0
20 3459225 0 0
20 3292568 1 1
20 3645993 0 0
20 1386660 0 0
20 3666055 0 0
20 3610658 1 1
20 3650955 0 0
20 3650954 0 0
20 3495332 0 0
20 3767044 0 0
20 1489929 0 0
20 3557863 0 0
20 3354280 0 0
20 1884163 0 0
20 2094403 0 0
20 2799065 0 0
20 3047208 0 0
20 3506035 0 0
20 3144742 0 0
20 3139154 0 0
20 3348613 0 0
20 3620223 0 0
20 3620224 0 0
20 3865646 0 0
20 3512955 0 0
20 2654893 0 0
20 1618805 0 0
20 3291462 0 0
20 3141475 0 0
20 2515551 1 0
20 3673822 0 0
20 2900000 0 0
20 3199887 1 0
20 3235542 0 0
20 3747681 1 1
20 3748771 0 0
20 2825652 0 0
20 2677797 0 0
20 3621765 0 0
20 3733038 0 0
20 3783741 0 0
20 3163217 0 0
20 3038529 2 0
20 3035015 0 0
20 3659304 0 0
20 3751935 0 0
20 1885473 0 0
20 3524703 0 0
20 3783973 0 0
20 1661652 0 0
20 3723480 0 0
20 3726751 0 0
20 2966934 0 0
20 3575256 0 0
20 3814075 0 0
20 2987858 0 0
20 1563476 0 0
20 2180679 0 0
20 3829126 0 0
20 3210944 0 0
20 3612470 0 0
20 3235562 0 0
20 3526236 0 0
20 3176143 0 0
20 3551435 0 0
20 3560387 0 0
20 3530735 0 0
20 3216246 1 1
20 2740226 0 0
20 3760049 0 0
20 2865483 0 0
20 3414769 0 0
20 3372001 0 0
20 3483780 0 0
20 3573468 0 0
20 3726362 0 0
20 3190448 0 0
20 3539546 0 0
20 2888368 0 0
20 1808476 0 0
20 3691847 0 0
20 3830351 0 0
20 548276 0 0
20 2561019 0 0
20 3426973 0 0
20 3668604 0 0
20 3686256 0 0
20 3515589 0 0
20 2762241 0 0
20 2749045 0 1
20 2995617 0 0
20 3353157 0 0
20 2528218 0 0
20 3481374 0 0
20 3846931 0 0
20 2795748 0 0
20 1961630 0 0
20 3679720 0 0
20 3158975 0 0
20 3354242 0 0
20 2923106 0 0
20 3189692 0 0
20 2270355 0 0
20 2946689 0 0
20 3016362 0 0
20 3259316 0 0
20 3693815 0 0
20 3637512 0 0
20 3171711 0 0
20 3339075 0 0
20 1762017 0 0
20 3551416 0 0
20 2994519 0 0
20 534089 0 0
20 3865430 0 0
20 3198190 0 0
20 2824929 0 0
20 3759065 0 0
20 2908830 0 0
20 3284723 0 0
20 3156508 0 0
20 3284722 0 0
20 3164193 0 1
20 3798867 0 0
20 3474836 0 0
20 3181746 0 0
20 3551421 0 1
20 3704307 0 0
20 2911389 0 0
20 3084499 0 0
20 1891792 0 0
20 2677107 0 0
20 2806268 0 0
20 3396461 0 0
20 2740211 0 0
20 3271410 0 0
20 2173903 0 0
20 2782060 0 0
20 3840139 0 0
20 3377728 0 0
20 3704302 0 0
20 3711903 0 0
20 3765963 0 0
20 3130126 0 0
20 3614649 0 0
20 3016385 0 0
20 2831203 0 0
20 3204235 1 1
20 3377965 0 0
20 3483777 0 0
20 2646636 0 0
20 3810789 0 0
20 3447645 0 0
20 2772257 0 0
20 2649902 0 0
20 1282574 0 0
20 3389956 1 1
20 3554508 0 0
20 1891763 0 0
20 2194800 0 0
20 3808221 0 0
20 3192828 0 0
20 3786631 0 0
20 3787721 0 0
20 2890893 0 1
20 3310634 0 0
20 3142179 0 0
20 3833660 0 0
20 3114709 0 0
20 3317262 0 0
20 2140187 0 0
20 1563447 0 0
20 2851297 0 0
20 2913104 0 0
20 2874396 0 0
20 3003252 0 0
20 1891774 0 0
20 2900086 0 0
20 3004585 0 0
20 3395154 0 0
20 3723061 0 0
20 3072490 0 0
20 3665130 0 0
20 3093376 0 0
20 2671817 0 0
20 2891759 0 0
20 3137817 0 0
20 3015244 0 0
20 2808475 0 0
20 2855661 0 0
20 3281247 0 0
20 3693614 0 1
20 154102 0 0
20 3281249 0 0
20 2175063 0 0
20 3181714 0 0
20 2828088 0 0
20 3181713 0 0
20 3554965 0 0
20 3505356 1 1
20 2889679 0 0
20 3181711 0 0
20 3669743 0 0
20 3739421 0 0
20 3179876 0 0
20 3341353 0 0
20 2808239 0 0
20 2575417 0 1
20 2846743 0 0
20 3216421 0 0
20 3725491 0 0
20 3848903 0 0
20 3240743 0 0
20 2759016 0 0
20 3575421 0 0
20 2667597 0 0
20 3890401 0 0
20 2646651 0 0
20 2902496 0 0
20 3890400 0 0
20 3202493 0 0
20 3020603 0 0
20 3085782 1 2
20 3776817 1 0
20 1925116 0 0
20 3466171 0 0
20 3533818 0 0
20 3752863 0 0
20 1370919 0 0
20 3840177 0 0
20 3782483 0 0
20 3821435 0 0
20 3728775 0 0
20 2940724 0 0
20 1343569 0 0
20 2216422 0 0
20 3728530 0 0
20 2621382 0 0
20 2885063 0 0
20 2576515 0 0
20 3021926 0 0
20 2474453 0 0
20 3365786 0 0
20 3385154 0 0
20 3580399 0 0
20 3259499 0 0
20 3259498 0 0
20 2700282 0 0
20 2738418 0 0
20 2995905 0 0
20 3869665 0 0
20 2910307 0 0
20 2817561 0 0
20 3409449 0 0
20 3556041 0 0
20 3764366 0 0
20 2515088 0 0
20 3705145 0 0
20 2705504 0 0
20 3879479 0 0
20 3724911 0 0
20 2769391 0 0
20 3229850 0 0
20 3537755 0 0
20 2098760 0 0
20 2842514 0 0
20 3605315 0 0
20 2738400 0 0
20 2292688 0 0
20 2518349 0 0
20 2577106 0 0
20 3264625 0 0
20 3379728 0 0
20 3386490 0 0
20 3057630 0 0
20 3144375 0 0
20 3286850 0 0
20 2639929 0 0
20 3706451 0 0
20 2516196 0 0
20 3110124 0 0
20 3605527 0 0
20 3435525 0 0
20 3435524 0 0
20 2362643 0 0
20 3296425 0 0
20 2759338 1 1
20 2759336 1 1
20 2798987 0 0
20 2818632 0 0
20 3206704 0 0
20 3391848 0 0
20 3172651 0 0
20 3662123 0 0
20 3086151 0 0
20 3708629 1 0
20 2656493 0 0
20 3269050 1 1
20 3435530 0 0
20 3376477 0 0
20 3693083 0 0
20 2786774 0 0
20 2683854 0 0
20 2738668 0 0
20 3296413 0 0
20 3236166 0 0
20 3375144 0 0
20 3788301 0 0
20 3259022 0 0
20 2385993 0 0
20 3243924 0 0
20 3391618 0 0
20 3353538 0 0
20 2018611 0 0
20 3181595 1 0
20 3614697 0 0
20 3427914 0 0
20 3181779 0 0
20 3714062 0 0
20 3490795 0 0
20 3160834 0 0
20 3490792 0 0
20 3290936 0 0
20 3629946 0 0
20 3033856 0 0
20 3410003 0 1
20 3630944 0 0
20 3646286 0 0
20 3306777 0 0
20 3646285 0 0
20 3009744 0 0
20 3053228 0 0
20 442117 0 0
20 2686939 0 0
20 3263563 0 0
20 2531139 0 0
20 2854952 0 0
20 2211476 0 0
20 2448355 0 0
20 3522066 0 0
20 3779822 0 0
20 3825413 0 0
20 1563968 0 0
20 3779823 0 0
20 3845240 0 0
20 2567312 0 0
20 3779821 0 0
20 3605513 0 0
20 3117824 0 0
20 2737755 0 0
20 3600272 0 0
20 3777883 0 0
20 3662140 0 0
20 3180681 0 0
20 1190185 0 0
20 3264629 0 0
20 3166161 0 0
20 3612492 0 0
20 2515904 0 0
20 2829573 0 0
20 2854970 0 0
20 3757808 0 0
20 1634859 0 0
20 2658001 1 0
20 2845814 0 0
20 3470966 0 0
20 2773606 0 0
20 2803189 0 0
20 3430068 0 0
20 3363302 0 0
20 3212587 0 0
20 2981767 0 0
20 3833480 0 0
20 3651021 0 0
20 1762052 0 0
20 2854976 0 0
20 3833481 0 0
20 3200127 0 0
20 3264879 0 0
20 434521 0 0
20 2904275 0 0
20 3443586 0 0
20 3143086 0 0
20 2698904 0 0
20 3039166 0 0
20 3714092 0 0
20 3039165 1 0
20 3039163 0 0
20 3633189 0 0
20 3039161 0 0
20 2588454 0 0
20 3039160 0 0
20 3044515 0 0
20 3503584 0 0
20 2656295 0 0
20 3470713 1 1
20 3752587 0 0
20 2656298 1 0
20 3065430 0 0
20 2629026 0 0
20 2736201 0 0
20 3010526 0 0
20 2737778 0 0
20 3751252 0 0
20 3093791 0 0
20 2039733 0 0
20 2758214 0 0
20 3468879 0 0
20 3350467 0 0
20 2129113 0 0
20 2981754 0 0
20 1434791 0 0
20 3039168 0 0
20 3641475 1 0
20 3783719 0 0
20 3014974 0 0
20 2767145 0 0
20 3398070 0 0
20 3684766 0 0
20 2952336 0 0
20 3358170 0 0
20 3420407 0 0
20 3308913 0 0
20 3134197 0 0
20 3407420 0 0
20 3141722 0 0
20 3840842 0 0
20 2664944 0 0
20 2682375 0 0
20 3358179 0 0
20 3263128 0 0
20 3850885 0 0
20 3297130 0 0
20 3599178 0 0
20 3859216 0 0
20 3389369 0 0
20 3616049 0 0
20 2936082 0 0
20 3479946 0 0
20 2988764 0 0
20 3388276 0 0
20 3498244 0 0
20 1888729 0 0
20 3808098 0 0
20 2525981 0 0
20 2767133 0 0
20 3134183 0 0
20 2876935 0 0
20 3222823 0 0
20 3619554 0 0
20 2479993 0 0
20 3546419 0 0
20 2595833 0 0
20 3781778 0 0
20 3342800 0 0
20 3684782 0 0
20 2723103 0 0
20 2859387 0 0
20 2749930 0 0
20 2919539 0 0
20 3869042 0 0
20 3208044 0 0
20 1828629 0 0
20 3621844 0 0
20 3588016 0 0
20 2137346 0 0
20 2519065 0 0
20 2854937 0 0
20 3306997 0 0
20 151666 1 0
20 2757313 0 0
20 3499780 0 0
20 3153918 0 0
20 3836550 0 0
20 3835463 0 0
20 1885431 0 0
20 3792880 0 0
20 2964793 0 0
20 2755148 0 0
20 3054182 0 0
20 3617350 0 0
20 3232404 0 0
20 3587397 0 0
20 3684539 0 0
20 3792648 0 0
20 3543360 0 0
20 2770528 0 0
20 3833290 1 0
20 3341718 0 0
20 2908021 0 0
20 1308831 0 0
20 3591240 0 0
20 3700981 0 0
20 2531166 1 1
20 3522208 0 0
20 3833057 0 0
20 3674738 0 0
20 3044107 0 0
20 3090400 0 0
20 2533397 0 0
20 2235832 0 0
20 2391148 0 0
20 3474460 0 0
20 3776389 1 0
20 2263063 0 1
20 2767341 0 0
20 2954314 0 0
20 3384944 0 0
20 3573819 0 0
20 3791548 1 0
20 3139206 0 0
20 3368175 0 0
20 3571885 0 0
20 126248 0 0
20 3519051 0 0
20 3713817 0 0
20 2586086 1 1
20 3335497 0 0
20 2912929 0 0
20 3099228 0 0
20 3644936 0 0
20 2072951 0 0
20 3229010 0 0
20 3682132 0 0
20 1533057 0 0
20 3638498 0 0
20 3117663 0 0
20 1559621 0 0
20 3524881 0 0
20 2897850 0 0
20 3423946 0 0
20 3158131 0 0
20 3381447 0 0
20 3862652 0 0
20 3519069 0 0
20 3602056 0 0
20 2546472 0 0
20 3290773 0 0
20 3829619 0 0
20 3059613 0 0
20 3592750 0 0
20 3766118 0 0
20 2173440 0 0
20 3258820 0 0
20 3498894 0 0
20 3318937 0 0
20 2806855 0 0
20 3485580 0 0
20 3884631 0 0
20 2581659 0 0
20 3111095 0 0
20 3539924 0 0
20 3732588 1 0
20 2581654 0 0
20 2735528 0 0
20 2581656 0 0
20 3038929 0 0
20 3218289 0 0
20 1315326 0 0
20 2139563 0 0
20 3519079 0 0
20 2895888 0 0
20 3079434 0 0
20 3150203 0 0
20 3659153 0 0
20 3500470 0 1
20 3020168 0 0
20 3580328 0 0
20 3509049 0 0
20 2836010 0 0
20 3360424 0 0
20 3778315 0 0
20 2582512 0 0
20 3420418 0 0
20 3382317 0 0
20 3607999 0 0
20 3664506 0 0
20 2876912 0 0
20 2735511 0 0
20 3671267 0 0
20 3840614 0 0
20 2758853 0 0
20 3859221 0 0
20 2324130 0 0
20 2799007 0 0
20 3811088 0 0
20 2799006 0 0
20 3700781 0 0
20 2942812 0 0
20 3716601 0 0
20 3414487 0 0
20 2172778 0 0
20 3212601 0 0
20 3196037 0 0
20 2901263 0 0
20 3414247 0 0
20 3458293 0 0
20 2426819 0 0
20 3141320 0 0
20 3517472 0 0
20 1564284 0 0
20 3149286 0 0
20 3783449 0 0
20 3805423 0 0
20 2963762 0 0
20 3666389 0 0
20 3322129 0 0
20 3749751 0 0
20 2640105 0 0
20 3508533 0 0
20 3713342 0 0
20 2764381 0 0
20 1552077 0 0
20 3563145 0 0
20 3263093 0 0
20 2821399 0 0
20 1383487 0 0
20 3784765 0 0
20 3061208 0 0
20 3265278 0 0
20 1829443 0 0
20 3670631 0 0
20 3872046 0 0
20 3464731 0 0
20 3488964 0 0
20 3315621 0 0
20 3747369 0 0
20 3316953 0 0
20 3606293 0 0
20 3700478 0 0
20 1693553 1 0
20 2993144 0 0
20 130212 0 0
20 3017745 0 0
20 3656355 0 0
20 3888636 0 0
20 1693557 1 1
20 2849937 1 0
20 2914366 0 1
20 3752710 0 0
20 3245433 0 0
20 3442737 0 0
20 3783424 0 0
20 3141304 0 0
20 2736930 0 0
20 2654525 0 0
20 3577769 0 0
20 2725807 0 0
20 3658538 0 0
20 3724487 0 0
20 3098516 0 0
20 1774568 0 0
20 3474314 0 0
20 3177789 1 1
20 3657696 0 0
20 3382355 0 0
20 3060344 0 0
20 3607156 0 0
20 2432047 0 0
20 3713362 0 0
20 2736927 0 0
20 1615877 0 0
20 3199794 0 0
20 3860496 0 0
20 2632742 0 0
20 3567952 0 0
20 3099615 0 0
20 3442743 0 0
20 3058023 0 0
20 3058027 0 0
20 3760799 0 0
20 1887540 0 0
20 2988850 0 0
20 3445181 0 0
20 3012239 0 0
20 3422903 0 0
20 3569961 0 0
20 3309367 0 0
20 3127290 0 0
20 3182073 0 0
20 3860086 1 0
20 3880091 1 0
20 3569967 0 0
20 2813562 0 0
20 3338923 0 0
20 3405324 1 0
20 3700054 0 0
20 3634986 0 0
20 3095265 0 0
20 3354177 0 0
20 3127292 0 0
20 3700057 0 0
20 2580033 0 0
20 3046238 0 0
20 3308020 1 0
20 3704649 0 0
20 3320383 0 0
20 3736403 0 0
20 3438425 0 0
20 3520688 0 0
20 1444922 0 0
20 3245441 0 0
20 3245440 0 0
20 3564269 0 0
20 2741488 0 0
20 3725761 0 0
20 3448220 0 0
20 3310101 0 0
20 3702220 0 0
20 3279472 0 0
20 2987980 0 0
20 3236759 0 0
20 3726866 0 0
20 3403126 0 0
20 2803741 0 0
20 3493007 0 0
20 2954859 0 0
20 3661986 1 1
20 3661985 0 0
20 3735339 0 0
20 3081234 0 0
20 547918 0 0
20 2174926 0 0
20 3371494 0 0
20 3671311 0 0
20 2443133 0 0
20 3004637 0 0
20 3079155 0 0
20 3164663 0 0
20 3630367 0 0
20 2773283 0 0
20 3611600 0 0
20 2669804 0 0
20 3616067 0 0
20 2631690 0 0
20 2976618 0 0
20 3507264 1 0
20 3866834 0 0
20 2525487 0 0
20 3866833 0 0
20 3309376 0 0
20 3750721 0 0
20 3270879 0 0
20 3750720 0 0
20 2948160 0 0
20 3004640 0 0
20 2491646 0 0
20 2654798 1 0
20 3369870 0 0
20 3488907 0 0
20 3187538 0 0
20 3820628 0 0
20 3034034 0 0
20 2597715 0 0
20 2184915 0 0
20 3093679 0 0
20 3472764 0 0
20 3690644 0 0
20 3548381 0 0
20 520818 0 0
20 3366352 0 0
20 3560269 0 0
20 3493229 0 0
20 3866428 0 0
20 3054509 1 1
20 3621068 0 0
20 3829241 0 0
20 3273718 0 0
20 3829244 0 0
20 3651047 0 0
20 2887150 0 0
20 3437523 0 0
20 2955045 0 0
20 2657619 0 0
20 3181863 0 0
20 1934374 0 0
20 2811980 0 1
20 3724066 0 0
20 3181607 1 0
20 3093208 0 0
20 3502393 0 0
20 3778939 0 0
20 2584034 0 0
20 3664367 0 0
20 3563302 0 0
20 3736047 0 0
20 3880980 0 0
20 3219862 0 0
20 1762385 0 0
20 3655656 0 0
20 2762368 0 0
20 2944142 0 0
20 2627622 0 0
20 3310784 0 0
20 3506998 1 0
20 3686131 0 0
20 3525042 0 0
20 3021844 0 0
20 3181638 0 0
20 2808791 1 0
20 3261719 0 0
20 3517417 0 0
20 3652151 0 0
20 1262628 0 0
20 3738259 0 0
20 3218761 0 0
20 3291375 1 0
20 3604954 1 1
20 3052312 1 2
20 3437302 0 0
20 3841599 0 0
20 3842689 0 0
20 3314936 0 0
20 3181643 0 0
20 3665220 0 0
20 3277062 0 0
20 3725179 0 0
20 3852486 0 0
20 2096525 0 0
20 3015177 0 0
20 3546192 0 0
20 3181626 0 0
20 3234146 0 0
20 3472538 0 0
20 2064794 0 0
20 2374598 0 0
20 3647424 0 2
20 3178479 0 0
20 1914304 0 0
20 2781099 0 0
20 3796328 0 0
20 3218755 0 0
20 2171611 0 0
20 2526377 0 0
20 3603642 0 0
20 3294630 0 0
20 3788702 0 0
20 3295725 0 0
20 3357619 0 0
20 3483659 0 0
20 1847514 0 0
20 3570045 0 0
20 2720984 0 0
20 3664385 0 0
20 3447352 0 0
20 3670812 0 0
20 3763666 0 0
20 3074332 0 0
20 3599762 0 0
20 3670811 0 0
20 1181872 0 0
20 3775618 0 0
20 3692864 0 0
20 3181810 0 0
20 3786990 0 0
20 2898014 0 0
20 3320312 0 0
20 3585369 0 0
20 3343433 0 0
20 3584031 0 0
20 3829286 0 0
20 3218987 0 0
20 3865379 0 0
20 3847714 0 0
20 3517430 0 0
20 3618099 0 0
20 3867969 0 0
20 2992031 1 1
20 3800621 0 0
20 3189782 1 1
20 3226531 0 0
20 2810451 0 0
20 2992030 0 0
20 3354332 0 0
20 3636523 0 0
20 3121590 0 0
20 3664390 0 0
20 3469799 0 0
20 3612799 0 0
20 3664391 0 0
20 3539461 0 0
20 3876683 0 0
20 2998806 0 0
20 3876684 0 0
20 3525058 0 0
20 3176473 0 0
20 2064777 0 0
20 3554639 0 0
20 2938984 0 0
20 2912377 1 1
20 2656314 0 0
20 3154260 0 0
20 1088934 0 0
20 2656316 0 0
20 3869913 0 0
20 2715100 0 0
20 3214133 0 0
20 3516114 0 0
20 3729967 0 0
20 3074312 0 0
20 3101765 0 0
20 3016695 0 0
20 3573360 0 0
20 3690228 0 0
20 3145302 0 0
20 3499189 0 0
20 3492798 0 0
20 3829260 0 0
20 2396176 0 0
20 2844689 0 0
20 3609129 0 1
20 1762335 0 0
20 2396178 0 0
20 3176485 0 0
20 3189328 0 0
20 2547099 1 2
20 3821785 0 0
20 3845517 1 0
20 3317169 0 0
20 3200192 0 0
20 3345605 0 0
20 3343425 0 0
20 3834869 0 0
20 2706415 0 0
20 3607195 0 0
20 2386360 0 0
20 3690456 0 0
20 1609172 0 0
20 2846859 0 0
20 317388 0 0
20 3494984 0 0
20 2631053 0 0
20 3471642 0 0
20 3129061 0 0
20 3758048 0 0
20 3030750 0 0
20 3140086 0 0
20 1936364 0 0
20 3724297 0 0
20 3760118 0 0
20 3539471 0 0
20 3878402 0 0
20 2682840 0 0
20 3760116 0 0
21 3663302 0 0
21 3123571 0 0
21 3481758 0 0
21 2852694 0 0
21 3157107 0 0
21 2775729 0 0
21 2867942 2 0
21 3193686 0 0
21 3732403 0 0
21 2867944 0 0
21 2958841 0 0
21 3194776 0 0
21 3320511 0 0
21 3732401 0 0
21 2899781 0 0
21 3847757 2 0
21 3230948 0 0
21 3778400 0 0
21 1069663 0 0
21 3858886 0 0
21 3168003 0 0
21 3466123 0 0
21 3437809 0 0
21 3320505 0 0
21 3517808 0 0
21 3275870 0 0
21 2901934 0 0
21 2901933 0 0
21 3361053 0 0
21 3730474 0 0
21 3407150 0 0
21 3753330 1 0
21 3502312 1 0
21 2794259 0 0
21 3317575 0 0
21 2728727 0 0
21 3502317 1 0
21 3342766 0 0
21 3833326 0 0
21 3638568 0 0
21 3841194 0 0
21 2430531 0 0
21 1851973 0 0
21 2955588 0 0
21 3568139 0 0
21 2760210 0 0
21 2885390 0 0
21 1849889 1 0
21 2570847 0 0
21 2187579 1 0
21 3763379 0 0
21 2486309 0 0
21 3182331 2 0
21 3765316 0 0
21 2773752 0 0
21 3584849 1 0
21 2667260 0 0
21 3095809 0 0
21 3649207 0 0
21 3275856 0 0
21 2954008 0 0
21 1851720 0 0
21 3134683 0 0
21 3429382 1 0
21 3698401 0 0
21 3598834 0 0
21 3813984 0 0
21 2943113 0 0
21 3077326 0 0
21 3429385 2 0
21 3228670 0 0
21 2873353 0 0
21 3105945 0 0
21 3291903 0 0
21 2908779 0 0
21 3431052 0 0
21 3603675 1 0
21 3513231 0 0
21 3195813 0 0
21 3558385 1 0
21 517719 0 0
21 2559825 0 0
21 2703877 0 0
21 3542804 1 0
21 3614336 0 0
21 3685363 0 0
21 3733708 0 0
21 3481726 1 0
21 2808308 2 0
21 3278944 0 0
21 3278943 0 0
21 3284384 0 0
21 2452979 0 0
21 2989373 2 0
21 3329544 0 0
21 2225501 0 0
21 3152914 0 0
21 3762039 0 0
21 3772047 1 0
21 3401624 0 0
21 3342726 0 0
21 3813558 0 0
21 3513018 0 0
21 3184949 0 0
21 2693564 0 0
21 3856480 0 0
21 3266934 0 0
21 2018705 0 0
21 3810284 0 0
21 3168463 1 0
21 3361473 0 0
21 2810601 0 0
21 3504311 0 0
21 2965165 0 0
21 3787530 2 1
21 2950922 0 0
21 3641926 0 0
21 3732634 1 0
21 3341641 0 0
21 3307993 0 0
21 2907416 0 0
21 3196916 0 0
21 3296334 0 0
21 2662858 0 0
21 3814875 1 0
21 3444326 0 0
21 3884537 0 0
21 3556565 0 0
21 2700560 0 0
21 3113371 2 0
21 3231889 0 0
21 3693114 0 0
21 3511898 0 0
21 3161453 0 0
21 3593517 0 0
21 3870130 0 0
21 3358059 0 0
21 3152968 0 0
21 3361211 0 0
21 2800181 1 0
21 2621401 1 0
21 3279833 0 0
21 2577067 1 0
21 3014864 0 0
21 3332909 0 0
21 2657287 0 0
21 2621407 0 0
21 3847348 1 0
21 2376078 0 0
21 2928113 0 1
21 3303575 1 0
21 1887519 0 0
21 3444502 0 0
21 2662634 0 0
21 2909495 0 0
21 2223929 0 0
21 3391559 0 0
21 1475396 0 0
21 2815649 0 0
21 3101169 0 0
21 3659463 0 0
21 3148459 0 0
21 3644840 2 0
21 3694224 0 0
21 3420746 0 0
21 3662635 0 0
21 3238294 0 0
21 2628025 0 0
21 3813590 0 0
21 149226 1 0
21 2709156 0 0
21 3659469 0 0
21 3037994 0 0
21 3553045 1 0
21 2838757 0 0
21 3789110 0 0
21 2195363 0 0
21 3389023 0 0
21 3012223 0 0
21 2640404 0 0
21 3381543 0 0
21 3710253 0 0
21 1852655 1 0
21 1831735 0 0
21 2492810 0 0
21 3078255 0 0
21 3856272 0 0
21 2686608 0 0
21 3314008 0 0
21 3371981 0 0
21 3350303 0 0
21 428572 0 0
21 3310072 0 0
21 3212889 0 0
21 3766223 0 0
21 3418007 0 0
21 2789531 0 0
21 2879296 0 0
21 3362754 0 0
21 32247 0 0
21 3168046 0 0
21 3404075 0 0
21 3232543 0 0
21 3279871 0 0
21 3279873 0 0
21 3558798 0 0
21 3615279 0 0
21 3420311 0 0
21 3615276 0 0
21 3800299 0 0
21 3228287 2 0
21 3615271 0 0
21 3411843 0 0
21 3281947 0 0
21 3518094 0 0
21 2873749 0 0
21 3872524 0 0
21 3103149 0 0
21 3279840 0 0
21 3723515 0 0
21 3829703 1 0
21 3864946 0 0
21 3195205 0 0
21 2212856 0 0
21 3417378 0 0
21 3849317 0 0
21 3381577 0 0
21 3163607 0 0
21 2606434 0 0
21 2957937 0 0
21 3671156 0 0
21 3035538 1 0
21 3464325 0 0
21 2071968 0 0
21 3720251 0 0
21 3315539 0 0
21 3526720 0 0
21 3279856 0 0
21 3276349 0 0
21 3323151 0 0
21 2141501 0 0
21 3593506 1 0
21 1891194 0 0
21 3004803 0 0
21 2875707 0 0
21 2606681 0 0
21 3055112 0 0
21 3312693 0 0
21 2723961 1 0
21 3747463 0 0
21 2859400 1 0
21 3368497 0 0
21 1762436 1 0
21 3151000 0 0
21 3847198 0 0
21 1852122 0 0
21 3710189 0 0
21 2975850 0 0
21 3415214 0 0
21 3708096 0 0
21 2755794 0 0
21 3425251 0 0
21 3598369 2 0
21 3703885 0 0
21 3703886 0 0
21 3425256 0 0
21 3658637 0 0
21 3033096 0 0
21 3274097 0 0
21 2598959 0 0
21 2125421 0 0
21 3015672 0 0
21 3668207 0 0
21 3747212 2 0
21 1568536 0 0
21 3155830 0 0
21 3326847 0 0
21 3383306 0 0
21 2949791 0 0
21 3004541 0 0
21 3619031 0 0
21 3033085 0 0
21 3487753 0 0
21 2837605 0 0
21 3853860 0 0
21 2588923 0 0
21 2881112 0 0
21 3793341 0 0
21 2994115 0 0
21 3385976 0 0
21 1431539 0 0
21 3587687 0 0
21 3533629 0 0
21 3566990 0 0
21 3489902 0 0
21 3221344 0 0
21 3782450 0 0
21 3396631 0 0
21 3168940 0 0
21 3276490 0 0
21 3337730 0 0
21 3309052 1 0
21 2831047 0 0
21 3381382 0 0
21 2857258 0 0
21 2857257 0 0
21 2855070 0 0
21 2974995 0 0
21 3108626 0 0
21 2975845 1 0
21 3488823 0 0
21 2951651 0 0
21 2653786 0 0
21 3488825 0 0
21 3221111 0 0
21 3488828 0 0
21 3417843 0 0
21 3336656 0 0
21 2987810 0 0
21 2984306 0 0
21 3703448 0 0
21 3329099 1 0
21 1524744 2 0
21 3015628 0 0
21 3485763 0 0
21 3565245 1 0
21 3543458 0 0
21 2794847 0 0
21 2697142 0 0
21 194172 1 0
21 2125468 0 0
21 3140150 0 0
21 2649068 0 0
21 3702351 1 1
21 3816242 0 0
21 3331180 0 0
21 2483917 0 0
21 3558710 0 0
21 2799065 0 0
21 2740274 0 0
21 3000380 0 0
21 1618805 0 0
21 3218691 0 0
21 2740278 0 0
21 3401097 0 0
21 3317099 0 0
21 3724326 1 0
21 3431959 0 0
21 3622617 0 0
21 3376819 0 0
21 3616172 0 0
21 2853081 0 0
21 2526446 0 0
21 1278491 0 0
21 1200253 0 0
21 2976720 1 0
21 3713678 0 0
21 3242085 0 0
21 3108676 0 0
21 3671435 0 0
21 3425271 0 0
21 1820779 0 0
21 2988941 0 0
21 3016508 0 0
21 3712111 0 0
21 3770676 0 0
21 1939915 2 0
21 3841662 0 0
21 3003677 0 0
21 3063926 0 0
21 3671421 2 0
21 1142328 0 0
21 3671425 0 0
21 3673844 1 0
21 2217593 2 0
21 2828068 0 0
21 3354493 0 0
21 3383135 0 0
21 2765762 0 0
21 3415615 0 0
21 3787527 0 0
21 3540782 0 0
21 3702392 0 0
21 3760288 0 0
21 3532909 0 0
21 3598764 0 0
21 3726366 0 0
21 2668621 0 0
21 3662068 0 0
21 3427826 0 0
21 3426973 0 0
21 3662065 0 0
21 3400366 1 1
21 2776405 0 0
21 3662069 0 0
21 3156765 0 0
21 3697170 0 0
21 3154584 0 0
21 3439831 0 0
21 2972757 0 0
21 3004382 0 0
21 3790915 0 0
21 3515584 0 0
21 2740232 0 0
21 2785945 0 0
21 3662064 0 0
21 3090068 1 0
21 3664480 0 0
21 1968255 0 0
21 3610273 0 0
21 3021726 0 0
21 3469256 0 0
21 3530996 0 0
21 3386665 0 0
21 2596151 0 0
21 3515358 0 0
21 3199049 0 0
21 3369967 0 0
21 3620072 0 0
21 2572189 1 0
21 1865056 1 0
21 3662070 1 0
21 3373114 0 0
21 2952909 0 0
21 2881980 0 0
21 3446142 0 0
21 3170632 1 0
21 3122992 0 0
21 2740691 0 0
21 3560133 0 0
21 3459456 0 0
21 3868524 0 0
21 3869855 0 0
21 2009630 0 0
21 58589 0 0
21 3189472 0 0
21 3180661 0 0
21 3616825 0 0
21 3703211 0 0
21 3724149 0 0
21 2646876 0 0
21 2627716 0 0
21 3232099 0 0
21 2627714 1 0
21 3668874 0 0
21 3665125 0 0
21 3658839 1 0
21 3417834 0 0
21 2948431 0 0
21 3634227 0 0
21 3693821 0 0
21 2879843 0 0
21 2025288 0 0
21 3620067 0 0
21 3023095 0 0
21 2822323 0 0
21 2824735 1 0
21 3153292 0 0
21 2758195 1 0
21 3724150 0 0
21 2879846 0 0
21 2646883 0 0
21 3614865 0 0
21 2751775 0 0
21 3767097 1 1
21 3367984 0 0
21 3767096 0 0
21 3551212 0 0
21 2565642 1 0
21 2600211 0 0
21 3463912 0 0
21 2694928 0 0
21 3225586 0 0
21 3170811 0 0
21 3878758 0 0
21 3234293 0 0
21 3642062 0 0
21 3369914 0 0
21 3363130 0 0
21 2993696 0 0
21 3063534 0 0
21 3608169 0 0
21 3504272 0 0
21 1802727 0 0
21 1249573 2 0
21 3516252 0 0
21 3271699 0 0
21 2656218 0 0
21 3543605 0 0
21 3632018 0 0
21 3320639 0 0
21 113776 0 0
21 3483818 1 0
21 3640781 1 0
21 3162815 0 0
21 3341570 0 0
21 3561631 0 0
21 3044541 0 0
21 3845211 0 0
21 3103845 0 0
21 2971702 1 0
21 2948902 0 0
21 1240342 0 0
21 2810701 0 0
21 2946729 0 0
21 2621126 0 0
21 3800773 0 0
21 3722979 0 0
21 3581470 0 0
21 3251766 0 0
21 3705130 0 0
21 3435512 0 0
21 2955671 0 0
21 3396047 0 0
21 2800905 0 0
21 3593484 1 0
21 2980888 0 0
21 3558475 0 0
21 3795093 0 0
21 3648491 0 0
21 3168381 0 0
21 2706841 1 0
21 3122587 0 0
21 3765431 0 0
21 3593490 0 0
21 2841655 0 0
21 3418147 0 0
21 3882652 0 0
21 2881914 0 0
21 3401706 0 0
21 3868115 1 0
21 2695820 0 0
21 3512482 0 0
21 2265262 0 0
21 3160425 0 0
21 3428180 0 0
21 3436619 0 0
21 2794385 0 0
21 3647393 0 0
21 3446895 2 0
21 139957 0 0
21 3584727 0 0
21 3688730 1 0
21 2270848 0 0
21 3687404 0 0
21 2666294 0 0
21 2887448 0 0
21 3836726 0 0
21 3809365 0 0
21 3731229 1 0
21 3103859 0 0
21 3100106 1 0
21 3428172 0 0
21 3310605 0 0
21 2589582 2 1
21 3556030 0 0
21 3031002 0 0
21 3595681 0 0
21 2141264 0 0
21 1817713 0 0
21 2703753 0 0
21 2889815 0 0
21 2375976 0 0
21 3748072 0 0
21 3279906 0 0
21 3304596 0 0
21 3099067 0 0
21 3134395 0 0
21 2908657 0 0
21 3114541 0 0
21 3103880 0 0
21 2660302 0 0
21 2851687 1 0
21 3171725 0 0
21 3614457 0 0
21 2967006 0 0
21 3443570 0 0
21 2448592 0 0
21 2751843 0 0
21 2811833 0 0
21 2751844 0 0
21 2808660 0 0
21 2926937 0 0
21 2700491 0 0
21 3066785 0 0
21 3350243 0 0
21 2645392 0 0
21 3655852 0 0
21 2874795 0 0
21 2881080 0 0
21 3350249 0 0
21 3259045 0 0
21 3768937 0 0
21 2556666 0 0
21 3093776 0 0
21 3121081 0 0
21 2140354 0 0
21 3706267 0 0
21 3065426 0 0
21 3503573 0 0
21 3877021 1 0
21 2913630 0 0
21 2567306 1 0
21 2657159 0 0
21 2981767 0 0
21 3110167 2 0
21 3155061 0 0
21 3430060 0 0
21 3238377 0 0
21 3080813 0 0
21 2607002 0 0
21 3125667 0 0
21 2238710 2 0
21 3275531 1 0
21 3447956 0 0
21 2827147 0 0
21 2910376 0 0
21 3305451 0 0
21 2041812 0 0
21 3358181 0 0
21 2896582 0 0
21 3623396 0 0
21 3593466 0 0
21 2119799 0 0
21 3489795 0 0
21 3134128 2 0
21 2570933 0 0
21 3227258 0 0
21 3444445 1 0
21 3593463 0 0
21 3765889 1 0
21 3075226 0 0
21 3182880 0 0
21 3388023 0 0
21 3420402 0 0
21 2329637 0 0
21 2609889 0 0
21 3814542 0 0
21 3375196 0 0
21 3405488 0 0
21 2813126 0 0
21 3388279 0 0
21 3390111 1 0
21 2885641 0 0
21 2885643 0 0
21 3793514 1 0
21 3791576 0 0
21 1392238 1 0
21 3847224 0 0
21 2142732 0 0
21 3524604 0 0
21 1236925 0 0
21 3572921 0 0
21 3619551 0 0
21 2570799 0 0
21 3745434 0 0
21 3745676 1 1
21 2535757 0 0
21 2769302 0 0
21 3255516 0 0
21 3138770 1 0
21 3305664 0 0
21 3544682 0 0
21 3849630 1 0
21 3885767 0 0
21 3323087 0 0
21 3628232 0 0
21 3352617 1 0
21 3857497 0 0
21 3857498 0 0
21 3547719 0 0
21 3578442 0 0
21 2700477 0 0
21 2725990 0 0
21 3683201 0 0
21 3066162 0 0
21 3770878 0 0
21 3194028 0 0
21 3082875 0 0
21 3684539 0 0
21 3781991 0 0
21 3302146 0 0
21 3781992 1 0
21 1805757 0 0
21 2140336 0 0
21 3468836 0 0
21 2811175 0 0
21 101378 1 0
21 3444885 0 0
21 1088237 0 0
21 3830830 0 0
21 2412849 0 0
21 3658038 0 0
21 3790696 0 0
21 2287277 0 0
21 3424804 0 0
21 3475312 1 1
21 3284094 0 0
21 3159210 0 0
21 3284096 2 0
21 2996195 0 0
21 3184652 0 0
21 2630733 0 0
21 3432832 0 0
21 1885649 1 0
21 3125031 0 0
21 2536662 0 0
21 3335497 0 0
21 2684117 1 0
21 2921405 0 0
21 3103238 1 0
21 3317812 0 0
21 3568462 0 0
21 3158131 0 0
21 2546479 0 0
21 1525200 0 0
21 3140668 0 0
21 2956999 0 0
21 2996186 0 0
21 3222626 0 0
21 3411720 2 0
21 3767445 1 0
21 3298251 0 0
21 3658295 0 0
21 2235852 0 0
21 3313481 0 0
21 2988797 0 0
21 3605320 0 0
21 3409628 2 0
21 3687615 0 0
21 2589139 0 0
21 3067684 0 0
21 3439489 1 0
21 3520072 0 0
21 3758977 0 0
21 2631602 0 0
21 2732496 0 0
21 3709360 1 0
21 3011201 0 0
21 3768987 0 0
21 3780631 0 0
21 3745668 0 0
21 3560958 1 0
21 1241058 0 0
21 3420651 0 0
21 3766333 0 0
21 3846151 0 0
21 3805887 0 0
21 2975008 0 0
21 3512697 0 0
21 2740095 0 0
21 3222646 0 0
21 3484022 0 0
21 3163983 0 0
21 3485110 0 0
21 3850897 0 0
21 3103010 0 0
21 2684341 0 0
21 2754014 1 0
21 2754013 0 0
21 3696308 0 0
21 3201601 1 0
21 2700434 0 0
21 3709359 0 0
21 3195188 0 0
21 3579720 0 0
21 3331093 0 0
21 3015549 0 0
21 3121711 0 0
21 3198690 0 0
21 2732557 0 0
21 2638014 0 0
21 3256305 0 0
21 2860998 1 0
21 3889701 0 0
21 1977020 0 0
21 3838590 0 0
21 1831547 0 0
21 3108731 0 0
21 3680202 0 0
21 3885581 0 0
21 3132852 0 0
21 3336543 0 0
21 3474778 0 0
21 3730917 0 0
21 2686340 0 0
21 2045672 0 0
21 2992067 0 0
21 3860037 0 0
21 3860038 0 0
21 3439797 0 0
21 3709299 0 0
21 2125534 0 0
21 3373622 0 0
21 3726412 0 0
21 3748699 0 0
21 2217669 0 0
21 3015566 0 0
21 3847295 0 0
21 1831560 0 0
21 2676300 2 0
21 3323243 0 0
21 3798913 2 0
21 3888633 0 0
21 3816101 0 0
21 3095480 0 0
21 2596435 0 0
21 3141304 0 0
21 3859032 1 0
21 436063 1 0
21 3005524 0 0
21 2965915 0 0
21 2627696 0 0
21 3149021 0 0
21 3611643 0 0
21 3730937 2 0
21 2640365 0 0
21 2367669 0 0
21 3149019 1 0
21 2375289 0 0
21 3254139 0 0
21 3815001 0 0
21 3815002 2 0
21 1876448 0 0
21 2627688 1 1
21 3336531 0 0
21 3247846 1 0
21 2918501 0 0
21 2584622 1 0
21 3530496 0 0
21 3307184 0 0
21 3257674 0 0
21 3557735 0 0
21 3061886 0 0
21 2972266 1 0
21 3892080 0 0
21 153519 1 0
21 3654192 0 0
21 2800015 0 0
21 3838397 0 0
21 3292445 2 0
21 3700054 2 0
21 3140032 0 0
21 3670204 0 0
21 3870054 0 0
21 3372328 0 0
21 2124496 0 0
21 3446045 0 0
21 2964652 0 0
21 3510896 0 0
21 3746443 0 0
21 3510892 0 0
21 2726062 2 0
21 3015516 0 0
21 2194776 0 0
21 3196466 2 0
21 3289276 0 0
21 1872034 1 0
21 3712459 0 0
21 2948380 0 0
21 3681327 0 0
21 3004622 0 0
21 3618022 0 0
21 2900126 0 0
21 2254644 0 0
21 3448220 0 0
21 3279683 0 0
21 2040154 0 0
21 3210846 0 0
21 3768465 0 0
21 3831745 0 0
21 3744050 0 0
21 3831749 0 0
21 3497845 0 0
21 3543791 0 0
21 3343258 0 0
21 2929410 0 0
21 3543799 0 0
21 3570930 0 0
21 2721403 0 0
21 3004637 0 0
21 3658338 0 0
21 3425150 0 0
21 3611600 0 0
21 3307190 0 0
21 2478685 0 0
21 2835562 0 0
21 3804390 0 0
21 3886425 1 0
21 1638306 0 0
21 3714416 0 0
21 2412892 0 0
21 3416677 0 0
21 3130684 0 0
21 3257680 0 0
21 3149054 0 0
21 3722035 0 0
21 3084160 0 0
21 3424685 0 0
21 3828154 0 0
21 3118142 0 0
21 3346986 0 0
21 2599765 0 0
21 2946572 0 0
21 2575552 0 0
21 3505658 0 0
21 3726487 0 0
21 2142046 0 0
21 3538574 0 0
21 3892961 0 0
21 2738493 0 0
21 3879510 0 0
21 2934582 0 0
21 1974822 0 0
21 3737372 1 0
21 3177368 0 0
21 3719962 1 0
21 3719961 0 0
21 3531935 0 0
21 3482584 0 0
21 3643089 0 0
21 3158856 0 0
21 3365250 0 0
21 3310784 0 0
21 3131118 1 0
21 2777850 0 0
21 3485613 0 0
21 2601491 0 0
21 3015395 0 0
21 3309580 0 0
21 3525043 0 0
21 3425757 0 0
21 1871612 1 0
21 2600137 0 0
21 2820438 1 0
21 3323403 0 0
21 1859973 0 0
21 3399860 0 0
21 3516321 0 0
21 3788714 0 0
21 2653038 1 0
21 3214166 0 0
21 3615849 0 0
21 3331474 0 1
21 3771272 0 0
21 3538598 0 0
21 2668760 0 0
21 3094314 0 0
21 3819694 0 0
21 1891438 0 0
21 1974804 0 0
21 3614761 0 0
21 2132688 0 0
21 3614762 0 0
21 2830470 0 0
21 2827067 0 0
21 3754962 0 0
21 2110430 0 0
21 3731863 0 0
21 3816178 2 0
21 3332339 0 0
21 3818598 0 0
21 3118379 0 0
21 3635203 0 0
21 2627840 0 0
21 3053651 0 0
21 3702242 0 0
21 2853582 0 0
21 1810245 0 0
21 3049117 0 0
21 2568815 0 0
21 3176465 0 0
21 3516585 0 0
21 3071052 0 0
21 2515284 0 0
21 3577748 0 0
21 3132498 1 0
21 2987921 0 0
21 3668993 1 0
21 3129079 0 0
21 3166664 0 0
21 3614735 0 0
21 3763635 0 0
21 3614741 0 0
21 2912130 0 0
21 3120277 0 0
21 2876694 0 0
21 3267097 0 0
21 3412253 0 0
21 1802627 0 0
21 3344775 0 0
21 3586442 0 0
21 3680875 0 0
21 3680874 0 0
21 1839081 0 0
21 2595111 0 0
21 3294690 0 0
21 3680871 0 0
21 3356980 0 0
21 3724036 0 0
21 3853386 0 0
21 3877533 1 0
21 3084580 0 0
21 3632382 0 0
21 3386587 1 0
21 3087613 0 0
21 2915657 1 0
21 2602519 0 0
21 3461611 0 0
21 2187136 1 0
21 3565987 0 0
21 1888694 0 0
21 1216327 0 0
21 2836824 0 0
21 3539240 1 0
21 3614710 0 0
21 3278196 0 0
21 3425788 0 0
21 3471640 1 0
21 3304080 0 0
21 3228981 0 0
21 3504157 0 0
21 2727335 0 0
21 3737110 0 0
21 3626707 0 0
21 3626706 0 0
21 3471402 0 0
21 3433153 1 0
21 3321893 0 0
21 3170709 0 0
21 3331205 0 0
21 3655236 0 0
21 2928737 0 0
21 3263711 0 0
21 2892702 0 0
21 3072352 0 0
21 3163182 0 0
21 2904781 0 0
21 3013195 0 0
21 3878402 0 0
22 3194770 1 0
22 3346908 0 0
22 2911751 0 0
22 3342544 1 0
22 3194530 0 0
22 3647298 0 0
22 3836852 2 0
22 2362982 1 0
22 3010893 2 0
22 3078209 1 0
22 29020 0 0
22 3765339 2 0
22 1065068 0 0
22 3463084 2 1
22 3638573 0 0
22 3424954 2 0
22 3563700 1 0
22 3614381 0 0
22 2565698 0 0
22 2865534 0 0
22 3249320 0 0
22 3249328 1 0
22 3628786 0 0
22 3628787 1 0
22 3463087 2 2
22 3057994 0 0
22 3389896 0 0
22 3780949 1 0
22 1112595 2 0
22 2655297 2 0
22 2362529 0 0
22 3406272 0 0
22 3030047 0 0
22 3030041 0 0
22 3765317 1 0
22 3350157 2 2
22 2968867 0 0
22 3182330 1 0
22 3088453 0 0
22 3194781 0 0
22 3390897 0 0
22 2843707 0 0
22 2851150 1 0
22 3170353 1 0
22 2799965 2 0
22 3168030 1 0
22 2008709 0 0
22 1784817 0 0
22 1065094 0 0
22 2702371 2 0
22 2071360 0 0
22 2636786 1 0
22 2998020 0 0
22 3298717 0 0
22 3252508 0 0
22 2223546 1 0
22 3160798 0 0
22 3074291 1 0
22 3130903 2 0
22 3419176 2 0
22 3562645 0 0
22 3804820 1 0
22 3562643 1 0
22 3751365 0 0
22 3751366 2 0
22 2063978 0 0
22 3665529 0 0
22 3238470 1 0
22 1906785 1 0
22 3189145 1 0
22 3538532 0 0
22 2628085 0 0
22 3537200 2 2
22 3780935 1 0
22 3467411 0 0
22 2628089 2 0
22 3685364 1 0
22 2931399 0 0
22 3117704 1 0
22 3074273 1 0
22 3825539 0 0
22 3849969 1 0
22 549558 1 0
22 3463044 0 0
22 3745913 2 0
22 3201100 0 0
22 2779274 2 0
22 2851579 2 0
22 2519116 1 0
22 2397425 1 0
22 3169790 0 0
22 3424983 0 0
22 2991683 0 0
22 2073752 1 0
22 3463071 1 0
22 3733958 0 0
22 3011720 0 0
22 3086249 2 0
22 3029254 0 0
22 3401869 0 0
22 3844265 0 0
22 3403805 1 0
22 2639607 0 0
22 2639604 0 0
22 3080934 0 0
22 3468767 0 0
22 3243859 1 0
22 3538796 1 0
22 3201579 0 0
22 3052473 2 0
22 3679719 0 0
22 3337385 1 0
22 1832181 0 0
22 1976629 0 0
22 3527895 1 0
22 3795155 0 0
22 2893193 0 0
22 2769458 2 0
22 3587910 1 0
22 3286781 1 0
22 3342731 2 0
22 3551749 1 0
22 3551508 0 0
22 3674018 1 0
22 3570489 2 0
22 3575933 0 0
22 3508915 2 0
22 1550719 1 0
22 3393739 2 0
22 2962261 0 0
22 3593508 1 0
22 3891071 2 0
22 3788297 1 0
22 2612946 0 0
22 2039828 2 0
22 3712889 0 0
22 3104650 0 0
22 3449185 0 0
22 3812002 2 0
22 2796026 0 0
22 3227157 0 0
22 3653908 0 0
22 1079873 0 0
22 3080591 0 0
22 3506076 1 0
22 3571947 0 0
22 2802128 2 0
22 3475465 0 0
22 3475467 2 0
22 3160376 0 0
22 3488328 2 0
22 2627182 2 0
22 3061847 1 0
22 3125360 1 0
22 3518293 1 0
22 3672416 2 1
22 2010154 1 0
22 3231422 1 0
22 3287424 0 0
22 3361206 0 0
22 2137223 0 0
22 2840603 0 0
22 2974228 0 0
22 2488328 0 0
22 2974222 1 0
22 3443668 1 0
22 3445847 0 0
22 3522332 1 0
22 3777376 1 0
22 2822171 0 0
22 3003503 1 0
22 3102491 1 0
22 3336246 2 2
22 3318853 0 0
22 2580010 1 0
22 2580011 2 0
22 3229594 2 0
22 3695309 2 0
22 3747751 0 0
22 3695308 0 0
22 2724542 2 0
22 2801010 0 0
22 2640407 0 0
22 3384813 2 0
22 1523329 0 0
22 3081663 0 0
22 3644835 2 0
22 3668183 0 0
22 2801018 1 0
22 2257936 1 0
22 1874669 0 0
22 3393990 0 0
22 3522322 1 0
22 3743341 1 0
22 3743585 2 0
22 1550917 2 0
22 3498312 0 0
22 3644829 0 0
22 3658390 0 0
22 2707150 1 0
22 3891037 2 0
22 1871594 1 0
22 3081647 1 0
22 2996076 1 0
22 2998013 0 0
22 3202848 0 0
22 1065026 0 0
22 2848140 1 0
22 3637288 0 0
22 2918359 2 0
22 3213727 1 2
22 2048983 0 0
22 3788245 0 0
22 1397848 1 0
22 2713844 1 0
22 2977328 0 0
22 3213720 1 0
22 1797050 2 0
22 3161662 2 0
22 3591544 1 0
22 2732101 1 0
22 3573933 1 0
22 2694284 1 0
22 2732102 1 0
22 3219260 0 0
22 3371525 1 0
22 3891027 2 0
22 3475458 0 0
22 3048609 0 0
22 3703707 1 0
22 2211523 0 0
22 2579697 0 0
22 3213717 1 0
22 3477630 0 0
22 3213712 2 0
22 3632825 1 1
22 3384837 0 0
22 2008053 0 0
22 2589255 1 0
22 3162766 2 0
22 3448073 0 0
22 3760904 0 0
22 2908112 0 0
22 3334023 0 0
22 1435922 2 1
22 1431562 0 0
22 3616102 0 0
22 3105313 0 0
22 3195434 0 0
22 2698626 1 0
22 280706 0 0
22 3607879 2 0
22 3411820 0 0
22 2725836 2 0
22 3011334 0 0
22 3103132 1 0
22 2875707 0 0
22 2275389 1 0
22 2967504 0 0
22 3612870 0 0
22 3599693 2 0
22 3280534 1 0
22 3276037 0 0
22 2078590 0 0
22 3562166 1 0
22 3644229 0 0
22 3197487 2 0
22 3826012 0 0
22 2768639 2 0
22 3589640 2 0
22 3545834 1 0
22 2700608 2 0
22 2491596 1 0
22 2904899 1 0
22 2923171 0 0
22 3028509 0 0
22 1661627 1 0
22 3337511 0 0
22 3373974 2 0
22 3298292 0 0
22 3276044 2 2
22 3234642 0 0
22 3658884 0 0
22 3477927 2 0
22 2740075 0 0
22 2740074 1 0
22 2248285 1 0
22 3023055 0 0
22 2001731 0 0
22 3382699 0 0
22 2173732 0 0
22 3052620 0 0
22 3292990 2 1
22 3267331 0 0
22 2949792 2 0
22 3615918 2 0
22 2718135 1 0
22 3517362 1 0
22 2722867 2 0
22 3615910 1 0
22 3132709 0 0
22 2880268 2 0
22 3866926 0 0
22 2241651 0 0
22 2740044 2 0
22 3416763 2 0
22 2918840 0 0
22 2860416 1 0
22 2822332 2 0
22 2593047 0 0
22 3396874 2 0
22 3119976 1 0
22 3634648 2 0
22 3149145 1 0
22 1569870 2 0
22 2718140 1 0
22 3189883 0 0
22 3876542 0 0
22 3276027 0 0
22 3819729 2 1
22 2488397 0 0
22 2823679 2 0
22 2893311 2 0
22 2951651 0 0
22 3516054 1 0
22 3235990 2 0
22 3669555 1 0
22 3669552 1 0
22 3669551 0 0
22 3812098 2 0
22 3575210 1 0
22 3812097 1 0
22 3713890 0 0
22 3391193 2 0
22 3841692 2 0
22 2918861 0 0
22 3841691 1 0
22 3249935 2 0
22 3759643 1 0
22 3841696 2 0
22 3759642 1 0
22 3841697 2 0
22 2740266 1 0
22 1661660 2 0
22 3310236 0 0
22 3099505 1 0
22 3871023 0 0
22 3099506 2 0
22 3876714 0 0
22 3206248 1 0
22 3674925 1 0
22 2289846 1 0
22 3507127 0 0
22 2775116 0 0
22 3557621 0 0
22 2799065 0 0
22 3580622 1 0
22 3082697 0 0
22 3140147 1 0
22 3737618 1 0
22 3336635 0 0
22 3099512 1 0
22 2709628 1 0
22 3828211 0 0
22 2104745 0 0
22 3509554 1 0
22 3616179 1 0
22 3806229 2 0
22 3556503 0 0
22 3884113 0 0
22 2938499 0 0
22 3789280 0 0
22 3325740 0 0
22 3884115 2 0
22 3495546 0 0
22 3099520 1 0
22 2740244 1 0
22 2984358 0 0
22 2443016 0 0
22 3449203 2 0
22 3014790 1 0
22 3767022 0 0
22 3790023 1 0
22 3221150 0 0
22 3063930 1 0
22 3470279 1 0
22 3616181 1 0
22 2804722 1 0
22 3608327 0 0
22 3886304 0 0
22 3063929 0 0
22 3524703 0 0
22 3247764 2 0
22 2892667 1 0
22 2902403 1 0
22 3163220 1 0
22 3785915 0 0
22 2718111 2 0
22 3207306 2 0
22 3425266 1 0
22 2837869 2 0
22 3881700 1 0
22 2828065 1 0
22 3778808 0 0
22 3042400 0 0
22 3876596 2 0
22 2957592 0 0
22 3354491 1 0
22 3551432 1 0
22 3797324 0 0
22 3554703 1 0
22 3737264 0 0
22 3307023 2 0
22 2008516 0 0
22 2868999 2 0
22 3352070 2 0
22 2845634 1 0
22 3532912 2 0
22 3056811 2 1
22 3841497 1 0
22 3785346 2 0
22 2191333 1 0
22 3309207 0 0
22 3478186 1 0
22 2154382 0 0
22 2553409 0 0
22 2693818 2 0
22 2855446 1 0
22 3141044 2 0
22 3303905 1 0
22 3372003 0 0
22 2259323 0 0
22 3122770 2 0
22 2364415 0 0
22 3600237 2 0
22 3563660 2 0
22 2636806 0 0
22 3679720 0 0
22 3132325 1 0
22 2945113 0 0
22 2923106 0 0
22 3189692 0 0
22 3740667 1 0
22 2575206 1 0
22 3373107 1 0
22 3065983 1 0
22 3469012 1 1
22 3851273 1 0
22 2853044 0 0
22 2853047 0 0
22 3249991 2 0
22 3651185 0 0
22 3190471 0 0
22 2846946 1 0
22 3411470 0 0
22 60655 2 0
22 3130373 2 0
22 2717215 1 0
22 3655300 0 0
22 3222032 2 0
22 3335710 1 0
22 2750241 0 0
22 3096611 0 0
22 3366205 0 0
22 3665117 0 0
22 3615971 0 0
22 3170633 2 0
22 3259544 0 0
22 3806251 1 0
22 2915987 1 0
22 2395397 1 0
22 3389947 0 0
22 2118029 0 0
22 3539550 1 0
22 3784467 0 0
22 3437677 0 0
22 3335725 2 0
22 3318165 0 0
22 3703213 1 0
22 3535199 1 0
22 3614649 0 0
22 3702368 1 0
22 3128051 2 0
22 3614886 1 0
22 3505333 2 0
22 2480010 2 2
22 3236456 2 0
22 3007844 0 0
22 2633327 2 1
22 3703280 0 0
22 3876313 1 0
22 3097723 0 0
22 2526070 1 0
22 3573490 1 0
22 2813613 2 0
22 3195099 0 0
22 3082294 0 0
22 2959342 0 0
22 3466150 0 0
22 1821007 0 0
22 64801 0 0
22 2822329 2 0
22 2002187 0 0
22 3304188 0 0
22 3889633 2 0
22 3180839 1 0
22 3820361 2 0
22 2803812 1 0
22 3250507 1 0
22 2802729 1 0
22 3132366 0 0
22 2891759 1 0
22 3113866 0 0
22 2423485 2 0
22 2390511 0 0
22 3529566 0 0
22 2612685 0 0
22 3600227 1 0
22 3410185 2 0
22 2866550 1 0
22 3249316 0 0
22 3249314 0 0
22 2082036 0 0
22 2596355 2 0
22 2479001 2 0
22 3259352 2 0
22 3687172 1 0
22 3485900 1 0
22 2834766 0 0
22 3379934 0 0
22 3504275 1 0
22 2968039 0 0
22 3447437 1 0
22 3179881 0 0
22 3269132 2 0
22 3678692 1 0
22 3396264 0 0
22 2846732 0 0
22 3765925 0 0
22 2247139 1 0
22 3615939 1 0
22 3782485 0 0
22 3615938 0 0
22 2922077 0 0
22 3632018 1 0
22 3520987 0 0
22 2128499 0 0
22 3019349 1 0
22 3019347 2 1
22 3019346 1 0
22 2729942 1 0
22 3304391 2 0
22 3183517 1 2
22 2478814 0 2
22 3162819 1 0
22 3458854 0 0
22 3274655 0 0
22 3160400 0 0
22 3835883 1 0
22 1906866 1 0
22 3228997 0 0
22 3270293 0 0
22 3296442 1 0
22 3299950 1 0
22 3510283 0 0
22 3510282 1 0
22 3204301 0 0
22 3556043 2 0
22 2570940 1 0
22 3270291 0 0
22 2946724 1 0
22 3204770 1 0
22 3441194 2 0
22 2946729 1 0
22 3722978 0 0
22 3733627 0 0
22 2769399 1 0
22 3844354 1 0
22 3136521 0 0
22 3630735 0 0
22 3674311 1 0
22 1501014 2 0
22 3433337 0 0
22 2612654 0 0
22 2626810 1 0
22 2878711 1 0
22 3261112 0 0
22 2878712 1 0
22 3505948 2 0
22 3540710 2 0
22 3181574 0 0
22 3051099 1 0
22 2926907 1 0
22 3045659 0 0
22 3683053 1 0
22 3168384 0 0
22 2408924 1 0
22 3023867 1 0
22 3878395 2 0
22 3569581 2 0
22 3642948 1 0
22 3642947 0 0
22 3808046 0 0
22 3885920 2 0
22 3297515 0 0
22 3154170 1 0
22 3236151 1 0
22 3711853 0 0
22 3349272 2 0
22 2954374 1 0
22 3350273 0 0
22 3477151 0 0
22 2362642 1 0
22 3350038 0 0
22 3047828 1 0
22 2323005 2 0
22 3339000 0 0
22 3683047 1 0
22 2323486 0 0
22 3195757 0 0
22 3162848 1 0
22 3642939 0 0
22 3568482 2 0
22 3470993 2 0
22 3517948 1 0
22 3517947 2 0
22 2361327 0 0
22 3573838 0 0
22 2025380 0 0
22 3512255 1 0
22 3034994 1 0
22 3857881 1 0
22 3350268 0 0
22 3214307 2 2
22 3637578 1 0
22 3664312 0 0
22 2988170 2 2
22 3848522 1 0
22 2737768 0 0
22 3539989 0 0
22 3251579 2 0
22 2988171 1 0
22 2944351 2 0
22 3529703 2 0
22 3503313 0 0
22 3765411 1 0
22 2732070 1 0
22 2732071 2 0
22 2988166 2 0
22 3424873 2 0
22 2174340 0 0
22 2565134 0 0
22 317321 1 0
22 3700969 0 0
22 2820544 0 0
22 2714412 2 0
22 3265990 0 0
22 3606604 1 0
22 3600273 1 0
22 3649546 0 0
22 1550411 0 0
22 2861010 1 0
22 2854726 1 0
22 2909732 1 0
22 3350489 0 0
22 3505509 0 0
22 2518148 1 0
22 3655859 1 0
22 1550418 2 0
22 2071218 0 0
22 2071215 0 0
22 2911691 1 0
22 2887897 2 0
22 2784978 1 0
22 3192212 0 0
22 3630919 1 0
22 3714089 1 0
22 3249271 1 0
22 3646020 1 0
22 2732096 2 0
22 2878709 2 0
22 2438336 1 0
22 3651021 0 0
22 2001381 0 0
22 3349473 0 0
22 3743888 2 0
22 3833481 0 0
22 2732092 2 0
22 3408131 0 0
22 2878707 1 0
22 3424852 1 0
22 2990464 1 0
22 3716031 1 0
22 3714090 2 2
22 3424854 1 0
22 3019339 1 0
22 3662168 1 0
22 3821277 1 0
22 3548694 1 0
22 2978117 0 0
22 3593468 0 0
22 3848735 1 0
22 2732089 1 0
22 3524028 2 0
22 2840593 1 0
22 3529714 0 0
22 3813666 0 0
22 2770321 0 0
22 3272021 0 0
22 2732080 0 0
22 1920530 1 0
22 2366387 0 0
22 3509218 0 0
22 3683431 0 0
22 3541192 1 0
22 3419652 1 0
22 2075483 0 0
22 3204704 0 0
22 2876700 2 0
22 3730183 1 0
22 3050832 1 0
22 3097005 0 0
22 3672545 0 0
22 1635040 0 0
22 2700447 1 0
22 3514816 0 0
22 3616049 1 0
22 3617134 0 0
22 1570456 2 0
22 2769313 0 0
22 3617130 1 0
22 2672798 0 0
22 3349468 0 0
22 3081563 0 0
22 2628156 2 0
22 3736967 0 0
22 3084825 1 0
22 2423956 0 0
22 2275486 0 0
22 3519021 1 0
22 3227284 0 0
22 1557492 1 0
22 2365078 0 0
22 2478872 1 0
22 3388289 1 0
22 3568890 1 0
22 3609961 1 0
22 2136013 0 0
22 2841812 1 0
22 3543598 1 0
22 3523543 0 0
22 2744247 2 0
22 3542269 0 0
22 1277009 1 0
22 3390118 0 0
22 3519031 0 0
22 3719187 0 0
22 2840956 2 0
22 2025308 0 0
22 3024567 2 0
22 3541184 0 0
22 2276317 1 0
22 3135497 0 0
22 3138766 0 0
22 1464140 0 0
22 3713886 0 0
22 3568886 0 0
22 2755147 0 0
22 3833058 0 0
22 3056366 1 0
22 3420441 1 0
22 3879024 2 0
22 1257651 0 0
22 3569560 2 0
22 2840547 0 0
22 3065044 2 0
22 3326770 2 0
22 2408583 0 0
22 3293811 0 0
22 2912921 0 0
22 1175876 2 0
22 3103242 1 0
22 3103240 1 0
22 3071732 1 0
22 3335497 1 0
22 1326228 2 0
22 2615288 2 0
22 3229010 0 0
22 3103235 1 0
22 2131614 1 0
22 2779319 2 0
22 3420437 0 0
22 3369259 0 0
22 3232426 1 0
22 3431562 1 0
22 3628229 1 0
22 2647170 1 0
22 2956999 0 0
22 3409410 0 0
22 3891388 1 0
22 3712737 1 0
22 3162635 0 0
22 2898700 2 0
22 3712736 0 0
22 1550813 2 0
22 3871555 1 0
22 1474398 1 0
22 3625190 2 0
22 3298011 0 0
22 2862515 0 0
22 2740080 1 0
22 129982 2 0
22 3252041 0 0
22 3431319 0 0
22 1568348 0 0
22 3351716 2 0
22 3599150 2 0
22 2885632 2 0
22 3423931 1 0
22 3020396 1 0
22 3853935 2 1
22 2581654 0 0
22 2862516 2 0
22 1868082 2 0
22 3485102 0 0
22 2140523 0 0
22 3490928 1 0
22 3594703 1 0
22 3807838 0 0
22 2946710 1 0
22 3618648 1 0
22 2212740 1 0
22 3745895 2 0
22 3315414 0 0
22 3014962 1 0
22 3103256 1 0
22 3510278 2 0
22 3230021 0 0
22 3254696 0 0
22 2883202 2 0
22 3825232 0 0
22 3819800 1 0
22 3590355 0 0
22 3322185 0 0
22 3322180 2 0
22 2687619 1 0
22 3351956 2 0
22 3359433 1 0
22 3766334 1 0
22 2847142 0 0
22 3872660 1 0
22 2700434 1 0
22 2941259 1 0
22 3257638 0 0
22 3771457 0 0
22 3439789 0 0
22 2732550 1 0
22 3414004 1 0
22 3842623 0 0
22 2503668 2 0
22 3484592 1 0
22 3292401 0 0
22 1705529 0 0
22 3131766 1 0
22 3506107 0 0
22 2627234 0 0
22 2994491 1 0
22 3806512 0 0
22 3335462 2 0
22 3257866 1 0
22 2975987 0 0
22 3715520 2 0
22 3108724 2 0
22 3825059 0 0
22 3866811 2 0
22 3369459 0 0
22 3782346 1 0
22 3060117 1 0
22 3369210 0 0
22 2686104 2 0
22 3147092 0 0
22 3131755 1 0
22 3095475 1 0
22 3762751 2 0
22 2687676 1 0
22 3231266 0 0
22 3508546 1 0
22 1156894 2 0
22 3793462 0 0
22 3529248 2 0
22 3890719 2 0
22 2147594 0 0
22 2721682 1 0
22 3015566 1 0
22 2516516 2 0
22 3446094 1 0
22 2526522 2 0
22 3653084 0 0
22 2725802 2 0
22 2929613 1 0
22 3724259 2 0
22 2121150 1 0
22 3808952 0 0
22 2997975 0 0
22 2672175 2 0
22 1910599 1 0
22 2893432 1 0
22 2893435 1 0
22 3544614 0 0
22 3449371 0 0
22 2151617 0 0
22 2949699 2 1
22 3365072 0 0
22 2627201 2 0
22 2557019 1 0
22 3440561 2 0
22 3538186 0 0
22 3206367 1 0
22 3277046 0 0
22 3768489 2 0
22 3015502 1 0
22 2698115 1 0
22 2749194 0 0
22 3038627 0 0
22 3133500 2 0
22 2866492 0 0
22 3579994 1 0
22 3206111 2 0
22 3198646 0 0
22 3530248 0 0
22 2582456 0 0
22 3539052 0 0
22 3589791 0 0
22 3651930 1 0
22 2845142 0 0
22 3109852 1 0
22 555544 2 0
22 1521123 0 0
22 2783092 2 0
22 2254405 0 0
22 2741488 1 0
22 3640173 0 0
22 3640174 0 0
22 3640172 1 0
22 2275321 0 0
22 3206359 2 0
22 3719099 0 0
22 3014676 2 0
22 2881433 1 0
22 3685711 0 0
22 2984474 0 0
22 3330181 1 0
22 3417776 0 0
22 3623823 0 0
22 2377251 0 0
22 2601263 1 0
22 3401186 0 0
22 3671797 0 0
22 3448230 1 0
22 1177993 0 0
22 3519232 1 0
22 2791471 0 0
22 3631214 2 0
22 2812698 2 0
22 2687693 2 0
22 2815978 2 0
22 3426479 2 0
22 2687695 1 0
22 3743190 2 0
22 3883399 0 0
22 2322915 0 0
22 3507021 0 0
22 3557969 1 0
22 3630118 2 0
22 2783075 1 0
22 3738845 0 0
22 3004882 0 0
22 3759772 0 0
22 2685037 1 0
22 544880 0 0
22 3522406 0 0
22 2601271 2 0
22 3004409 1 0
22 3205006 2 0
22 3446069 0 0
22 3163191 1 0
22 3508922 0 0
22 3041679 0 0
22 2827098 1 0
22 3808306 0 0
22 2969210 0 0
22 1892770 1 0
22 2654340 0 0
22 3177592 1 0
22 3236535 2 0
22 3492377 1 0
22 2783064 1 0
22 3486937 1 0
22 3750592 2 1
22 2386796 0 0
22 3132698 0 0
22 3159936 2 1
22 3159937 1 0
22 2665236 0 0
22 2212350 0 0
22 3086330 1 0
22 2365861 2 1
22 2995975 2 0
22 3259405 0 0
22 3066746 0 0
22 3665212 0 0
22 3259402 1 0
22 2705343 1 0
22 3343246 0 0
22 3845720 1 0
22 3344577 0 0
22 3141159 1 0
22 3159943 1 0
22 3637404 1 0
22 3292472 0 0
22 3396328 0 0
22 3575990 1 0
22 3658925 2 0
22 2775671 0 0
22 3543948 1 0
22 3468285 0 0
22 3094306 0 0
22 2852076 1 0
22 3857938 2 0
22 2914768 2 0
22 3295727 1 0
22 2995969 2 0
22 3763658 0 0
22 3625881 0 0
22 3615849 2 0
22 3635217 1 0
22 2031888 0 0
22 2440748 2 0
22 3169992 2 0
22 3469364 2 0
22 3425501 0 0
22 2808561 1 0
22 2988180 1 0
22 3808793 1 0
22 3378931 0 0
22 3074330 2 0
22 3678532 0 0
22 3763666 0 0
22 1459116 0 0
22 2010971 1 0
22 2724299 0 0
22 3015345 1 0
22 2646754 0 0
22 2668548 2 0
22 3410080 0 0
22 2959217 2 0
22 2576848 0 0
22 3189789 0 0
22 3311606 0 0
22 2494544 0 0
22 3436637 0 0
22 3822414 1 0
22 140039 1 0
22 3874018 0 0
22 2688158 2 0
22 3035198 0 0
22 3259690 2 0
22 1240422 1 0
22 3853388 1 0
22 2648949 1 0
22 2693514 0 0
22 3553542 0 0
22 3320300 0 0
22 3736487 2 0
22 3190518 0 0
22 2516362 0 0
22 2843125 0 0
22 3728870 2 0
22 3053634 0 0
22 3294216 0 0
22 2876698 2 2
22 3395035 1 0
22 3764971 1 0
22 3355651 1 0
22 2796755 0 0
22 3811981 0 0
22 3853383 1 0
22 3015592 0 0
22 3853386 1 0
22 3097612 1 0
22 3853387 1 0
22 2890509 0 0
22 3283787 2 0
22 3155108 0 0
22 3563317 2 0
22 3144215 1 0
22 3216301 1 0
22 3479377 2 0
22 3175157 0 0
22 3796538 1 0
22 3458433 2 0
22 2848801 0 0
22 201024 0 0
22 3559052 0 0
22 2698178 0 0
22 3350193 1 0
22 3295534 1 0
22 3319580 0 0
22 3374363 2 0
22 3180752 1 0
22 2108143 0 0
22 3810441 2 0
22 3472730 2 0
22 3343429 0 0
22 2364115 0 0
22 2856400 1 0
22 1403796 2 0
22 2526177 0 0
22 3491236 1 0
22 3144206 0 0
22 2515291 0 0
22 3331205 0 0
22 3845747 1 0
22 2698187 2 0
22 3519644 2 0
22 2585581 2 2
22 3543967 1 0
22 2892705 1 0
22 3658989 1 0
22 3735180 1 0
22 3705311 0 0
23 3583306 2 1
23 2899783 0 0
23 1208963 0 0
23 2141356 0 0
23 3649231 0 0
23 2589673 0 0
23 3261463 1 0
23 2570825 0 1
23 3526755 0 0
23 3296322 0 0
23 3079534 0 0
23 2989333 0 0
23 2994922 0 0
23 3284348 0 0
23 3884705 0 0
23 3834688 0 0
23 1413535 0 0
23 3638575 0 0
23 3598816 0 0
23 3864077 0 0
23 1892021 0 0
23 2714573 0 0
23 3476152 0 0
23 3825978 0 1
23 3574824 0 1
23 3009438 0 0
23 3162710 0 0
23 3032672 0 0
23 3594693 0 0
23 3135558 0 0
23 3800418 0 0
23 3800419 0 1
23 2128598 0 1
23 2128597 0 0
23 3857538 0 0
23 3123312 0 0
23 2726576 0 0
23 2769269 0 0
23 3476189 0 0
23 3459605 2 2
23 3470888 0 0
23 2287177 0 0
23 3066672 0 0
23 3341430 0 0
23 2954016 1 1
23 3476181 0 0
23 3331875 0 0
23 3850903 0 0
23 2711074 0 0
23 3697302 0 0
23 3319780 0 0
23 3650253 0 0
23 2761786 1 0
23 3476184 0 0
23 3549855 0 0
23 2570846 1 0
23 3294360 0 0
23 2943121 0 0
23 3242962 0 0
23 2694626 0 0
23 2650603 0 0
23 3780937 0 0
23 2957980 0 1
23 3684019 0 0
23 3878041 0 0
23 3252510 0 0
23 3373081 0 0
23 3459852 0 2
23 3459851 0 0
23 3294356 1 0
23 3648351 0 0
23 3410774 2 0
23 3476172 0 0
23 3373088 1 0
23 2760205 0 0
23 3181236 0 0
23 3686670 0 0
23 3832245 0 0
23 3079741 0 0
23 3330312 0 0
23 3742465 0 0
23 2728508 0 0
23 3317599 2 2
23 3469403 0 0
23 3703298 0 0
23 3065569 0 0
23 3124462 0 0
23 3359180 0 0
23 3115998 0 0
23 3009629 0 0
23 3328431 2 0
23 3262351 0 0
23 3184931 0 0
23 3699546 0 0
23 3168448 0 0
23 2924865 0 0
23 2011299 0 0
23 2726516 0 0
23 3686210 0 0
23 2591704 1 1
23 3733705 0 0
23 2827048 0 0
23 3551767 1 0
23 3846212 0 0
23 3871835 0 0
23 3677989 0 0
23 3238485 0 0
23 3706381 0 0
23 3647489 0 0
23 3785378 0 0
23 3463044 0 0
23 2584196 0 0
23 2726506 0 0
23 3274580 0 0
23 3169790 0 0
23 3170302 0 0
23 3086247 0 0
23 3844265 0 0
23 3476148 0 0
23 2459153 0 0
23 3326035 0 0
23 3867373 0 0
23 3528756 0 0
23 3766601 0 0
23 3463076 0 0
23 2592818 1 0
23 3497058 0 0
23 3618925 0 0
23 3229796 0 0
23 3127963 2 0
23 2915945 0 0
23 2769452 0 0
23 3305576 1 0
23 2566568 0 0
23 3552839 0 0
23 2246210 0 0
23 3785358 0 0
23 2907417 0 0
23 3570489 0 0
23 3294392 0 0
23 1847434 1 0
23 3409110 0 0
23 2628056 0 0
23 3512749 0 0
23 3884537 0 0
23 3358057 0 0
23 3389475 0 0
23 3645950 0 0
23 3847110 0 0
23 3024890 0 0
23 3883203 0 0
23 3166902 0 0
23 3566136 0 0
23 3544343 0 0
23 3571968 0 0
23 2684432 0 0
23 3072501 0 0
23 2703835 0 0
23 2796026 0 0
23 3035550 0 0
23 3556563 0 0
23 2837207 0 0
23 3750900 0 0
23 2572609 0 0
23 3168092 0 0
23 3045343 0 1
23 3080591 0 0
23 2638545 0 0
23 3286363 0 0
23 3104646 0 0
23 3547865 0 1
23 3784926 0 0
23 3841803 0 0
23 2408654 0 0
23 3266527 0 0
23 113253 0 1
23 3035545 0 0
23 1177981 0 0
23 3441231 0 0
23 3555217 2 0
23 3091836 0 1
23 3150773 0 0
23 3686605 0 0
23 2694211 0 0
23 2263124 0 2
23 3695310 0 0
23 2918564 0 0
23 2933724 0 0
23 3284390 0 0
23 3546748 0 0
23 3776284 0 0
23 3138411 0 1
23 3596803 0 0
23 2860493 1 0
23 2884460 2 0
23 2966607 0 0
23 2860491 2 0
23 3593770 0 0
23 3336247 0 0
23 2684412 0 0
23 2636141 0 0
23 2939498 0 0
23 2535648 0 0
23 3336251 0 0
23 3846233 0 0
23 3506098 0 0
23 3478998 0 0
23 3474158 0 0
23 2910858 0 0
23 3166934 1 0
23 3160397 0 0
23 2737612 0 0
23 3116874 0 0
23 3102483 0 0
23 3056001 0 0
23 3059755 0 0
23 3631521 0 0
23 1775026 0 0
23 2246806 0 0
23 3004609 0 0
23 3187851 0 0
23 3618568 0 0
23 3704815 0 1
23 3637055 0 0
23 2147011 0 0
23 3174965 0 0
23 3383730 0 0
23 3886912 0 0
23 2857261 1 0
23 3592868 0 0
23 3842947 0 0
23 3336228 0 0
23 3181026 0 0
23 3336225 0 0
23 3336226 0 0
23 3475667 0 0
23 2374932 0 0
23 3424916 0 0
23 3112097 0 1
23 3384835 0 0
23 3385924 0 0
23 1373612 0 0
23 2360529 0 0
23 3404083 0 0
23 3670274 2 0
23 2360533 0 0
23 2725812 0 1
23 3119967 0 0
23 3180165 0 0
23 2276498 0 0
23 2637260 0 0
23 3478967 0 0
23 3791640 0 0
23 3206187 0 0
23 3293902 0 0
23 2713854 0 0
23 2696434 0 0
23 3383756 2 0
23 2503648 0 0
23 3502769 0 0
23 3478717 0 0
23 3092737 0 0
23 3409519 0 0
23 3437196 1 0
23 3290627 0 0
23 3710210 0 0
23 3753150 0 0
23 2694260 0 0
23 2928176 0 0
23 2360311 0 0
23 3510154 0 0
23 3265457 0 0
23 3441697 0 0
23 3502533 0 0
23 3510393 0 0
23 3310089 0 0
23 3463466 0 1
23 3704738 0 0
23 165417 0 0
23 2856379 2 1
23 2856377 1 0
23 3830518 0 0
23 3804461 0 0
23 3804462 0 1
23 3620490 0 0
23 2375372 0 0
23 3704733 0 0
23 2994129 0 1
23 3425248 1 0
23 3752804 0 0
23 2660293 0 0
23 2857474 0 0
23 3033084 0 0
23 153427 0 0
23 3289597 1 1
23 2856380 1 1
23 3528482 2 0
23 3585035 0 0
23 3053954 0 0
23 3313537 0 0
23 2426703 0 0
23 2707005 0 0
23 3747219 0 0
23 2779993 0 0
23 2994117 0 0
23 3534714 2 0
23 3426329 0 1
23 2881113 0 0
23 3368233 0 0
23 3322037 0 0
23 2249583 0 0
23 2740286 0 0
23 3381378 0 0
23 2787058 0 0
23 3082238 0 0
23 2803828 0 0
23 3740618 0 0
23 1661609 0 0
23 3425471 0 0
23 2687762 0 0
23 3424142 0 0
23 1968400 0 0
23 3668228 0 0
23 3861467 0 0
23 2974995 2 2
23 3178511 1 0
23 3210753 1 0
23 3734176 0 0
23 2632625 0 1
23 3516059 0 0
23 3187692 1 0
23 3726792 0 0
23 3280519 0 0
23 1867813 0 0
23 3210746 0 1
23 3446154 0 0
23 3719195 0 0
23 3049879 0 0
23 3082222 0 0
23 324409 0 0
23 3062610 0 0
23 3085976 0 0
23 3866504 0 0
23 3565243 0 0
23 2206439 1 0
23 3220033 0 0
23 3000136 0 0
23 3097561 1 0
23 3610419 0 0
23 137395 0 0
23 3451755 0 0
23 3507127 0 0
23 2775116 0 0
23 3283856 0 0
23 3605073 0 0
23 2799065 0 0
23 3234200 0 0
23 3597482 0 1
23 3669578 0 0
23 3116299 0 0
23 3053902 0 0
23 3295819 0 2
23 3324862 0 0
23 2629964 0 0
23 3837193 0 0
23 3702343 0 0
23 3375727 2 0
23 3493390 0 0
23 2866381 0 0
23 2917556 0 0
23 1544338 1 2
23 2730236 0 0
23 3597493 0 0
23 3075903 0 0
23 3407605 0 0
23 3163217 0 0
23 1065326 0 0
23 2170449 0 0
23 3166721 0 0
23 3705843 0 0
23 3726501 2 0
23 3650977 0 0
23 2837625 0 0
23 2639295 0 0
23 2267812 0 0
23 2857216 1 1
23 3445094 0 0
23 3258411 0 0
23 2267811 0 0
23 3352080 0 0
23 3407617 0 0
23 2390581 0 0
23 3620445 0 0
23 3417880 0 0
23 3634839 0 0
23 3524703 0 0
23 2740013 0 0
23 2740255 0 0
23 3294711 0 0
23 3733040 0 0
23 3733041 0 0
23 2516423 0 0
23 3723000 0 0
23 3650746 0 0
23 3673847 0 0
23 2615770 0 0
23 2833412 0 0
23 3772026 0 1
23 3858928 0 0
23 2474850 0 0
23 3585443 0 0
23 3086228 0 0
23 3219759 0 0
23 2474613 0 0
23 2765762 1 0
23 2413216 0 0
23 3309684 0 0
23 3289188 0 0
23 2740226 0 0
23 3785348 0 0
23 3289185 0 0
23 3152170 0 0
23 3215156 0 0
23 3765973 0 0
23 3132335 0 0
23 3312611 0 0
23 2833655 0 0
23 3422143 0 0
23 3662066 0 0
23 2972759 0 0
23 3662065 0 0
23 3750229 0 0
23 2627747 0 1
23 3321795 0 0
23 3294529 0 0
23 3737496 0 0
23 1334206 0 0
23 2528217 0 0
23 3842573 0 0
23 3888349 0 0
23 1819370 0 0
23 2274954 0 0
23 3269354 0 0
23 2154391 1 0
23 3189692 0 0
23 3816272 0 0
23 2627740 0 0
23 3077742 0 0
23 3527342 0 1
23 3559138 0 0
23 3637512 0 0
23 2671815 0 0
23 3357980 0 0
23 2448586 0 0
23 3854308 0 0
23 3190475 1 0
23 3322434 0 0
23 2135600 0 0
23 3364039 0 0
23 1687152 0 0
23 2739488 0 0
23 3697146 0 0
23 3889686 0 0
23 549588 0 0
23 3479057 0 0
23 503387 0 0
23 2386455 0 0
23 2627972 0 1
23 2750241 0 0
23 3310451 0 1
23 3765954 0 0
23 3042412 0 0
23 3668869 0 0
23 2668634 0 0
23 3037060 0 0
23 2128062 1 0
23 2374474 0 0
23 2783155 0 0
23 3085104 2 0
23 3372031 0 0
23 3789916 0 0
23 3862396 0 0
23 3784468 0 0
23 2435278 0 0
23 3109313 0 0
23 3354461 0 0
23 2797943 0 0
23 3189230 0 0
23 3073123 0 1
23 3446146 0 0
23 3665127 0 0
23 3018973 0 0
23 3611100 0 0
23 3712160 0 0
23 2889657 1 0
23 3649957 0 0
23 3321765 0 1
23 3304199 0 0
23 3459621 0 0
23 3460624 0 0
23 3271466 1 0
23 3016790 0 0
23 3630091 0 0
23 3831259 0 0
23 3082294 0 0
23 3429800 0 1
23 3699390 0 0
23 3367991 2 0
23 3385365 0 0
23 3751750 0 0
23 3340295 0 0
23 3219706 1 0
23 3539572 0 0
23 3291068 0 0
23 3699157 0 0
23 3476194 0 0
23 3846738 0 1
23 2515156 0 0
23 3451906 0 0
23 2831027 0 0
23 2386464 0 0
23 3447652 0 0
23 3877413 0 0
23 3015244 0 0
23 3754816 0 0
23 1262784 0 0
23 2828087 1 0
23 3041772 0 0
23 154102 0 0
23 3444391 0 0
23 1543644 0 0
23 2855663 0 0
23 3647514 0 0
23 3493766 0 0
23 3309667 0 1
23 2562379 0 0
23 3439802 0 0
23 3459884 2 0
23 3559170 0 0
23 3867894 0 0
23 1636631 0 0
23 3821423 0 0
23 3093385 0 0
23 3480698 0 0
23 2793374 0 0
23 1458335 0 0
23 3357944 0 1
23 3878512 0 0
23 3878513 0 0
23 3725029 0 0
23 2723098 0 0
23 3642057 2 1
23 3600219 0 0
23 3678695 0 0
23 3752865 0 0
23 1543638 0 0
23 2564788 0 0
23 3026133 0 2
23 3291043 0 0
23 3516253 0 0
23 2656218 0 0
23 3294557 0 0
23 2946263 0 0
23 3271453 0 0
23 3772690 0 0
23 2737491 0 0
23 3506459 1 0
23 3581487 0 0
23 1463904 0 0
23 3517918 0 0
23 2098753 0 0
23 2808616 0 0
23 3321960 0 0
23 3341333 1 0
23 3413714 0 0
23 3787005 0 0
23 3113652 0 0
23 3098176 0 0
23 3444217 0 0
23 3079651 0 0
23 3510282 0 0
23 3534490 0 0
23 3024948 0 0
23 3557149 0 0
23 3544070 2 0
23 3561402 0 0
23 3012722 0 0
23 3341340 0 0
23 3430031 0 0
23 3708882 2 0
23 2982825 0 0
23 3523116 0 0
23 2982829 0 0
23 2840571 0 0
23 3833473 0 0
23 3444228 0 0
23 2851499 0 0
23 3526867 0 0
23 2531102 0 0
23 3181574 0 0
23 3444223 0 0
23 2737792 0 0
23 3043235 0 0
23 3836713 0 0
23 3020597 2 0
23 3029171 1 1
23 2919376 2 0
23 3731456 0 0
23 3362018 0 0
23 3437702 0 1
23 2039765 0 0
23 2798987 0 0
23 3656918 0 0
23 2736494 0 0
23 3722981 0 1
23 3320406 1 0
23 3320408 0 0
23 3045886 0 0
23 2638602 0 0
23 3040194 0 0
23 3179286 0 0
23 3087249 0 0
23 3046970 1 0
23 2684949 0 0
23 3110373 0 0
23 2911427 0 0
23 2363984 0 0
23 2946741 0 1
23 3720579 0 0
23 3398008 0 0
23 3562527 0 0
23 2640930 0 1
23 3250000 2 0
23 3364418 0 0
23 3539507 0 0
23 3430086 0 0
23 3754997 0 0
23 2518155 0 0
23 3111037 0 0
23 2908657 0 0
23 3777870 0 0
23 2438310 0 0
23 3775210 0 0
23 2680392 0 0
23 3542927 0 0
23 3104968 0 1
23 2671425 0 0
23 3065216 2 0
23 3687421 0 0
23 2600404 1 0
23 2600405 2 0
23 3674593 0 0
23 3323097 0 0
23 3398021 0 0
23 3430072 0 0
23 3890452 0 0
23 3323093 0 1
23 3514212 0 0
23 3572323 0 0
23 2570911 0 0
23 3505509 0 0
23 2517059 0 0
23 2798781 0 0
23 3371802 1 0
23 1308869 0 0
23 3550523 0 0
23 3604870 0 0
23 2396214 0 0
23 2001147 0 0
23 3604874 0 0
23 3640964 0 0
23 3591277 2 0
23 3298644 0 0
23 2576465 0 0
23 2225418 0 0
23 3833481 0 0
23 3443586 0 0
23 3297550 0 0
23 3591276 0 0
23 3833019 0 0
23 3360263 1 1
23 2811813 0 0
23 3637542 0 0
23 2772988 0 0
23 3162809 0 1
23 2896582 0 0
23 3135212 0 0
23 3809171 0 1
23 3348154 0 0
23 3180466 1 1
23 3828903 0 0
23 3638635 0 0
23 2669127 0 1
23 3555598 0 0
23 3023449 0 1
23 3639158 0 0
23 3014977 0 0
23 3325009 0 0
23 3375192 0 0
23 3023445 0 0
23 3514802 0 0
23 2376188 0 0
23 3629349 0 0
23 3502829 0 0
23 3753061 2 0
23 3083745 0 0
23 3519255 0 0
23 3589361 0 0
23 2813122 0 0
23 3221969 0 0
23 3700773 0 0
23 3123294 0 0
23 2216033 0 0
23 3177908 0 0
23 3477526 0 0
23 3616049 0 0
23 3745673 0 0
23 3359256 0 0
23 3014744 0 0
23 2725972 1 0
23 3531377 0 2
23 2996389 0 0
23 3771749 0 0
23 3381401 0 0
23 3837670 0 0
23 3628264 0 0
23 3813202 0 0
23 3651613 0 0
23 2609890 0 0
23 3519021 0 0
23 3662752 0 0
23 3358154 0 0
23 3883344 0 0
23 2859385 0 0
23 3290953 1 0
23 3308930 0 0
23 3290956 0 0
23 3476224 0 0
23 2609867 0 0
23 3112147 0 0
23 3606219 0 0
23 3565148 0 0
23 3184238 0 0
23 3290960 0 0
23 3628230 2 1
23 3833041 0 0
23 3579781 0 0
23 3746785 0 0
23 2700470 0 0
23 3208035 0 0
23 3617354 0 0
23 2859393 0 0
23 3756349 0 0
23 3166814 0 0
23 3568885 1 0
23 2877804 0 0
23 2216061 0 0
23 3547721 0 0
23 2033397 0 0
23 3545544 0 0
23 2806829 2 1
23 3586060 0 0
23 3026977 0 0
23 3050821 2 0
23 2755147 0 0
23 3073920 0 0
23 3673404 0 0
23 3875971 0 0
23 3579531 0 0
23 3125039 2 0
23 3169495 0 0
23 3662776 0 1
23 3420444 0 0
23 3352827 0 0
23 3580590 0 0
23 3323269 0 0
23 3361784 1 0
23 1579223 1 1
23 3194452 0 0
23 3228390 0 0
23 2897844 0 2
23 3323263 0 1
23 3409887 0 0
23 3570554 0 0
23 3814346 0 0
23 3335497 0 0
23 3298262 0 0
23 3744782 0 0
23 3229010 0 0
23 3279511 2 0
23 3683465 0 0
23 3381440 0 0
23 3325438 0 0
23 3381442 2 0
23 3757615 0 0
23 3381444 0 1
23 3605114 0 1
23 2174500 0 0
23 2829507 0 0
23 3158131 0 0
23 3628229 0 0
23 3381438 0 1
23 3523317 0 0
23 3736921 0 0
23 2628356 0 0
23 3162635 0 0
23 2732464 0 0
23 2744237 0 0
23 3652740 0 0
23 3356189 0 0
23 3245727 0 0
23 3394983 0 0
23 3556493 0 0
23 3510251 1 0
23 3418340 0 0
23 3701402 0 0
23 3317605 0 0
23 3317604 0 0
23 2636058 0 0
23 2745774 0 0
23 3362616 0 0
23 2639568 0 0
23 2581654 0 0
23 3306951 0 0
23 2787018 0 0
23 3872415 0 0
23 3139664 0 1
23 3034327 0 0
23 3394772 0 0
23 3500225 0 0
23 2277458 0 0
23 3222631 0 0
23 2965679 0 1
23 3503740 0 0
23 128885 0 0
23 2725950 0 0
23 3046538 0 0
23 3212971 0 0
23 3482082 0 0
23 3693045 0 0
23 3824146 0 0
23 3637381 0 0
23 3139890 0 0
23 2764049 1 0
23 3591687 0 0
23 3547765 0 0
23 3891163 0 0
23 3766336 0 1
23 3851743 0 0
23 3464670 0 0
23 3696308 0 0
23 3813025 0 0
23 3851742 0 0
23 2799007 0 0
23 3311058 0 1
23 3489952 0 0
23 3001419 0 0
23 3708269 2 0
23 3574272 0 0
23 2860513 0 0
23 3798931 0 0
23 3446077 1 0
23 3827460 2 0
23 3205073 0 0
23 3870096 0 0
23 2288608 0 0
23 3556848 0 0
23 2045667 0 0
23 3620379 0 0
23 3349613 0 0
23 3005500 0 0
23 3618053 0 0
23 3842623 0 0
23 2846684 0 0
23 3543539 0 0
23 1087891 0 0
23 3119638 0 0
23 3012272 0 0
23 3771225 0 0
23 2688761 0 0
23 2640105 0 0
23 2992067 0 0
23 3119643 0 1
23 3710070 0 0
23 3415323 0 0
23 3620144 0 0
23 3600993 0 0
23 2770817 0 0
23 3323212 0 0
23 3843700 0 0
23 3459397 0 0
23 3876647 0 0
23 549073 0 0
23 3279885 2 0
23 3861357 0 0
23 3004671 0 0
23 2526520 0 0
23 1852269 0 0
23 3246522 0 0
23 3440319 0 0
23 3265244 0 0
23 3131982 0 0
23 3836397 0 0
23 3890722 0 0
23 2702921 0 0
23 3221226 0 0
23 3372546 0 0
23 3277472 0 0
23 3452307 0 0
23 3795873 0 0
23 3012067 0 0
23 3253047 0 0
23 3452304 0 0
23 2882319 0 0
23 3414211 0 0
23 3085625 0 0
23 3713368 0 0
23 3048477 0 0
23 3784501 0 0
23 3166893 0 0
23 1257667 0 0
23 2873607 0 0
23 3149013 0 0
23 3149010 0 1
23 3258766 0 0
23 2730336 0 1
23 3510884 2 0
23 3420725 0 0
23 2918742 0 0
23 3568875 0 0
23 1087219 0 0
23 1872041 0 0
23 3542246 0 0
23 3407502 0 0
23 2253541 0 0
23 3130477 0 0
23 3689053 0 0
23 3311442 0 0
23 3749969 0 0
23 3854882 0 0
23 1860066 0 0
23 2938342 0 1
23 2500180 0 1
23 3669699 0 0
23 3320387 0 0
23 2579282 0 0
23 3247867 0 0
23 3320380 0 1
23 280687 0 0
23 3578669 0 0
23 2815756 0 0
23 1564027 0 0
23 3155747 0 0
23 3791000 0 0
23 3315825 0 0
23 2955943 0 0
23 2253528 0 0
23 3584090 0 0
23 1887527 0 0
23 3658339 0 0
23 1797009 0 0
23 2876072 0 0
23 1269449 0 0
23 3702688 0 0
23 3659432 0 0
23 3749970 0 1
23 2063028 0 0
23 2206342 0 0
23 3750721 0 0
23 2074391 0 0
23 2275303 0 0
23 3841543 0 0
23 2206347 0 0
23 3141332 0 0
23 3311215 0 0
23 61035 0 1
23 3844819 0 0
23 3577557 0 0
23 1087221 0 0
23 2600180 0 0
23 2387299 0 0
23 3750359 0 0
23 3636560 0 0
23 3858801 0 0
23 270697 2 0
23 3633297 1 1
23 3175172 0 0
23 3320357 0 0
23 3738476 0 0
23 3530854 0 0
23 3139086 0 0
23 3411372 2 0
23 3697045 0 0
23 2740107 0 0
23 2600155 0 1
23 3142496 0 0
23 3310553 0 0
23 3502148 0 0
23 3507834 0 0
23 2033845 0 0
23 1968387 0 0
23 3449755 0 0
23 3879512 0 0
23 3207882 0 0
23 3665218 0 0
23 1950874 0 0
23 3717303 0 0
23 2914757 0 0
23 3294406 0 0
23 516782 0 0
23 3698142 0 0
23 3519829 0 0
23 3776757 0 0
23 2738486 0 0
23 3843303 0 0
23 2600165 1 2
23 3132688 0 0
23 3559047 0 0
23 3812827 0 0
23 3855512 0 0
23 3422246 0 0
23 3446011 0 0
23 2625438 0 0
23 3474726 0 0
23 3738493 0 2
23 3279247 0 0
23 3529645 0 0
23 3245273 0 0
23 3306079 1 0
23 3620194 0 0
23 3435127 0 0
23 3599754 0 0
23 3277062 0 0
23 3425501 0 0
23 3279499 2 1
23 3322789 0 0
23 3466094 2 0
23 2830471 0 0
23 3320365 0 0
23 3320366 1 0
23 2823716 0 0
23 3322787 0 0
23 3309573 0 0
23 3481473 0 0
23 3320360 0 1
23 3482561 2 0
23 3651078 0 0
23 3206537 0 0
23 3310564 0 0
23 1459116 0 0
23 3575971 0 0
23 3765846 2 0
23 2646740 0 0
23 3759171 2 0
23 2720746 0 0
23 3541749 0 0
23 3529420 0 0
23 3529422 0 0
23 2259242 0 0
23 2994215 0 0
23 3218743 0 0
23 3516584 0 0
23 3766905 0 0
23 3764967 0 0
23 3821566 0 0
23 3735392 0 0
23 3483866 0 0
23 3542889 0 0
23 3726440 0 0
23 2361295 0 0
23 3012072 0 0
23 3890741 0 0
23 2833564 0 0
23 3751637 0 0
23 3857503 0 0
23 2948308 2 0
23 3017537 0 0
23 3284420 0 0
23 3343683 0 0
23 1891654 0 0
23 2413128 0 0
23 3280062 0 0
23 3675041 0 0
23 3517442 0 0
23 3869911 0 0
23 2600361 1 0
23 3646554 0 0
23 3311831 0 0
23 3613419 0 1
23 3853383 0 0
23 3707752 0 0
23 3853387 0 0
23 3798712 0 1
23 3383075 0 0
23 2180735 0 0
23 2727343 0 0
23 3321668 0 0
23 3715333 0 0
23 3750572 0 0
23 3320333 0 0
23 3829261 0 0
23 3603858 0 0
23 3060137 0 0
23 3579907 0 0
23 3738459 0 0
23 3752753 0 0
23 1253710 0 0
23 3845515 1 1
23 2762316 0 0
23 2600332 0 1
23 3670861 1 2
23 3846848 0 0
23 3446457 0 0
23 3539241 0 0
23 3283557 2 0
23 2886038 2 0
23 3283553 0 0
23 3739535 0 0
23 1891630 0 0
23 3373041 0 0
23 3714019 0 0
23 3764716 0 0
23 3678576 0 0
23 3717527 0 0
23 3272660 0 0
23 3708824 0 0
23 2584251 0 0
23 529420 0 0
23 3167785 1 0
23 3377888 0 0
23 3793491 0 2
23 2553776 0 0
23 3163184 0 0
23 3377407 0 0
24 2946615 0 0
24 1069661 0 0
24 3765332 0 0
24 2211302 0 0
24 2852695 0 0
24 1482308 0 0
24 3463094 0 0
24 2911752 0 0
24 3788211 0 0
24 3674684 2 0
24 3139923 0 0
24 3674683 0 0
24 3413835 0 0
24 3825967 0 0
24 2714564 0 0
24 3373055 0 1
24 2883195 0 0
24 3001700 0 0
24 2848182 0 0
24 3833587 0 0
24 3322929 0 0
24 3833586 0 0
24 1847685 0 0
24 3871620 0 0
24 3465279 0 0
24 3148621 0 0
24 3639666 0 0
24 3022648 0 0
24 2373885 0 0
24 3045988 0 0
24 3562611 0 0
24 2335111 2 0
24 3735926 2 0
24 3809224 0 0
24 2636761 2 0
24 1253764 0 0
24 2222671 0 0
24 3249328 0 0
24 2714573 0 2
24 2714572 0 0
24 2222676 0 0
24 3162710 0 0
24 3821139 0 0
24 3812874 0 0
24 3300901 0 0
24 1065075 0 0
24 3137736 0 0
24 3463087 0 0
24 3227316 0 0
24 3469650 0 0
24 3170583 0 0
24 1413549 0 0
24 3090107 0 0
24 1112595 0 0
24 3305384 0 0
24 2910686 0 0
24 3066672 0 0
24 2657235 0 0
24 1821031 0 1
24 3848829 0 0
24 2760694 0 0
24 3653762 0 0
24 1065088 0 0
24 3533064 0 0
24 2989328 0 0
24 3488377 0 0
24 3573961 0 0
24 3763377 0 0
24 2614946 0 0
24 2707811 0 0
24 1824781 0 0
24 2799965 0 0
24 3119069 0 0
24 1065094 2 0
24 3423601 0 0
24 2994907 0 0
24 2636786 0 0
24 3418016 0 0
24 3492405 0 0
24 3867324 0 0
24 3874923 0 0
24 3874924 0 0
24 2556729 0 0
24 2921346 0 0
24 3742465 0 0
24 3638544 0 0
24 3686221 2 0
24 3638545 0 0
24 3639634 0 0
24 2426697 0 0
24 3336061 0 0
24 3422105 0 0
24 3463052 0 0
24 2807440 0 0
24 2292749 0 0
24 3562643 0 0
24 1828728 0 0
24 3552845 0 0
24 3373093 0 2
24 3352312 0 0
24 3656812 0 0
24 3189145 0 0
24 2646351 0 0
24 3298302 0 0
24 3538532 0 0
24 3674009 0 0
24 2945326 0 0
24 3502108 0 0
24 3585510 0 0
24 3601007 0 0
24 2821753 0 0
24 2542393 0 0
24 3306403 0 0
24 2920270 0 0
24 2596167 0 0
24 3463044 0 0
24 3201100 0 0
24 3229776 0 0
24 3690704 0 0
24 3352304 0 0
24 3480883 0 0
24 3502361 0 0
24 3860507 0 0
24 3169790 0 0
24 3692922 0 0
24 3228697 0 0
24 3047913 0 0
24 2769466 0 0
24 2913998 0 0
24 3844265 0 0
24 2713219 0 0
24 1866180 0 0
24 3490888 0 0
24 3651148 0 0
24 3787546 0 0
24 3750295 0 0
24 2589652 0 0
24 3468766 0 0
24 3243859 0 0
24 3679719 0 0
24 3687571 0 0
24 2726522 0 0
24 3337385 0 0
24 3754407 0 0
24 3700825 0 0
24 3342739 0 0
24 3876065 0 0
24 2655083 0 0
24 3762010 0 0
24 1781582 0 0
24 2640844 0 0
24 2822825 0 0
24 3587910 0 0
24 3286783 0 0
24 2364517 0 0
24 3286780 0 0
24 3305576 0 0
24 3458962 0 0
24 3551508 0 0
24 2819894 0 0
24 2681119 0 1
24 3558373 0 0
24 3745931 0 0
24 3728139 0 0
24 3295482 0 0
24 3358294 0 0
24 3701502 0 0
24 3631790 0 0
24 3389475 0 0
24 3701506 0 0
24 2700560 0 0
24 3253678 0 0
24 3478983 0 0
24 2802352 0 0
24 2257948 0 0
24 2896679 0 0
24 3410720 0 0
24 1481607 0 0
24 2631903 0 0
24 3681374 0 0
24 2796026 0 0
24 3449189 0 0
24 3079137 0 0
24 2964689 0 0
24 1480512 0 0
24 2292713 0 0
24 2657281 0 0
24 3792541 0 0
24 3080591 0 0
24 3506076 0 0
24 3565030 0 0
24 2607115 2 0
24 3200217 0 0
24 3186746 0 0
24 3061847 0 0
24 3512990 0 0
24 3672412 0 0
24 3475460 0 0
24 2950260 0 0
24 2128529 0 1
24 3488323 0 0
24 2607112 2 0
24 3462155 0 0
24 3615289 0 0
24 137248 2 0
24 2888820 0 0
24 3532136 0 0
24 3025524 0 0
24 3686605 0 0
24 3279801 0 0
24 2672220 0 0
24 2790738 0 0
24 2840603 0 0
24 3713995 0 0
24 2628024 0 0
24 2823028 0 0
24 2954896 0 0
24 3161475 0 0
24 2998674 0 0
24 3895694 0 0
24 2987304 0 0
24 3102491 0 0
24 3681394 0 0
24 3681393 0 0
24 3681380 0 0
24 3695309 0 0
24 3695308 0 0
24 3457837 0 0
24 3141809 2 0
24 3891083 0 0
24 3788265 0 0
24 3512777 0 0
24 3757315 0 0
24 3263470 0 0
24 2929222 0 0
24 3522326 0 0
24 2669040 0 0
24 2769415 0 0
24 3523894 0 0
24 3004848 0 0
24 2909231 0 0
24 3462173 0 0
24 3004609 0 0
24 3663984 0 0
24 3879146 0 0
24 3644829 0 0
24 3701549 0 0
24 3615022 0 1
24 3613082 0 0
24 3456911 0 0
24 3474342 0 0
24 3886912 0 0
24 2672245 0 0
24 2707160 0 0
24 3511218 0 0
24 3444937 0 0
24 2672240 0 0
24 3771808 0 0
24 3183689 0 0
24 3336229 0 0
24 3488752 0 0
24 3488993 0 0
24 2254473 2 0
24 3488995 0 0
24 2848140 0 0
24 2515833 0 0
24 3790563 2 0
24 3591538 0 0
24 1397848 0 0
24 2697311 0 0
24 3551922 0 0
24 1397845 0 0
24 3606325 0 0
24 3113182 0 0
24 3213720 0 0
24 3734633 0 0
24 3790568 2 0
24 3213721 0 0
24 2571960 0 0
24 3591541 0 0
24 1177948 2 0
24 3061804 0 0
24 3856092 2 1
24 2732102 0 0
24 3743337 0 0
24 2606220 0 0
24 2726900 0 0
24 3371525 0 0
24 3465864 0 0
24 1550935 0 0
24 3591540 0 0
24 3213715 0 0
24 2531075 0 0
24 1241166 0 0
24 3311181 0 0
24 2826347 0 0
24 3637271 0 0
24 3213710 0 0
24 3637270 0 0
24 3605448 0 0
24 2136170 0 0
24 3461298 0 0
24 3598196 0 0
24 3475209 0 0
24 2674435 0 0
24 2990505 0 0
24 3113161 0 0
24 2699957 0 0
24 2522374 0 0
24 2698626 0 0
24 280706 0 0
24 3637260 0 0
24 3497217 0 0
24 3411822 0 0
24 3671145 0 0
24 3754486 2 0
24 3753154 0 0
24 3671146 0 0
24 1638023 0 0
24 3675506 0 0
24 3395977 0 0
24 3599048 0 0
24 3835397 0 0
24 2276235 2 0
24 3484148 0 0
24 3704738 0 0
24 3554543 0 0
24 3804463 0 0
24 2918823 0 0
24 3630061 0 0
24 3276035 0 0
24 3276036 0 0
24 3276037 0 0
24 2994134 0 0
24 3889824 0 0
24 3390061 0 0
24 3841890 0 0
24 3886318 0 1
24 2442181 0 0
24 2826723 0 0
24 3242026 0 0
24 1804278 0 0
24 3678006 0 0
24 2923171 0 0
24 2993043 0 0
24 3125195 0 0
24 3098853 0 0
24 1266044 0 0
24 3425255 0 0
24 2860402 0 0
24 3574140 0 0
24 2698203 0 0
24 3175461 0 0
24 3861246 0 0
24 3383300 0 0
24 1578567 0 0
24 3219347 0 0
24 3291424 0 0
24 3733065 0 0
24 3276040 0 0
24 3487754 0 0
24 3519780 0 0
24 2479206 0 0
24 3118880 0 0
24 3492078 0 0
24 3276257 0 0
24 2732457 0 0
24 3647710 0 0
24 2729288 0 0
24 2860418 0 0
24 3512921 0 0
24 2795908 0 0
24 3500706 0 0
24 2822332 0 0
24 3223529 0 1
24 3219332 0 0
24 3542785 0 0
24 3574139 0 0
24 2902217 0 0
24 2632616 0 0
24 3125176 0 0
24 3185044 0 0
24 2939531 0 0
24 3586109 0 0
24 3669556 0 0
24 2606649 0 0
24 3278208 2 0
24 3712158 2 0
24 3565891 0 0
24 2572599 0 0
24 1661611 2 0
24 2271020 2 0
24 3141414 0 0
24 3290550 2 0
24 1896161 0 0
24 3220263 0 0
24 2702819 0 0
24 3235990 0 0
24 1804265 0 0
24 3786802 0 0
24 3812098 0 0
24 1867813 0 0
24 3642488 0 0
24 3049879 0 0
24 2527556 2 0
24 3343157 0 0
24 2527313 0 0
24 3841696 0 0
24 3841695 0 0
24 2753332 0 0
24 3232490 0 0
24 3356236 0 0
24 3446158 0 0
24 3669560 0 0
24 2721989 2 0
24 3311562 0 1
24 3528287 0 0
24 3512958 0 0
24 2775116 0 0
24 165606 2 0
24 2799065 0 0
24 2706597 0 0
24 3259720 0 0
24 2629968 0 0
24 3643324 0 0
24 2526478 0 0
24 2582336 0 0
24 2939555 0 0
24 3609679 0 0
24 3184125 0 0
24 2629964 0 0
24 2125459 0 0
24 3449432 0 0
24 3658208 0 0
24 2125456 0 0
24 3701496 0 0
24 3205375 0 0
24 2753558 2 0
24 3256242 0 0
24 3806228 0 0
24 2667519 0 0
24 3121612 0 1
24 3865637 0 0
24 3155860 0 0
24 3790037 0 0
24 3608317 0 0
24 3789280 0 0
24 3884115 0 0
24 1661642 2 0
24 3248865 0 0
24 2492864 0 0
24 2741574 0 0
24 3097588 0 0
24 2685145 0 0
24 3599432 0 0
24 3248869 2 0
24 1601963 0 0
24 1820779 0 0
24 1868913 0 0
24 3233373 0 0
24 3682311 2 0
24 3325738 0 0
24 3355351 0 0
24 3658225 0 0
24 3320288 0 0
24 3345323 2 0
24 3216258 0 0
24 3063930 0 0
24 3616181 0 0
24 2390581 0 0
24 3534509 0 0
24 2804728 0 0
24 3524703 0 0
24 3619690 0 0
24 1851004 0 0
24 3619691 0 0
24 3038999 2 0
24 2902403 0 0
24 3852797 0 0
24 3814076 0 0
24 3497941 0 0
24 3639712 0 2
24 3798658 0 0
24 2957592 0 0
24 3354491 0 0
24 2727489 0 0
24 3354493 0 0
24 1819377 0 0
24 3154353 0 0
24 3601338 2 0
24 3100737 0 0
24 3062014 0 0
24 3601337 0 0
24 3358618 0 0
24 2717437 2 0
24 3715239 0 0
24 3478186 0 0
24 2658826 0 0
24 3461758 0 0
24 3763794 0 0
24 3182831 0 0
24 3763796 0 0
24 3853238 0 0
24 2833655 0 0
24 3333797 0 0
24 3180639 0 0
24 3426973 0 0
24 3546094 0 0
24 2615763 0 0
24 3721923 0 0
24 2908609 0 0
24 3269599 0 0
24 1936425 0 0
24 3431085 0 0
24 3845843 0 0
24 3461747 0 2
24 2270358 0 0
24 2923106 0 0
24 3189692 0 0
24 2924432 0 0
24 2575206 0 0
24 3664480 0 0
24 3506884 0 0
24 2588526 0 0
24 2561009 0 0
24 2135846 0 0
24 2853044 0 0
24 3752432 0 0
24 3178589 0 0
24 2749010 0 0
24 3777932 0 0
24 3118480 0 0
24 3245390 0 0
24 3530759 0 0
24 3296944 0 0
24 3697146 0 0
24 3865430 0 0
24 549587 0 0
24 2902050 0 0
24 2877018 0 0
24 3775528 0 0
24 2526493 0 0
24 3170633 0 0
24 2846933 0 0
24 3198188 0 0
24 2633315 0 0
24 3437434 0 0
24 3221199 0 0
24 3395132 0 0
24 3646212 0 0
24 2797943 0 0
24 3614649 0 0
24 3766813 0 0
24 3853203 0 0
24 2199281 0 0
24 3098801 0 0
24 2923124 0 0
24 3446146 0 0
24 3876310 0 0
24 3712160 0 0
24 3796431 0 0
24 3608175 0 0
24 3307463 0 0
24 2480010 0 0
24 2783147 0 0
24 3646205 0 0
24 1802738 0 0
24 3376884 0 0
24 554987 0 0
24 3356878 0 0
24 3789906 0 0
24 3656899 0 0
24 3109347 0 0
24 3310633 0 0
24 2963835 0 0
24 3876313 0 0
24 3794002 0 0
24 1847819 0 0
24 3832587 0 0
24 1847816 0 0
24 3082294 0 0
24 3385367 0 0
24 2831021 0 0
24 3751750 0 0
24 3736367 0 0
24 2875480 0 0
24 3275836 0 0
24 3736369 0 0
24 2822323 0 0
24 3458782 2 0
24 3680994 0 0
24 3132366 0 0
24 3665130 0 0
24 3222068 0 0
24 3317011 0 0
24 3401495 0 0
24 2077913 0 0
24 3671804 0 0
24 2212041 0 0
24 2771152 0 0
24 3554722 0 0
24 3374480 0 0
24 64811 0 0
24 3004594 0 0
24 3439802 0 0
24 3477073 0 0
24 3565860 0 0
24 3274713 0 0
24 2760496 0 0
24 2866550 0 0
24 3843699 0 0
24 2483992 0 0
24 3396276 0 1
24 2082036 0 0
24 3542506 0 0
24 3391803 0 0
24 3704595 0 0
24 3379934 0 0
24 2729878 0 1
24 3015255 0 0
24 3834506 0 0
24 3309890 0 0
24 3728538 0 0
24 2175052 0 0
24 3504277 0 0
24 2846739 0 0
24 3814910 0 0
24 3814911 0 0
24 3644236 2 0
24 2957147 0 0
24 35282 0 1
24 3587873 0 0
24 3750688 0 1
24 3765925 0 0
24 2435234 2 0
24 2494631 0 0
24 3468117 0 0
24 2797986 0 0
24 3632018 0 0
24 3692509 0 0
24 3094007 0 0
24 3415629 0 0
24 3485910 0 0
24 3388422 0 0
24 3085099 0 0
24 3364454 2 0
24 3388425 0 0
24 2990450 2 0
24 3123215 0 0
24 3641871 0 0
24 3275984 0 0
24 3155046 0 0
24 3162819 0 0
24 3775018 0 0
24 3191386 0 0
24 3710981 0 0
24 2995902 0 0
24 3409201 0 0
24 3274656 0 0
24 3434413 0 0
24 3526875 0 0
24 3835883 0 0
24 3019340 0 0
24 3270293 0 0
24 3079651 0 0
24 3741470 0 0
24 3762190 0 0
24 2946729 0 0
24 3257067 0 0
24 3615351 0 0
24 2804020 0 0
24 2878710 0 0
24 2827125 0 0
24 2967681 0 1
24 3012722 0 0
24 3236149 0 0
24 3700929 0 0
24 3695240 0 0
24 3727182 0 0
24 3846779 0 0
24 1903360 0 0
24 3271399 0 0
24 2840573 0 0
24 3864194 0 0
24 3833473 0 0
24 3051094 0 0
24 3540710 0 0
24 3295585 0 0
24 2946721 0 0
24 3181574 0 0
24 3121282 0 0
24 374380 0 0
24 3738093 0 0
24 3168384 0 0
24 3722984 0 0
24 3722985 0 0
24 3044566 0 0
24 3722986 0 0
24 2827112 0 0
24 2948939 0 0
24 3686329 0 0
24 3459725 0 0
24 3848942 0 0
24 2782114 0 0
24 2118676 0 0
24 2898550 0 0
24 2612649 0 0
24 2934536 0 0
24 3056754 0 0
24 2957859 0 0
24 2980872 0 0
24 3154170 0 0
24 3711853 0 0
24 3791959 0 0
24 3693090 0 0
24 3751064 0 0
24 2717974 0 0
24 3236154 0 0
24 3798110 0 0
24 2761668 0 0
24 3399349 0 0
24 2798987 0 0
24 2908671 0 0
24 2770132 0 0
24 2862150 0 0
24 2128465 0 0
24 2478801 0 2
24 2706612 0 0
24 3047828 0 0
24 2804000 0 1
24 2887203 0 0
24 3580369 0 0
24 2374632 2 0
24 3877070 0 0
24 2957620 0 0
24 1892127 0 0
24 2827106 0 0
24 3641602 0 0
24 3458641 0 0
24 3436622 0 0
24 3200155 0 0
24 3591083 0 0
24 2839328 0 0
24 2793068 0 0
24 2988177 0 0
24 2667174 0 0
24 3737185 0 0
24 2988179 0 0
24 3562523 2 0
24 3750396 0 0
24 2600632 0 0
24 3539989 0 0
24 3432026 0 0
24 2936735 0 0
24 2480093 2 1
24 2936739 0 0
24 3709542 0 0
24 2517066 0 0
24 2908657 0 0
24 3775210 0 0
24 3825647 0 0
24 2531139 0 0
24 2644295 0 0
24 3226135 0 0
24 2881091 0 0
24 3765411 0 0
24 3274450 0 0
24 2732070 0 0
24 2947622 0 0
24 3424872 0 0
24 3424873 0 0
24 3424876 0 0
24 1963454 0 0
24 2475515 0 0
24 2700491 0 0
24 2871043 0 0
24 2893095 0 0
24 3265990 0 0
24 3053476 0 0
24 203156 0 0
24 2732065 0 0
24 1550411 0 0
24 3537555 0 0
24 3538643 0 0
24 3557185 0 0
24 3795053 0 0
24 2686702 2 0
24 2948944 0 0
24 3505509 0 0
24 2531110 0 0
24 2990233 0 0
24 3424864 2 0
24 2911691 0 0
24 3124326 0 0
24 3102333 0 0
24 3701804 0 0
24 138812 0 0
24 2784977 0 0
24 3007583 0 0
24 2001147 0 0
24 1336741 0 0
24 1634852 0 0
24 2878709 0 0
24 3833480 0 0
24 3274434 0 0
24 2916903 0 0
24 3637318 0 0
24 3833481 0 0
24 3297550 0 0
24 2384473 0 0
24 3506847 0 0
24 3662167 0 0
24 3716030 0 0
24 3716031 0 0
24 2667188 0 0
24 3145255 0 0
24 3662168 0 0
24 3775200 0 0
24 2772988 0 0
24 3751498 0 0
24 3775201 0 0
24 3821277 0 0
24 3548694 0 0
24 3751499 0 0
24 2896582 0 0
24 3162806 0 0
24 1791015 0 0
24 2978117 0 0
24 3434400 0 0
24 2732089 0 0
24 2684507 0 0
24 3529714 0 0
24 2628172 0 0
24 2770321 0 0
24 2732080 0 0
24 3259061 0 0
24 1920530 0 0
24 3555598 0 0
24 3104539 0 0
24 3325009 0 0
24 3546880 0 0
24 3360018 0 0
24 1524788 0 0
24 2767144 0 0
24 3301044 0 0
24 3001421 0 0
24 2876700 0 0
24 3298226 0 0
24 3112167 0 0
24 3730183 0 0
24 3672547 0 0
24 3519012 0 0
24 3202762 2 0
24 2700447 0 0
24 3813692 0 0
24 2700453 0 0
24 2531184 0 0
24 3464690 0 0
24 3617132 0 0
24 3817804 0 0
24 3847465 0 0
24 3881395 0 0
24 2206486 0 0
24 3285155 0 0
24 2546434 0 0
24 3519024 0 0
24 2769317 0 0
24 3619551 0 0
24 3066183 0 0
24 2609894 0 0
24 3073942 0 0
24 3519023 0 0
24 1065114 0 0
24 3671207 0 0
24 3297121 0 0
24 3359241 0 0
24 2478872 0 0
24 3605360 0 0
24 3661662 0 0
24 3362658 0 0
24 3846365 0 0
24 3693496 0 0
24 2841812 0 0
24 3847455 0 0
24 1277005 0 0
24 1550860 2 0
24 3115658 0 0
24 3221981 0 0
24 3003862 0 0
24 3468608 0 0
24 3523543 0 0
24 1781807 0 0
24 1277009 0 0
24 111183 0 0
24 3555588 0 0
24 2765171 0 0
24 2478885 0 0
24 1770929 0 0
24 1277010 0 0
24 3849624 0 0
24 1277011 0 0
24 2765179 0 0
24 3166807 0 0
24 3431981 0 0
24 2600825 0 0
24 2874777 0 0
24 3591246 0 0
24 1550875 0 0
24 2777392 0 0
24 3670132 0 0
24 2755147 0 0
24 2700478 0 0
24 1310907 0 0
24 2615299 0 0
24 3764164 0 0
24 1257651 0 0
24 3474460 0 0
24 3514841 0 0
24 3863515 0 0
24 2828425 0 0
24 3661689 0 0
24 3279506 0 0
24 3257955 0 0
24 3881344 0 0
24 2708122 0 0
24 3138115 0 0
24 3859250 0 0
24 3859493 0 0
24 1550800 2 0
24 2663654 0 0
24 3335497 0 0
24 2606331 0 0
24 3201875 0 0
24 1550803 0 0
24 2901618 0 0
24 3229010 0 0
24 1308815 2 0
24 1838426 0 0
24 3316967 0 0
24 3683465 0 0
24 3484040 0 0
24 3285198 0 0
24 3047842 0 0
24 3158131 0 0
24 2956513 0 0
24 3162635 0 0
24 3356189 0 0
24 2647177 0 0
24 2830978 0 0
24 3298252 0 0
24 1474397 0 0
24 2862515 0 0
24 2946956 0 0
24 3258820 0 0
24 3172202 0 0
24 3117630 0 0
24 3880031 0 0
24 2917397 0 0
24 3805891 0 0
24 2581654 0 0
24 2639563 0 0
24 3612090 0 0
24 3605326 0 0
24 2788348 0 0
24 3872415 0 0
24 1559638 0 0
24 2848004 0 0
24 2943441 0 0
24 3797063 0 0
24 2754019 0 0
24 2700432 0 0
24 3278886 0 0
24 3165919 0 0
24 3522482 0 0
24 2887806 0 0
24 3257724 0 0
24 3420418 0 0
24 3477745 0 0
24 1781621 0 0
24 3880048 0 0
24 2917171 0 0
24 3139656 0 0
24 3442426 0 0
24 3351956 0 0
24 3219361 2 0
24 3306949 0 0
24 3851743 0 0
24 2847142 0 0
24 3489953 0 0
24 2700434 0 0
24 2799007 0 0
24 1236944 0 0
24 1326200 0 0
24 2799006 0 0
24 3359438 0 0
24 3017963 0 0
24 3530694 0 0
24 2258197 0 0
24 3687079 0 0
24 3506106 0 0
24 3015305 0 0
24 1283982 0 0
24 3626910 0 0
24 2848624 0 1
24 2924383 0 0
24 2601087 0 0
24 3439789 0 0
24 2649143 0 0
24 3263087 0 0
24 2230622 0 0
24 3131766 0 0
24 3702433 0 1
24 3400072 0 0
24 1564284 0 0
24 3599577 0 1
24 3748665 0 0
24 3446086 0 0
24 2640105 0 0
24 3825056 0 0
24 3863784 0 0
24 3843700 0 0
24 1784590 0 0
24 3782346 0 0
24 3061208 0 0
24 3345261 0 0
24 3876647 0 0
24 2664779 0 0
24 3131755 0 0
24 3184040 0 0
24 2627222 0 0
24 545936 0 0
24 3143725 0 0
24 3585380 0 0
24 3245435 0 0
24 2820031 0 0
24 2893425 0 1
24 3063837 0 0
24 3519678 0 0
24 2803948 0 1
24 2929613 0 0
24 3704827 0 0
24 2936381 0 0
24 2640365 0 0
24 3808952 0 0
24 3179729 0 0
24 2642787 0 0
24 1181820 0 0
24 3179725 0 0
24 3556838 0 0
24 2045657 0 0
24 2198914 0 0
24 3410098 0 0
24 3713368 0 0
24 3025133 0 0
24 3108749 2 0
24 3109837 0 0
24 2567296 0 0
24 3538185 0 0
24 3024283 0 0
24 2820286 0 0
24 3444921 0 0
24 2873609 0 0
24 3039762 0 0
24 3793441 0 0
24 3277044 0 0
24 3157943 0 0
24 3564029 0 0
24 1184068 0 0
24 3046006 0 0
24 3422902 0 0
24 3159297 0 0
24 3841330 0 0
24 3045390 0 0
24 3517278 0 0
24 2680832 0 0
24 1090611 0 0
24 3164407 0 0
24 3735552 0 0
24 3097684 0 0
24 3140038 0 0
24 3038627 0 0
24 3097682 0 0
24 3311447 0 0
24 3519694 0 0
24 3206111 0 0
24 3448227 0 0
24 3556894 0 0
24 3743178 0 0
24 3580745 0 0
24 3407757 0 0
24 3857909 0 0
24 1112600 0 0
24 2579282 0 0
24 2008204 0 0
24 1657024 0 0
24 3488922 0 0
24 3779386 0 0
24 3221496 0 0
24 2033650 0 0
24 2740155 0 0
24 2741488 0 0
24 2730560 0 0
24 543575 0 0
24 3279471 0 0
24 3282637 2 1
24 1969422 0 0
24 2908082 0 0
24 2918524 0 0
24 1750990 0 0
24 1831520 0 0
24 2245932 0 0
24 3623823 0 0
24 2881437 0 0
24 3512841 0 0
24 3109646 0 1
24 3655065 0 0
24 2803987 0 0
24 3451642 0 0
24 3415119 0 0
24 3759301 0 0
24 2601263 0 0
24 2930657 0 0
24 3182093 0 0
24 3415115 0 0
24 3700032 0 0
24 3196486 0 0
24 3748403 0 0
24 3694419 0 0
24 1269449 0 0
24 3855704 0 0
24 394343 0 0
24 2233700 0 0
24 3107698 0 0
24 2803992 2 0
24 3144844 0 0
24 3750721 0 0
24 2601272 0 0
24 3840694 0 0
24 2783075 0 0
24 3521795 0 0
24 3820621 0 0
24 3577559 0 0
24 1860074 0 0
24 387826 0 0
24 3519000 0 0
24 3850014 0 0
24 2687698 0 0
24 3546839 0 0
24 2601271 0 0
24 3205006 0 0
24 529263 0 0
24 3880734 0 0
24 2827098 0 0
24 3469590 0 0
24 3365022 0 0
24 2526386 0 0
24 3153143 0 0
24 3516304 0 0
24 3492376 0 0
24 3492377 0 0
24 2824821 0 0
24 2783064 0 0
24 3189108 0 0
24 3245257 0 0
24 3862066 0 0
24 3724060 0 0
24 3422262 0 0
24 2575557 2 0
24 3879503 0 0
24 3065411 2 0
24 3666306 0 0
24 3259402 0 0
24 3412690 0 0
24 3175183 0 0
24 3816156 0 0
24 1188076 0 0
24 2783053 0 0
24 3651058 0 0
24 333431 0 0
24 3108322 0 0
24 3655896 0 0
24 3742728 0 0
24 2717562 0 0
24 2944142 0 0
24 2719740 0 0
24 3365251 0 0
24 3636314 0 0
24 2601491 0 0
24 2774583 0 0
24 3879514 0 0
24 3474722 0 0
24 3094306 0 0
24 2518539 0 0
24 2644318 0 0
24 2518538 2 0
24 2627858 0 0
24 3752795 0 0
24 3387636 0 0
24 1488900 2 0
24 3221061 0 0
24 3657849 0 0
24 3051222 0 0
24 2631486 0 0
24 2202333 0 0
24 3336925 0 0
24 3396354 0 0
24 1751007 0 0
24 3615849 0 0
24 3852007 0 0
24 3282647 0 0
24 3277062 0 0
24 3530861 0 0
24 2096525 0 0
24 3425501 0 0
24 1352359 0 0
24 3569292 0 0
24 2575583 0 0
24 2753644 0 0
24 2829486 0 0
24 2634760 0 0
24 3040592 0 0
24 3118372 2 0
24 3731861 0 0
24 3378931 0 0
24 3481473 0 0
24 3118139 0 0
24 3700060 0 0
24 3133999 0 0
24 3072154 0 0
24 1459116 0 0
24 3324918 0 0
24 3015345 0 0
24 3797640 2 1
24 3808108 0 0
24 3716885 0 0
24 1890552 0 0
24 1087854 0 0
24 2987927 0 0
24 3842269 0 0
24 2270282 0 0
24 3844449 0 0
24 2890532 0 0
24 3436637 0 0
24 2820490 0 0
24 2887111 0 0
24 3450927 0 0
24 2386358 2 0
24 3446676 0 0
24 3853388 0 0
24 2074576 0 0
24 2936566 0 1
24 2481473 2 0
24 2938505 0 0
24 3843587 0 0
24 2600364 0 1
24 3544833 0 0
24 2943095 0 0
24 3184082 0 0
24 2943099 0 0
24 3005318 0 0
24 3373026 0 0
24 3853383 0 0
24 3853386 0 0
24 3853387 0 0
24 2774533 0 0
24 2585577 0 0
24 2481443 0 0
24 3250660 0 0
24 2542401 0 1
24 2613411 0 0
24 3121335 0 0
24 3492317 0 0
24 3654131 0 0
24 3762767 0 0
24 3823968 0 0
24 3378720 0 0
24 3003144 0 0
24 3272656 0 0
24 3575307 0 0
24 3180752 0 0
24 3094358 0 0
24 2292255 0 0
24 2834887 0 0
24 2364352 0 0
24 2832696 0 0
24 2689471 0 0
24 2727334 0 0
24 2702053 0 0
24 3283793 0 0
24 3321655 0 0
24 3047189 0 1
24 3494986 0 0
24 3063409 0 0
24 3476097 0 0
24 3030998 0 0
24 2585581 0 0
24 2887122 2 0
24 3529438 0 0
24 3234184 0 0
24 2125953 0 0
24 2447567 0 0
24 2479134 0 0
24 2766904 0 0
24 2688148 0 0
24 3787815 0 0
25 3088001 0 0
25 3490472 0 0
25 2851121 0 0
25 3663309 0 0
25 3215555 0 0
25 3304278 0 0
25 2600790 0 0
25 3355868 0 0
25 3845578 0 0
25 2464778 0 0
25 3401856 0 0
25 2853793 0 0
25 3763163 0 0
25 3563944 0 0
25 2626932 0 0
25 2234416 0 0
25 3696248 0 0
25 3503888 0 0
25 2570836 1 0
25 3819262 0 0
25 3392803 0 0
25 3356701 0 0
25 3046627 0 0
25 3878030 0 0
25 2657235 0 0
25 3331877 0 0
25 3276929 0 0
25 2760694 0 0
25 2874269 0 0
25 2947723 0 0
25 2947724 0 0
25 3056874 0 0
25 2947722 0 0
25 2966457 0 0
25 2568949 0 0
25 3491791 0 0
25 3443272 0 0
25 3789750 0 0
25 2561075 0 0
25 2868822 0 0
25 3213343 0 0
25 3491796 0 0
25 3696220 0 0
25 2978433 0 0
25 2495003 0 0
25 2397405 0 0
25 3021745 0 0
25 3096901 0 0
25 2795370 0 0
25 2827054 0 0
25 2989147 0 0
25 3213333 0 0
25 3193642 0 0
25 2989140 0 0
25 2788600 0 0
25 3414723 0 0
25 3375036 0 0
25 3215992 0 0
25 3653541 0 0
25 2789938 0 0
25 3469835 0 0
25 3371914 0 0
25 2947736 0 0
25 2827041 0 0
25 3457858 0 0
25 3458705 0 0
25 3247187 0 0
25 3290801 0 0
25 3861600 0 0
25 2989130 0 0
25 3329545 0 0
25 3469827 0 0
25 3296115 0 0
25 3018580 0 0
25 3850950 0 0
25 3502118 0 0
25 2769460 0 0
25 2990598 0 0
25 3678861 0 0
25 2268695 0 0
25 3159752 0 0
25 2386777 0 0
25 3539402 0 0
25 2018709 0 0
25 3330983 0 0
25 2779268 0 0
25 3293075 0 0
25 2923795 0 0
25 3679719 0 0
25 115844 0 0
25 3304240 0 0
25 3349129 0 0
25 1502046 0 0
25 3138845 0 0
25 3294399 0 0
25 2954043 0 0
25 2588573 0 1
25 3318881 0 0
25 1431597 0 0
25 3682460 0 0
25 2797594 0 0
25 3256941 0 0
25 2884443 0 0
25 3420523 0 0
25 137227 0 0
25 2884445 0 0
25 3645950 0 0
25 3847353 0 0
25 1910601 0 0
25 2768112 0 0
25 3262390 0 0
25 3563098 0 0
25 3410720 0 0
25 3221849 0 0
25 3496171 0 0
25 3203970 0 0
25 2721491 0 0
25 3645949 0 0
25 2721495 0 0
25 3176713 0 0
25 2206367 0 0
25 2657284 0 0
25 3080591 0 0
25 3285031 0 0
25 3221851 0 0
25 3060997 0 0
25 3498362 0 0
25 3669013 0 0
25 3599068 0 0
25 3073808 0 0
25 3253454 0 0
25 3015962 0 0
25 3534553 0 0
25 3766243 0 0
25 3415156 0 0
25 2565046 0 0
25 2565047 0 0
25 1242218 0 0
25 3227160 0 0
25 3523428 0 0
25 3382619 0 0
25 3629445 0 0
25 3443667 0 0
25 3618315 0 0
25 368438 0 0
25 2553050 0 0
25 2640886 0 0
25 3767585 0 0
25 3256955 0 0
25 3188701 0 0
25 3781873 0 0
25 3523895 0 0
25 2848795 0 0
25 3102483 0 0
25 3072950 0 0
25 3768437 0 0
25 1513529 0 0
25 2852402 0 0
25 3469803 0 0
25 3130920 0 0
25 2941578 0 0
25 3518076 0 0
25 3560805 0 0
25 2921519 0 0
25 3518090 0 0
25 2694277 0 0
25 3430365 0 0
25 2449174 0 0
25 3407585 0 0
25 3781862 0 0
25 1513579 0 0
25 3336225 0 0
25 3781865 0 0
25 3334053 0 0
25 2324038 0 0
25 3581790 0 0
25 3232546 0 0
25 194226 0 0
25 2823099 0 0
25 3019033 0 0
25 3841606 0 0
25 1779406 0 0
25 1869027 0 0
25 3194593 0 0
25 3723995 0 0
25 2989522 0 0
25 3420544 0 0
25 2990999 0 0
25 2673355 0 0
25 3424907 0 0
25 3113158 0 0
25 2361874 0 0
25 2503647 0 0
25 3371531 0 0
25 2989525 0 0
25 2014743 0 0
25 3613077 0 0
25 3349526 0 0
25 2998461 0 0
25 2998460 0 0
25 3677928 0 0
25 3054260 0 0
25 3813142 0 0
25 2042033 0 0
25 2815824 0 0
25 2856377 0 0
25 2994134 0 0
25 2768632 0 1
25 3085779 0 0
25 3543891 0 0
25 3504282 0 0
25 3142539 0 0
25 3529109 0 2
25 2686695 0 0
25 3313544 0 0
25 2169249 0 0
25 2725904 2 0
25 3852300 0 0
25 3807722 0 0
25 3015430 0 0
25 2836752 0 0
25 3334490 0 0
25 3745271 0 0
25 3417860 0 0
25 2856380 0 0
25 3221335 0 0
25 3439679 0 0
25 2768623 0 0
25 3142521 0 0
25 3670511 0 0
25 3805549 0 0
25 2588923 0 0
25 2815804 0 0
25 2815805 0 0
25 2721563 0 0
25 2755777 2 0
25 3531443 0 0
25 3437020 0 0
25 3827322 0 0
25 2575616 0 0
25 3762605 0 0
25 2803828 0 0
25 2803827 0 0
25 2483951 0 0
25 2813623 0 0
25 2813635 0 0
25 2813637 0 0
25 2615348 0 0
25 2522297 0 0
25 2740290 0 2
25 3704709 0 0
25 3362920 0 0
25 2800325 0 0
25 3543888 0 0
25 2631536 0 0
25 2359921 0 0
25 3139337 0 0
25 2631539 0 0
25 2964716 0 0
25 2836735 0 0
25 3380063 0 0
25 3445062 0 0
25 2704167 0 0
25 3231164 0 0
25 3445060 0 0
25 3060433 0 0
25 3470028 0 0
25 3625903 0 0
25 3343390 0 0
25 3841217 0 0
25 3314835 0 0
25 3670568 0 0
25 3206249 0 0
25 3793311 0 1
25 3212915 0 0
25 3793310 0 0
25 2321725 0 0
25 2690764 0 0
25 3643326 0 0
25 3518019 0 0
25 2766888 0 0
25 2687117 0 0
25 3689166 0 0
25 2855020 0 0
25 3040840 0 0
25 3789286 0 0
25 2697366 0 0
25 2568079 0 0
25 3521200 2 0
25 3425032 0 0
25 2721524 0 0
25 2721526 0 0
25 2721528 0 0
25 2551642 0 0
25 2721527 0 0
25 3817595 0 0
25 3514915 0 0
25 3703419 0 0
25 3205366 0 0
25 3016743 0 0
25 3506057 0 0
25 3445093 0 0
25 2939336 0 0
25 3841660 0 0
25 2740258 0 1
25 2998980 0 0
25 3459254 0 0
25 3619691 0 0
25 2857218 0 0
25 3096024 0 0
25 2938490 0 0
25 3852795 0 0
25 3403627 0 0
25 3524291 2 0
25 2957592 0 0
25 3587867 0 0
25 2729424 0 0
25 3354493 0 0
25 3637531 0 0
25 3713297 0 0
25 3751568 0 0
25 3753745 0 0
25 3497942 0 0
25 3865696 0 0
25 2596133 0 0
25 2596134 0 0
25 3646487 0 0
25 3504689 0 0
25 2519966 0 0
25 2739221 0 0
25 3473963 0 0
25 2991014 0 0
25 3040454 0 0
25 2970573 0 0
25 2133671 0 0
25 3244031 0 0
25 3490089 0 0
25 2529306 0 0
25 2877221 0 0
25 3842572 0 0
25 2631594 0 0
25 3218651 0 0
25 2923340 0 0
25 3249723 0 0
25 3679720 0 0
25 2740235 0 0
25 3679722 0 1
25 3398623 0 0
25 3189692 0 0
25 2730438 0 0
25 2096636 0 0
25 3504225 0 0
25 2729447 0 0
25 3383153 0 0
25 2808671 0 0
25 3731975 0 0
25 3697146 0 0
25 3335714 0 0
25 3317084 0 0
25 3520718 0 0
25 2945149 0 0
25 2855474 0 0
25 2062491 0 0
25 1669732 0 0
25 3445052 0 0
25 3170633 0 0
25 3193730 0 0
25 3739458 0 0
25 3088855 0 0
25 1475942 0 0
25 3765724 0 0
25 3767903 0 0
25 3445059 0 0
25 3767902 0 0
25 3369947 0 0
25 3283201 0 0
25 2813609 0 0
25 2448762 0 0
25 3304192 0 0
25 3087998 0 0
25 3608179 0 0
25 3087994 0 0
25 3492212 0 0
25 2630294 0 0
25 3395161 0 0
25 2803801 0 0
25 2413251 0 0
25 3063538 0 2
25 3333991 0 0
25 3786639 0 0
25 2667574 0 0
25 3610014 0 0
25 1602202 0 0
25 2077908 0 0
25 3504258 0 0
25 3841281 0 0
25 3180839 0 0
25 3621150 0 0
25 3350087 0 1
25 3088828 0 0
25 2905538 0 0
25 2274991 0 0
25 3447652 0 0
25 2812733 0 0
25 3018996 0 0
25 3693614 0 0
25 2118078 0 0
25 3124725 0 0
25 3697187 0 0
25 3600221 0 0
25 3350074 0 0
25 2972760 0 0
25 3272533 0 0
25 3352251 0 0
25 3642065 0 0
25 3200088 0 0
25 3488179 0 0
25 3504276 0 0
25 3686078 0 0
25 2051318 0 0
25 3040432 0 0
25 3200074 0 0
25 3087962 0 0
25 2596105 0 0
25 3097754 0 0
25 3468117 0 0
25 3485910 0 0
25 3665150 0 0
25 3614015 0 0
25 2592727 0 0
25 3533168 0 0
25 2408707 0 0
25 2693661 0 0
25 3809357 0 0
25 3155045 0 0
25 2739501 0 0
25 3649597 0 0
25 2759592 0 0
25 3533163 0 0
25 2039788 0 0
25 3464066 0 0
25 3708414 0 0
25 2769393 0 0
25 3123465 0 0
25 3194646 0 0
25 3217846 0 0
25 3524683 0 0
25 3327019 0 0
25 3407032 0 0
25 1310521 0 0
25 1903360 0 0
25 1602195 0 0
25 3134104 0 0
25 2737797 0 0
25 374384 0 0
25 3833476 0 0
25 3879238 0 0
25 2693644 0 0
25 2270857 0 0
25 3458635 0 0
25 3808042 0 0
25 3867215 0 0
25 2735164 0 0
25 2363978 0 0
25 3712941 0 0
25 3327042 0 0
25 2516198 0 0
25 2862150 0 0
25 3407001 0 0
25 3093746 0 0
25 2957620 0 0
25 3569570 0 0
25 3195994 0 0
25 2746273 0 0
25 3053257 0 0
25 2516182 0 0
25 3110132 0 0
25 3637109 0 0
25 2323000 0 0
25 3464078 0 0
25 2908666 0 0
25 2759585 0 0
25 3252662 0 0
25 2700481 0 0
25 3881508 0 0
25 3860648 0 0
25 3513598 0 0
25 3111030 0 0
25 3250004 0 0
25 2896351 0 0
25 3591015 0 0
25 2732078 0 0
25 3625584 0 0
25 3824558 0 0
25 1501062 0 0
25 1550409 0 0
25 3679818 0 0
25 3443571 0 0
25 2728801 0 0
25 3585636 0 0
25 3355929 0 0
25 3825414 0 0
25 3860632 0 0
25 3304341 0 0
25 3776550 0 0
25 3849848 0 0
25 3111045 0 0
25 3506838 0 0
25 2923424 0 0
25 3200132 0 0
25 3443572 0 0
25 138815 0 0
25 2798781 0 0
25 3286899 0 0
25 2887898 0 0
25 3250025 0 0
25 3822350 0 0
25 2001147 0 0
25 2981767 0 0
25 3550519 0 0
25 3350231 0 0
25 3833480 0 0
25 2025591 0 0
25 1550425 0 0
25 3833481 0 0
25 546156 0 0
25 3833019 0 0
25 3079822 0 0
25 2362218 0 0
25 2611988 0 0
25 3493809 0 0
25 2517070 0 0
25 3893507 0 0
25 2737776 0 0
25 2311466 0 0
25 3200113 0 0
25 3721475 0 0
25 2799655 0 0
25 3315447 0 0
25 2767145 0 0
25 3141717 0 0
25 2767144 0 0
25 2769321 0 0
25 2917576 0 0
25 3475115 0 0
25 3289991 0 0
25 3502829 0 0
25 1065106 0 0
25 3114585 0 0
25 2830945 0 0
25 3056373 0 0
25 3671458 0 0
25 3519253 0 0
25 2325270 0 0
25 3435908 0 0
25 3479949 0 0
25 3047889 0 0
25 3199935 0 0
25 3860678 0 0
25 3047888 0 0
25 3606483 0 0
25 169172 0 0
25 3324387 0 0
25 2699812 0 0
25 3141711 0 0
25 3465305 0 0
25 3519266 0 0
25 3419408 0 0
25 2956717 0 0
25 3435913 0 0
25 3501983 0 0
25 2964782 0 0
25 2840725 0 0
25 3286456 0 0
25 3377153 0 0
25 3377152 0 0
25 3106976 0 0
25 2577192 0 0
25 3883346 0 0
25 2884340 0 0
25 3833041 0 0
25 2852755 0 0
25 2556682 0 0
25 3284289 0 0
25 3162208 0 0
25 3732159 0 0
25 3284281 0 0
25 3792648 0 0
25 2684306 0 0
25 2687814 0 0
25 3435938 0 0
25 3580759 0 0
25 2964798 0 0
25 3463145 0 0
25 1784091 0 0
25 3056366 0 0
25 3145295 0 0
25 1456972 0 0
25 2991983 0 0
25 3420449 0 0
25 2791736 0 0
25 3895757 0 0
25 3590565 0 0
25 3713813 0 0
25 3488871 0 0
25 3895756 0 0
25 3229010 0 0
25 3088395 0 0
25 3318909 0 0
25 2430200 0 0
25 2490724 0 0
25 2788579 0 0
25 3369252 0 0
25 2755123 0 0
25 3873970 0 0
25 3078117 0 0
25 3592750 0 0
25 3023428 0 0
25 3252289 0 0
25 3643830 0 0
25 3754377 0 0
25 2360424 0 0
25 3826319 0 0
25 3409625 0 0
25 3505913 0 0
25 3840627 0 0
25 3649131 0 0
25 3088378 0 0
25 3046535 0 0
25 3047867 0 0
25 3046536 0 0
25 3046538 0 0
25 2827785 0 0
25 3474230 0 0
25 3880286 0 0
25 3420418 0 0
25 3477745 0 0
25 2997250 0 0
25 2684349 0 0
25 3459093 0 0
25 3851743 0 0
25 2830950 0 0
25 3850891 0 0
25 3555384 0 0
25 2938550 0 0
25 2938552 0 0
25 2938553 0 0
25 3232573 0 0
25 3331093 0 0
25 3866826 0 0
25 2503664 2 0
25 3205072 0 0
25 2938555 0 0
25 3476962 0 0
25 2275777 0 0
25 3168804 0 0
25 1781071 0 0
25 3592700 0 0
25 2845112 0 0
25 3700494 0 0
25 3757380 0 0
25 3786718 0 0
25 2684397 0 0
25 3508535 0 0
25 2740190 0 0
25 2780628 0 0
25 3034052 0 0
25 3726658 0 0
25 3017977 0 0
25 2045672 0 0
25 3143972 0 0
25 3232582 0 0
25 2906949 0 0
25 2938547 0 0
25 3177761 0 0
25 3326967 0 1
25 3143974 0 0
25 2938549 0 0
25 3143978 0 0
25 2938546 0 0
25 3368360 0 0
25 3061208 0 0
25 2987954 0 0
25 3631024 0 0
25 2722742 0 0
25 3687060 0 0
25 2882564 0 0
25 3075829 0 0
25 3232596 0 0
25 3847299 0 0
25 3108757 0 0
25 3143965 0 0
25 3143966 0 0
25 3624710 0 0
25 3865952 0 0
25 3198234 0 0
25 2111594 0 0
25 3232590 0 0
25 3131983 0 0
25 3700470 0 0
25 3075833 0 0
25 3700476 0 0
25 3851780 0 0
25 3277474 0 0
25 2736923 0 0
25 2740174 0 0
25 2736924 0 0
25 3108743 2 0
25 3764909 0 0
25 2787188 0 0
25 3257889 0 0
25 2528951 0 0
25 3385625 0 0
25 3004206 0 0
25 2776581 0 0
25 2684388 0 0
25 2684385 0 0
25 1181817 0 0
25 2687896 0 0
25 3496533 0 0
25 2941760 0 0
25 2959054 0 0
25 3282872 0 0
25 3590957 0 1
25 3345217 0 0
25 3097684 0 0
25 3461437 0 0
25 3705745 0 0
25 2929637 0 0
25 3469386 0 0
25 3837076 0 0
25 555544 0 0
25 3784960 0 0
25 2516524 0 0
25 2859737 0 0
25 2941754 0 0
25 2516520 0 0
25 3277022 0 0
25 1865539 0 0
25 3682689 2 0
25 2430299 0 0
25 2584645 0 0
25 3621645 0 0
25 2766758 0 0
25 2675011 0 0
25 3590500 0 0
25 3132872 0 0
25 3303845 0 0
25 3700028 0 0
25 1431602 0 0
25 153522 0 0
25 3046014 0 0
25 3796926 0 0
25 3143997 0 0
25 3713327 0 0
25 2764565 0 0
25 3784942 0 0
25 2740134 0 0
25 3841545 0 0
25 2766744 0 0
25 3544655 0 0
25 2595778 0 0
25 1459158 0 0
25 3249826 0 0
25 518976 0 0
25 3853110 0 0
25 3505897 0 0
25 3527202 0 0
25 2934594 0 0
25 3582057 0 0
25 3118141 0 0
25 3245499 0 0
25 3271300 0 0
25 3541999 0 0
25 3638507 0 0
25 3420083 0 0
25 3425772 0 0
25 3262834 0 0
25 2777855 0 0
25 3665213 0 0
25 2526395 0 0
25 3032707 0 0
25 3105295 0 0
25 3302920 0 0
25 3271310 0 0
25 3292236 0 0
25 2858849 0 0
25 3843309 0 0
25 2888230 0 0
25 3601239 0 0
25 3295727 0 0
25 2350140 0 0
25 3269442 0 0
25 3724082 0 0
25 3190349 0 0
25 3565948 0 0
25 2858859 0 0
25 3612336 0 0
25 2729313 0 0
25 3561107 0 0
25 3714292 0 0
25 3731624 0 0
25 3237413 0 0
25 137937 0 0
25 3273955 0 0
25 3378939 0 0
25 3093234 0 0
25 2888209 0 0
25 2447554 0 0
25 3675051 0 0
25 3085218 0 0
25 3308671 0 0
25 3496935 0 0
25 3237425 0 0
25 2678102 0 0
25 3229806 0 0
25 2050147 0 0
25 2515289 0 0
25 2259256 0 0
25 2796991 0 0
25 2259253 0 0
25 3688356 0 0
25 3015359 0 0
25 3308663 0 0
25 3308661 0 0
25 3459999 0 0
25 3296629 0 0
25 3308666 0 0
25 1314921 0 0
25 2376791 0 0
25 3637609 0 0
25 3213042 0 0
25 3667431 0 0
25 3728874 0 0
25 3728873 0 0
25 2671938 0 0
25 2924354 0 0
25 2854449 0 0
25 3040322 0 0
25 2938536 0 0
25 3248584 0 0
25 3437740 0 0
25 3272658 0 0
25 1635421 0 0
25 3226319 0 0
25 374373 0 0
25 3728882 0 0
25 2140087 0 0
25 3878882 0 0
25 3809446 0 0
25 3410295 0 0
25 3864259 0 0
25 1168895 0 0
25 2846852 0 0
25 3481430 0 0
25 3391934 0 0
25 2726553 0 0
25 1208964 0 0
25 3731797 0 0
25 3030027 0 0
25 3652411 0 0
25 3526754 0 0
25 3526755 0 0
25 3871620 0 0
25 2395413 0 0
25 3065130 0 0
25 2490803 0 0
25 3155150 0 0
25 3352103 0 0
25 3132045 0 0
25 3162710 0 0
25 3091431 0 0
25 3389896 0 0
25 3745982 0 0
25 3638567 0 0
25 3170344 0 0
25 3820495 0 0
25 3424705 0 0
25 2714108 0 0
25 3539609 0 0
25 3075397 0 0
25 3109288 0 0
25 3139901 0 0
25 3134698 0 0
25 1310632 0 0
25 3445208 0 0
25 3030040 0 0
25 3598820 0 0
25 3445202 0 0
25 3095803 0 0
25 3144001 0 0
25 3584607 0 0
25 3144002 0 0
25 3144004 0 0
25 3360184 0 0
25 3194784 0 0
25 3087367 0 0
25 2637878 0 0
25 3648357 0 0
25 1131917 0 0
25 3785158 0 0
25 3649202 0 0
25 3228665 0 0
25 3091451 0 0
25 3338244 0 0
25 3526790 0 0
25 2726513 0 0
25 2921358 0 0
25 3227344 0 0
25 2592809 0 0
25 3170764 0 0
25 2947980 0 0
25 1698143 0 0
25 3617608 0 0
25 3804823 0 0
25 2628088 0 0
25 2853506 0 0
25 2921354 0 0
25 3659098 0 0
25 3664446 0 0
25 1182695 0 0
25 3361490 0 0
25 3618949 0 0
25 2031906 0 0
25 2543002 0 0
25 3401659 0 0
25 3601243 0 0
25 2075574 0 0
25 3493707 0 0
25 3777520 0 0
25 3646157 0 0
25 3080707 0 0
25 3804818 0 0
25 3463047 0 0
25 3169790 0 0
25 3227365 0 0
25 2865500 0 0
25 2978228 0 0
25 3194749 0 0
25 3249159 0 0
25 3541931 0 0
25 3810286 0 0
25 3858664 0 0
25 3638528 0 0
25 3338233 0 0
25 2728703 0 0
25 2690061 0 0
25 3084298 0 0
25 3679944 0 0
25 3728133 0 0
25 3573515 0 0
25 3698209 0 0
25 2360393 0 0
25 3639845 0 0
25 3772291 0 0
25 3445651 0 0
25 3123176 0 0
25 3884537 0 0
25 3198737 0 0
25 3227386 0 0
25 3276798 0 0
25 3420766 0 0
25 3150792 0 0
25 3662609 0 0
25 1164428 0 0
25 2796026 0 0
25 2570664 0 0
25 3756203 0 0
25 3304425 0 0
25 3872562 0 0
25 2873549 0 0
25 2556332 0 0
25 3341834 0 0
25 3341837 0 0
25 2771986 0 0
25 2672220 0 0
25 2873572 0 0
25 3015726 0 0
25 3849750 0 0
25 3522339 0 1
25 2589295 0 0
25 2933728 0 0
25 2627171 0 0
25 2911931 0 0
25 3296387 0 0
25 2760859 0 0
25 3557872 0 0
25 3857379 0 0
25 3312065 0 0
25 3532127 0 1
25 3556553 0 0
25 2939498 0 0
25 3420735 0 0
25 2582677 0 0
25 3848892 0 0
25 3522328 0 0
25 3522325 0 0
25 2974233 0 0
25 3674615 0 0
25 2039812 0 0
25 2853979 0 0
25 3522329 0 0
25 2903924 0 0
25 3080797 0 0
25 3779774 0 0
25 3779775 0 0
25 2034572 0 0
25 3161896 0 0
25 2920421 0 0
25 2072832 0 0
25 3196980 0 0
25 3509389 0 0
25 2526991 1 0
25 3292822 0 0
25 3568107 0 0
25 3671122 0 0
25 3495023 0 0
25 2395405 0 0
25 2276480 0 0
25 2825016 0 0
25 3653720 0 0
25 3522377 0 0
25 3086081 0 0
25 3660491 0 0
25 3275496 0 0
25 2697532 0 0
25 3014845 0 0
25 2766585 0 0
25 3522364 0 2
25 3881012 0 0
25 3438046 0 0
25 2672256 0 0
25 3569893 0 0
25 3183694 0 0
25 3675506 0 0
25 3032255 0 0
25 1065057 0 0
25 2760909 0 0
25 3866704 0 0
25 3564101 0 0
25 3884137 0 0
25 3048580 0 0
25 2900050 0 0
25 3545834 0 0
25 2526426 0 0
25 3242026 0 0
25 2493534 0 0
25 3052614 0 0
25 2776010 0 0
25 3373974 0 0
25 2835660 0 0
25 2001731 0 0
25 2890060 0 0
25 2605334 0 0
25 3265155 0 1
25 2672273 0 0
25 3687180 0 0
25 2697592 0 0
25 2426703 0 0
25 3358686 0 0
25 1564177 0 0
25 2258295 0 0
25 3853858 0 0
25 3177411 0 0
25 1557419 0 0
25 2526404 0 0
25 2892697 0 0
25 3097544 0 0
25 3119976 0 0
25 3423055 0 1
25 3632469 0 0
25 3189885 0 0
25 3666272 0 0
25 153440 0 0
25 3310281 0 0
25 3729825 0 0
25 3390098 0 0
25 1557420 0 0
25 555850 0 0
25 2526417 0 0
25 2628896 0 0
25 2672294 0 0
25 2654878 0 0
25 3443953 0 0
25 3443951 0 0
25 2649056 0 0
25 3874367 0 0
25 3830312 0 0
25 3874770 0 2
25 3209994 0 0
25 2390579 0 0
25 1968231 0 0
25 3242064 0 0
25 3425291 0 0
25 3097561 0 0
25 151687 0 0
25 1661660 0 0
25 2799065 0 0
25 2740033 0 0
25 3527191 0 0
25 3555209 0 0
25 3656020 0 0
25 2892683 0 0
25 3036558 0 0
25 3313732 0 0
25 2739496 0 0
25 3804046 0 0
25 150380 0 0
25 3207310 0 0
25 2823226 0 0
25 3163217 0 0
25 2170448 0 0
25 3118207 0 0
25 1661641 0 0
25 2892653 0 0
25 3629246 0 0
25 3561091 0 0
25 2894835 0 0
25 3058336 0 0
25 2962325 0 0
25 2984580 0 0
25 3307075 0 0
25 3221150 0 0
25 1851005 0 0
25 2826739 0 0
25 3543206 0 0
25 3359956 0 0
25 3070450 0 0
25 3359957 0 0
25 2216021 0 0
25 3503594 0 0
25 3877441 0 0
25 3778807 0 0
25 2446386 0 0
25 3830358 0 0
25 3156535 0 0
25 1824724 0 0
25 3386887 0 0
25 3584594 0 0
25 2395387 0 0
25 2739466 0 0
25 3410166 0 0
25 3725030 0 0
25 3170833 0 0
25 2688243 0 0
25 3180639 0 0
25 2542996 0 0
25 2605738 0 0
25 3154340 0 0
25 3153010 0 0
25 3219740 2 0
25 1555626 0 0
25 3247783 0 0
25 3053559 0 0
25 2441926 0 0
25 3169864 0 0
25 3358602 0 0
25 3615962 0 0
25 3448314 0 0
25 2666463 0 0
25 2952912 0 0
25 3867618 0 0
25 3828491 0 0
25 3867617 0 0
25 3623109 0 1
25 3389934 0 0
25 3669709 0 0
25 2711912 0 0
25 3289162 0 0
25 3158742 0 0
25 3539565 0 0
25 3888592 0 0
25 503388 0 0
25 3750492 0 0
25 2688214 0 0
25 2739485 0 0
25 3514260 0 0
25 3403857 0 0
25 3612464 0 0
25 3156503 0 0
25 3867609 0 0
25 2395393 0 0
25 3411461 0 0
25 3389946 0 0
25 2630042 0 0
25 3295845 0 0
25 3703215 0 0
25 2644684 0 0
25 3620080 0 0
25 3446146 0 0
25 2774678 0 0
25 3389959 0 0
25 3589844 0 0
25 2505121 0 0
25 3867676 0 0
25 3272799 0 0
25 3687150 0 0
25 3259322 0 0
25 3225572 0 0
25 3215347 0 0
25 3356867 0 0
25 3623573 0 0
25 3540113 0 0
25 3884184 0 0
25 3856530 0 0
25 3614622 0 0
25 3877413 0 1
25 3364471 0 0
25 3800520 0 0
25 2505144 0 0
25 2807148 0 0
25 3152193 0 0
25 3533827 0 0
25 2571059 0 0
25 2946272 0 0
25 3619045 0 0
25 3259354 0 0
25 3687170 0 0
25 3206864 0 0
25 3445246 0 0
25 3615923 0 0
25 3206865 0 0
25 1458349 0 0
25 3632492 0 0
25 3828064 0 0
25 2671847 0 0
25 3772692 0 0
25 3177464 0 0
25 3678693 0 0
25 3678694 0 0
25 3560174 0 0
25 1518691 0 0
25 3097992 0 0
25 2941817 0 0
25 3468355 0 0
25 3800515 0 0
25 3094007 0 1
25 2505282 0 0
25 2828460 0 0
25 3045877 0 0
25 3247032 0 0
25 3845692 0 0
25 3870657 0 0
25 3299955 0 0
25 3825604 0 0
25 3204301 0 0
25 2946727 0 0
25 3684119 0 0
25 2363719 0 0
25 2363718 0 0
25 3133010 0 0
25 2363727 0 0
25 2657328 0 0
25 3399550 0 0
25 3597844 0 0
25 3626242 0 0
25 3742567 0 0
25 3742566 0 0
25 2657351 0 1
25 3686329 0 0
25 3791961 0 0
25 2396654 1 0
25 3606613 0 0
25 3872858 0 0
25 2612649 0 0
25 2875238 0 0
25 3177091 0 0
25 3539963 0 0
25 2438370 0 0
25 2759337 0 0
25 3150806 0 0
25 3410426 0 0
25 2798987 0 0
25 3764345 0 0
25 113745 0 0
25 3687640 0 0
25 2505290 0 0
25 2496697 0 0
25 3162849 0 0
25 3162848 0 0
25 3524463 0 0
25 3085068 0 0
25 3665879 0 0
25 2699197 0 0
25 2515092 0 0
25 2997054 0 0
25 3573838 0 0
25 3433116 0 0
25 3788302 0 0
25 3524466 0 0
25 3010322 0 0
25 3800313 0 0
25 2645374 0 0
25 3172649 0 0
25 1637094 0 0
25 3068953 0 0
25 3042323 0 0
25 3426825 0 0
25 3087230 0 0
25 2134973 0 0
25 2438311 0 0
25 3190009 0 0
25 3355702 0 0
25 3135247 0 0
25 3263563 0 0
25 128824 2 0
25 161802 0 0
25 2924516 0 0
25 3173920 0 0
25 2910354 0 0
25 1762068 0 0
25 3717585 0 0
25 3117825 0 0
25 3114311 0 0
25 3114796 0 0
25 3652102 0 0
25 3173912 0 0
25 1403811 0 0
25 3799892 0 0
25 2645398 0 0
25 3230652 0 0
25 3066759 0 0
25 1635709 0 0
25 2409819 0 0
25 2773601 0 0
25 2924529 0 0
25 2373576 0 0
25 3249275 0 0
25 3040164 0 0
25 3161952 0 0
25 2584080 0 0
25 455689 0 0
25 2424184 0 0
25 3487371 0 0
25 3214515 0 0
25 2745142 0 0
25 3583673 0 0
25 2896582 0 0
25 1308870 0 0
25 1190165 0 0
25 3330877 0 0
25 3627993 0 0
25 2291578 0 0
25 3182882 0 0
25 3414816 0 0
25 3421971 0 0
25 3560943 0 0
25 3801231 0 0
25 2531170 0 0
25 3639158 0 0
25 3325009 0 0
25 3609743 0 0
25 1524788 0 0
25 1187893 0 0
25 3062807 0 0
25 3490505 0 0
25 2981901 0 0
25 2874764 0 0
25 3485166 0 0
25 1635288 0 0
25 3840842 0 0
25 3485164 0 1
25 3852824 1 0
25 1308844 0 0
25 3629342 0 0
25 2987204 0 0
25 3203855 0 0
25 3437090 0 0
25 3377381 0 0
25 3512873 0 0
25 3847462 0 0
25 2226078 0 0
25 3523515 0 0
25 3658248 0 0
25 2839984 0 0
25 3194033 0 0
25 3394727 0 0
25 2862314 0 0
25 3684540 0 0
25 2722015 0 0
25 3839825 0 0
25 3847454 0 0
25 2840966 0 0
25 2875638 0 0
25 3184238 0 0
25 3628477 0 0
25 3083728 0 0
25 3628474 0 0
25 2895204 0 0
25 2816853 0 0
25 3628473 0 0
25 3073932 0 0
25 2851667 0 0
25 3149420 0 0
25 3121093 0 0
25 3350433 0 0
25 2941454 0 0
25 2335291 0 0
25 2025308 0 0
25 3555586 0 0
25 2883243 0 0
25 3700748 0 0
25 3421941 0 0
25 3580524 0 0
25 3617352 0 0
25 3616020 0 0
25 2930321 0 0
25 3658261 0 0
25 3351751 0 0
25 2117975 0 0
25 2873448 0 0
25 3580518 0 0
25 2478882 2 0
25 2595619 0 0
25 1187859 0 0
25 3423710 0 0
25 3617321 0 0
25 3279507 0 0
25 2263064 0 0
25 3073909 0 0
25 3228391 0 0
25 3881344 0 0
25 2449053 0 0
25 3362875 0 0
25 3818941 0 0
25 3892005 0 0
25 3892002 0 0
25 3263165 0 0
25 3818946 0 0
25 3599139 0 0
25 3351746 0 0
25 3618654 0 0
25 3703842 0 0
25 65680 0 0
25 3892006 0 0
25 3660127 0 0
25 3472274 0 0
25 3423709 0 0
25 3065056 0 0
25 2956999 0 0
25 2721577 0 0
25 78999 0 0
25 2647176 0 0
25 2867196 0 0
25 3614278 0 0
25 3047636 0 0
25 3420663 0 0
25 2311296 0 0
25 3045454 0 0
25 2151899 0 0
25 3195321 0 0
25 3626256 0 0
25 3872419 0 0
25 3357025 0 0
25 3079673 0 0
25 3370327 0 0
25 2940167 0 0
25 3420650 0 1
25 3862638 0 0
25 3421987 0 0
25 2194115 0 0
25 3713600 0 0
25 2694381 0 0
25 3466857 0 0
25 3618640 0 0
25 2799007 0 0
25 3315650 0 0
25 2799006 0 0
25 3222643 0 0
25 3001419 0 0
25 3256302 0 0
25 3620135 0 0
25 3289225 0 0
25 3863555 0 0
25 3849257 0 0
25 3864400 0 0
25 1977020 0 0
25 2605442 0 0
25 3263087 0 0
25 2964608 0 0
25 3567986 0 0
25 3592942 0 0
25 2766579 0 0
25 3351702 0 0
25 3336543 0 0
25 3351700 0 0
25 3425128 0 0
25 3771467 0 0
25 3850230 0 0
25 2640105 0 0
25 3309391 0 0
25 3381485 0 0
25 2597738 0 0
25 3015562 0 0
25 3401149 0 0
25 3232355 0 0
25 3634762 0 0
25 3125058 0 0
25 3478928 0 0
25 3025369 0 0
25 3024037 0 0
25 3361960 0 0
25 1705541 0 0
25 3781243 0 0
25 3246522 0 0
25 3265245 2 0
25 3590786 0 0
25 3540009 0 0
25 3332164 0 0
25 3890723 0 0
25 3313444 0 0
25 3486995 0 0
25 2872528 0 0
25 3665062 0 0
25 3529232 0 0
25 3178876 0 0
25 1817689 0 0
25 3108502 0 0
25 2762180 0 0
25 3109838 0 0
25 3287034 0 0
25 2822226 0 0
25 3783891 0 0
25 2892589 0 0
25 3141532 0 0
25 3665076 0 0
25 3445187 0 0
25 1860069 0 0
25 3445186 0 0
25 2642798 0 0
25 2667616 0 0
25 2852090 0 0
25 3691372 0 0
25 2265762 0 0
25 3130473 0 0
25 3003521 0 0
25 3875502 0 0
25 3598686 0 0
25 3748635 0 0
25 3446046 0 0
25 2734927 0 0
25 3830200 0 0
25 3046238 0 0
25 3407757 0 0
25 3445190 0 0
25 3049745 0 0
25 3517289 0 0
25 3290254 0 0
25 3438428 0 0
25 3335667 0 0
25 2721613 0 0
25 3534637 0 0
25 3265280 0 0
25 3438434 0 0
25 3849279 0 0
25 3383239 0 0
25 1414031 0 0
25 2656985 0 0
25 3735335 0 0
25 2790148 0 0
25 3671797 0 0
25 1887528 0 0
25 3225620 0 0
25 3819892 0 0
25 3309372 0 0
25 3616067 0 0
25 3309375 0 0
25 3219887 0 0
25 3225630 0 0
25 2443365 0 0
25 3671789 0 0
25 3634713 0 0
25 3182948 0 0
25 2688597 0 0
25 3021820 0 0
25 3065405 0 0
25 2572041 0 0
25 2936532 0 0
25 2821304 0 0
25 3776745 0 0
25 3828396 0 0
25 3652139 0 0
25 2553768 0 0
25 2483453 0 0
25 3520817 0 0
25 3021817 0 0
25 524183 0 0
25 3409043 0 0
25 3481247 0 0
25 3424674 0 0
25 3365497 0 0
25 3354360 0 0
25 2626778 0 0
25 3063239 0 0
25 2040146 0 0
25 3459798 0 0
25 3583133 0 0
25 3674398 0 0
25 2596002 0 0
25 1865380 0 0
25 3358721 0 0
25 3310784 0 0
25 3409051 0 0
25 2386786 0 0
25 3852015 0 0
25 3852014 0 0
25 3851154 0 0
25 1448691 0 0
25 3086329 0 0
25 3102812 0 0
25 3603655 0 0
25 3625405 0 0
25 3336929 0 0
25 2821761 0 0
25 3336925 0 0
25 3622376 0 0
25 2363212 0 0
25 3354353 0 0
25 1751002 0 0
25 3113913 0 0
25 2924565 0 0
25 1945025 0 0
25 2096525 0 0
25 3425501 0 0
25 2628934 0 0
25 1800860 0 0
25 3250605 0 0
25 3482561 0 0
25 3375660 0 0
25 3182962 0 0
25 3710938 0 0
25 3396109 0 0
25 3635208 0 0
25 3446431 0 0
25 2994454 0 0
25 3180721 0 0
25 2800890 0 0
25 1262688 0 0
25 2782175 0 0
25 2782172 0 0
25 2845798 0 0
25 3110460 0 0
25 2050385 0 1
25 3819473 0 0
25 2927613 0 0
25 3543978 0 0
25 3228715 0 0
25 3445104 0 0
25 3445103 0 0
25 3445102 0 0
25 3445101 0 0
25 3793276 0 0
25 3197150 0 0
25 2762568 0 0
25 2945030 0 0
25 3190512 0 0
25 2908925 0 0
25 3567935 0 0
25 3228720 0 0
25 2361067 0 0
25 3206514 0 0
25 3853386 0 0
25 3853387 0 0
25 3018633 0 0
25 3610351 0 0
25 2527497 0 0
25 3677013 0 0
25 3389856 0 0
25 1550266 0 0
25 1088964 0 0
25 2762554 0 0
25 3888432 1 0
25 446215 0 0
25 2292495 0 0
25 3520875 0 0
25 3206509 0 0
25 2939629 0 0
25 2610388 0 0
25 2762555 0 0
25 3461616 0 0
25 2668561 0 0
25 3445128 0 0
25 3409063 0 0
25 3482996 0 0
25 3610355 0 0
25 3285716 0 0
25 3445133 0 0
25 3020964 0 0
25 3364585 0 0
25 3665035 0 0
25 2856400 0 0
25 3121585 0 0
25 2959205 0 0
25 3603601 0 0
25 2766900 0 0
25 3703370 0 0
25 3331205 0 0
26 3661125 0 0
26 3502781 0 0
26 3094926 0 0
26 3807057 0 0
26 2483292 0 0
26 3659284 0 0
26 3398111 0 0
26 2633006 0 0
26 3030026 1 0
26 3625026 0 0
26 3398119 0 0
26 2794488 0 0
26 3502786 2 0
26 3557269 0 0
26 3637242 0 0
26 1513383 0 0
26 2726540 1 0
26 1892029 0 0
26 3162708 1 0
26 3304267 1 0
26 3043561 0 0
26 3628788 0 0
26 2533645 0 0
26 3685594 0 0
26 3389893 1 0
26 3688866 0 0
26 3304293 0 0
26 3523022 0 0
26 1617124 0 0
26 3134690 0 0
26 3884954 0 0
26 1784801 1 0
26 3649455 0 0
26 3711739 0 0
26 2966449 0 0
26 3198908 0 0
26 31578 0 0
26 2770481 0 0
26 3443271 0 0
26 270025 0 0
26 3787331 0 0
26 3162726 0 0
26 3881451 1 0
26 2633278 0 0
26 3711740 1 0
26 3673365 2 0
26 2517153 0 0
26 3493726 0 0
26 1851722 0 0
26 3135532 0 0
26 3170348 0 0
26 3266901 0 0
26 2614935 0 0
26 2796213 0 0
26 2964038 0 0
26 2796211 1 0
26 2668599 0 0
26 3688885 1 1
26 3778608 0 0
26 2726514 2 0
26 3283049 0 0
26 3457606 0 0
26 3823586 0 0
26 1592151 0 0
26 3043530 0 0
26 3786470 0 0
26 1592153 0 0
26 3432386 0 0
26 3778606 0 0
26 3111156 0 0
26 2788602 0 0
26 3304237 0 0
26 3691808 2 0
26 2762617 0 0
26 3691807 0 0
26 1435994 0 0
26 3835325 1 0
26 3375039 0 0
26 2588558 0 0
26 2671545 0 0
26 1483826 0 0
26 3738141 0 0
26 3217927 0 0
26 3834249 0 0
26 3717468 1 0
26 2782204 1 2
26 3283053 0 0
26 3283056 0 0
26 2989373 0 0
26 3628502 0 0
26 2386509 0 0
26 3433656 0 0
26 3090382 0 0
26 2890905 0 0
26 3419393 0 0
26 3685156 0 0
26 2890908 0 0
26 3685159 0 0
26 2279110 0 0
26 3718327 0 0
26 2364503 0 0
26 3633070 0 0
26 1784600 1 0
26 3633071 1 1
26 3304256 0 0
26 3304258 0 0
26 3751380 0 0
26 2876887 0 0
26 3751381 2 1
26 3016170 1 1
26 3350117 0 0
26 3445645 0 0
26 3261489 0 0
26 3262336 0 0
26 3445640 0 0
26 3464168 0 0
26 3102684 0 0
26 2745024 0 0
26 3302065 2 0
26 1502047 0 0
26 1988834 0 0
26 2832618 0 0
26 3444326 0 0
26 3616989 0 0
26 3745932 0 0
26 1291401 0 0
26 2901309 0 0
26 3692029 1 0
26 2700560 0 0
26 3620410 0 0
26 2769446 0 0
26 3044266 0 0
26 3418683 0 0
26 3883203 0 0
26 3302016 2 0
26 2014760 0 0
26 3576179 0 0
26 3599058 0 0
26 2942885 0 0
26 2963121 1 1
26 2700571 0 0
26 3016805 0 0
26 3141829 0 0
26 3474137 0 0
26 2928353 0 0
26 1581458 1 1
26 1779608 0 0
26 3680032 0 0
26 3681363 0 0
26 2628031 0 0
26 3893487 0 0
26 2700584 0 0
26 3792531 0 0
26 3719296 2 0
26 2048992 0 0
26 3719295 0 0
26 149233 0 0
26 3015967 1 0
26 2672226 1 0
26 3016819 0 0
26 3307963 0 0
26 3361201 2 0
26 3531040 1 0
26 3219295 0 0
26 2649448 0 0
26 3342918 0 0
26 1065003 1 0
26 3747996 1 0
26 2988864 0 0
26 3685744 0 0
26 3589219 0 0
26 2640409 0 0
26 3016828 2 0
26 3253449 0 0
26 2770406 0 0
26 1874668 1 1
26 3628122 0 0
26 3403178 0 0
26 3872586 2 0
26 3582817 0 0
26 3872585 0 0
26 2710391 0 0
26 3783812 0 0
26 3810074 0 0
26 2699729 1 0
26 3021349 0 0
26 3043379 0 0
26 3340966 1 0
26 3015901 0 0
26 2672247 0 0
26 3047970 0 0
26 3137387 0 0
26 3671131 1 0
26 2874840 0 0
26 3829728 0 0
26 3518087 0 0
26 3719243 0 0
26 3390272 0 0
26 3790566 0 0
26 2464580 2 0
26 3015918 1 1
26 3792504 0 0
26 3489857 0 0
26 3078476 0 0
26 3113188 0 0
26 280720 0 0
26 3033321 0 0
26 3874942 1 0
26 3019036 0 0
26 3617219 0 0
26 3685552 0 0
26 3015920 0 0
26 1893124 0 0
26 3639691 0 0
26 3113153 1 0
26 3589269 0 0
26 3817752 0 0
26 3113158 0 0
26 3590223 0 0
26 3817753 0 0
26 3472180 0 0
26 2077125 0 0
26 1968857 0 0
26 3766208 0 0
26 3640677 0 0
26 2798034 0 0
26 3789310 0 0
26 3789311 1 0
26 3789312 1 0
26 2804565 0 0
26 3771805 0 0
26 3369119 0 0
26 3286383 0 0
26 2526977 0 0
26 3839990 0 0
26 3858252 0 0
26 3852712 0 0
26 3340949 0 0
26 2816301 1 0
26 3649240 0 0
26 2922874 0 0
26 3835396 0 0
26 3872390 0 0
26 3015421 0 0
26 3015424 2 0
26 3527168 0 0
26 3015423 0 0
26 3748551 0 0
26 3558900 0 0
26 2844387 0 0
26 3544740 0 0
26 3840564 0 0
26 2596534 0 0
26 3520776 0 0
26 2768635 0 0
26 3097761 0 0
26 3519776 0 0
26 3658877 0 0
26 3191938 0 0
26 3725435 0 0
26 3221567 0 0
26 2640464 0 0
26 3424157 1 0
26 3792026 0 0
26 3205183 0 0
26 3015437 1 0
26 3666269 0 0
26 3864757 0 0
26 3291420 0 0
26 2672273 0 0
26 2700619 0 0
26 3485571 0 0
26 3877859 0 0
26 3460254 1 0
26 3771792 0 0
26 3771793 1 0
26 3015447 2 0
26 3644686 0 0
26 3018959 2 1
26 3691233 1 1
26 3472023 0 0
26 3741701 1 0
26 3156909 0 0
26 3666270 1 0
26 3477709 1 1
26 2169253 0 0
26 3630273 0 0
26 3137390 0 0
26 3390093 0 0
26 2852804 0 0
26 3566741 0 0
26 3612866 0 0
26 3015690 1 0
26 2483704 0 0
26 3015692 0 0
26 3507115 0 0
26 3557611 0 0
26 2777786 0 0
26 3232495 0 0
26 3368697 0 0
26 3265184 0 0
26 2632633 0 0
26 3465910 0 0
26 3335538 0 0
26 2987887 0 0
26 3492290 0 0
26 2721504 0 0
26 2989829 0 0
26 3410807 0 0
26 3366269 0 0
26 3178938 0 2
26 3120794 0 0
26 2799065 0 0
26 3015877 2 0
26 3242292 0 0
26 3292310 0 0
26 3865641 0 0
26 3567415 0 1
26 3672731 0 0
26 523860 0 0
26 2709620 0 0
26 1564132 2 0
26 2551652 0 0
26 2364295 0 0
26 3015881 2 0
26 3491186 2 0
26 2921813 2 0
26 2733985 2 0
26 2877057 0 0
26 2020466 0 0
26 3305900 0 0
26 3246442 0 0
26 1215514 0 0
26 3531478 0 0
26 3658221 0 0
26 3324407 0 0
26 3016743 0 0
26 3016744 1 0
26 2063147 0 0
26 2606846 0 0
26 2172865 0 0
26 3814079 1 1
26 3375742 0 0
26 3817349 0 0
26 3459494 0 0
26 3681223 2 0
26 3681221 0 0
26 3015265 1 0
26 3506621 0 0
26 3255175 0 0
26 3474825 0 0
26 3016117 0 0
26 2110563 0 0
26 3294539 0 0
26 2246243 0 0
26 2936419 0 0
26 3054634 1 1
26 3819798 0 0
26 1502077 0 0
26 2222049 0 0
26 1502078 0 0
26 3726362 0 0
26 3269105 0 0
26 3684080 0 0
26 3222254 0 0
26 3596341 0 0
26 3615748 0 0
26 2927930 0 0
26 3878537 0 0
26 2905343 0 0
26 3684085 2 0
26 1838900 0 0
26 2667527 0 0
26 3833638 0 0
26 3016127 0 0
26 3524043 0 0
26 3649509 0 0
26 3738589 0 0
26 3085126 0 0
26 3236427 0 0
26 3335509 0 0
26 59895 0 0
26 3639707 0 0
26 2311322 0 0
26 3702389 0 0
26 3015272 0 0
26 3015288 0 0
26 3383150 0 0
26 3122500 0 0
26 3811854 0 0
26 3426725 0 0
26 2364668 1 1
26 3322675 0 0
26 2970786 1 0
26 2970788 0 0
26 3864102 0 0
26 3054853 0 0
26 3604836 0 0
26 3412326 0 0
26 3604839 1 1
26 3170855 0 0
26 3335711 0 0
26 3310452 0 0
26 3659904 0 0
26 3385583 0 0
26 2647958 0 0
26 2970796 0 0
26 3178110 0 0
26 3697395 0 0
26 3189473 0 0
26 3572103 0 0
26 3039006 0 0
26 3226647 0 0
26 2292189 0 0
26 2834956 0 0
26 3039004 0 0
26 3017885 0 0
26 3015223 1 0
26 3386680 0 0
26 3855217 0 0
26 2693868 0 0
26 3813813 0 0
26 1282573 1 0
26 3691650 0 0
26 2972306 0 0
26 1784668 0 0
26 3565886 0 0
26 3583060 0 0
26 3677358 0 0
26 2797950 0 0
26 2096668 0 0
26 3507524 0 0
26 3205541 0 1
26 3178538 0 0
26 3086899 0 0
26 3840193 0 0
26 3510934 0 0
26 3548078 0 0
26 3510933 0 0
26 2413243 0 0
26 1784670 0 0
26 3015243 1 0
26 2672943 0 0
26 3403647 0 0
26 3342209 0 0
26 3858948 1 1
26 2633340 0 0
26 2605900 0 0
26 3623785 0 0
26 3527140 0 0
26 3272528 0 0
26 3437626 0 0
26 3205779 0 0
26 3665141 0 0
26 2621393 0 0
26 3015242 0 0
26 3205776 0 0
26 3634207 1 0
26 3261408 0 0
26 2504047 0 0
26 2822309 0 0
26 3062442 0 0
26 3084697 0 0
26 2596106 0 0
26 2949771 0 0
26 3468117 0 0
26 2649930 1 0
26 2984501 0 0
26 3378618 1 0
26 3015490 0 0
26 3542515 0 0
26 3725026 0 0
26 3876104 0 0
26 3204677 0 0
26 2311270 0 0
26 3834317 0 0
26 3637372 0 0
26 3841097 0 0
26 3570113 0 0
26 3265700 0 0
26 3711837 0 0
26 3483822 0 0
26 3619940 0 0
26 1904206 0 0
26 2669555 0 0
26 3481640 0 0
26 2621128 2 0
26 3765464 0 0
26 3172635 0 0
26 3809349 0 0
26 3213246 0 0
26 3751039 0 0
26 3366624 0 0
26 3078553 0 0
26 3155270 0 0
26 3676976 0 0
26 3111242 0 0
26 2839104 0 0
26 3034972 0 0
26 1481555 0 0
26 2769140 0 0
26 3366611 0 0
26 2944339 0 0
26 3366610 0 0
26 3285763 1 0
26 514555 0 0
26 3236399 0 0
26 3493842 1 0
26 3214562 0 0
26 3524236 0 0
26 3493838 0 0
26 3472936 0 0
26 2695819 0 0
26 3226356 0 0
26 3469538 0 0
26 3505954 0 0
26 3719342 0 0
26 2769373 0 0
26 3022785 0 0
26 3821232 1 0
26 2769376 0 0
26 1523283 0 0
26 3111225 0 0
26 3599805 0 0
26 3880480 0 0
26 3764119 0 0
26 2971735 0 0
26 3661044 0 0
26 65047 0 0
26 3254848 1 0
26 3128705 0 0
26 3890465 0 0
26 3136332 0 0
26 2737761 0 0
26 2800936 1 0
26 3009986 0 0
26 3398037 0 0
26 3413512 0 0
26 3043408 2 0
26 2129146 1 0
26 3168564 0 0
26 3507912 0 0
26 3764325 0 0
26 3880668 0 0
26 3525576 0 0
26 3208096 0 0
26 3649306 0 0
26 3493830 0 0
26 3493829 2 1
26 3306765 0 0
26 2933459 0 0
26 3193747 0 0
26 3517961 0 0
26 3626683 0 0
26 3354841 0 0
26 2867808 0 0
26 3317689 0 0
26 2971715 0 0
26 3878353 0 0
26 3006495 0 0
26 442134 0 0
26 2658008 0 0
26 2737786 1 0
26 3526217 0 0
26 3833481 0 0
26 2850137 0 0
26 3870631 0 0
26 3220854 0 0
26 2344123 0 0
26 2505091 0 0
26 3722958 0 0
26 3214510 1 0
26 3112350 0 0
26 3099090 0 0
26 3113203 2 0
26 3652367 0 0
26 1803779 0 0
26 2911469 0 0
26 3329408 0 0
26 3433556 0 0
26 3526206 0 0
26 2839129 0 0
26 2292421 0 0
26 2799642 1 1
26 2700684 1 1
26 2700683 1 1
26 3421970 1 0
26 3070438 0 0
26 3015826 0 0
26 3662739 0 0
26 3021262 1 0
26 2840746 0 0
26 3500649 1 0
26 2876704 0 0
26 3327662 0 0
26 3061957 0 0
26 2132907 0 0
26 2681041 0 0
26 3269902 0 0
26 1168902 0 0
26 2816879 0 0
26 3722563 0 0
26 2553193 0 0
26 2453103 2 0
26 3747850 0 0
26 2700690 2 1
26 3407437 0 0
26 3021278 2 0
26 3489539 0 0
26 2714851 0 0
26 3407432 0 0
26 1082910 0 0
26 3387180 0 0
26 3034334 0 0
26 3649185 0 0
26 3266649 0 0
26 2722010 0 0
26 3341710 0 0
26 3662750 1 0
26 3021286 0 0
26 3384924 0 0
26 3649178 0 0
26 3649179 1 0
26 3594984 0 0
26 1805504 0 0
26 3138774 0 0
26 3161358 0 0
26 3855073 0 0
26 3298201 0 1
26 2662781 0 0
26 2816855 0 0
26 3015851 1 0
26 3686712 0 0
26 3015857 0 0
26 3022146 1 0
26 3015856 0 0
26 2615064 0 0
26 3194023 0 1
26 3170075 0 0
26 3260090 0 0
26 3381416 0 0
26 3756101 0 0
26 2630720 0 0
26 3405476 0 0
26 2681036 0 0
26 2990894 0 0
26 2615057 0 0
26 3090403 0 0
26 3660358 0 0
26 2672126 0 0
26 3158120 0 0
26 3136178 0 0
26 3697403 0 0
26 3299595 0 0
26 3745887 1 0
26 3782832 0 0
26 3859018 0 0
26 3859019 1 0
26 2869361 0 0
26 3859017 0 0
26 3680191 0 0
26 3580343 0 0
26 2779315 0 0
26 2684361 0 0
26 3316966 0 0
26 2270824 0 0
26 3208010 0 0
26 2615040 2 1
26 2806401 0 0
26 3437059 1 0
26 2174501 0 0
26 2639318 0 0
26 2649116 0 0
26 2664731 1 0
26 2700664 0 0
26 2861664 0 0
26 1463006 0 0
26 3015801 1 0
26 3515955 0 0
26 2744681 0 0
26 2695469 0 0
26 3589385 0 0
26 2443772 0 0
26 2700669 2 0
26 3503733 0 0
26 3088381 0 0
26 1569431 0 0
26 3092852 0 0
26 2700674 2 1
26 3535796 2 1
26 2172344 0 0
26 3847484 0 0
26 3235715 0 0
26 3605578 0 0
26 3015809 2 0
26 3216095 0 0
26 3347222 0 0
26 3546435 0 0
26 3444845 1 0
26 3466859 0 0
26 3618883 0 0
26 3874601 0 0
26 3335486 0 0
26 3535790 0 0
26 2700676 1 0
26 2799006 0 0
26 3015541 0 0
26 3015782 1 0
26 3426227 0 0
26 3475637 0 0
26 3511937 2 0
26 2169362 0 0
26 3609102 0 0
26 3015547 1 0
26 3853999 0 0
26 3127016 0 0
26 3609100 0 0
26 3024499 0 0
26 3197121 0 0
26 3362831 0 0
26 3184057 0 0
26 3590525 0 0
26 2839910 0 0
26 3657427 1 0
26 3163590 0 0
26 1087895 0 0
26 2776369 1 0
26 3017973 0 0
26 1266397 1 0
26 3293716 0 0
26 3714431 0 0
26 3713581 0 0
26 3713582 2 1
26 3655492 1 0
26 3175342 0 0
26 3037327 1 0
26 3877974 0 0
26 3806786 1 0
26 3530232 0 0
26 3178629 0 0
26 3554642 0 0
26 2435545 0 0
26 3579948 0 0
26 2862718 0 0
26 3459167 0 0
26 3783665 0 0
26 2736930 0 0
26 2546363 0 0
26 3017981 0 0
26 3015331 2 0
26 3796728 0 0
26 3139211 0 0
26 3883198 0 0
26 3289213 0 0
26 3750520 0 0
26 3621692 0 0
26 3306902 0 0
26 3015570 0 0
26 3728856 1 1
26 3728855 0 0
26 3015983 0 0
26 2248190 0 0
26 3015501 1 0
26 3409923 1 1
26 2768716 0 0
26 3409922 1 0
26 3852229 0 0
26 3141363 0 0
26 3253066 0 0
26 2858882 0 0
26 3556415 0 0
26 3658566 0 0
26 3695962 0 0
26 3268582 0 0
26 3236745 0 0
26 2778500 0 0
26 3335663 1 0
26 3015521 2 0
26 2963773 0 0
26 3048209 0 0
26 1968570 0 0
26 2599900 1 0
26 2948173 0 0
26 3544643 0 0
26 3590980 0 0
26 3116148 0 0
26 3658338 0 0
26 3310360 0 0
26 3794982 0 0
26 3827496 0 0
26 2775699 0 0
26 3726635 0 0
26 3279214 0 0
26 3691388 0 0
26 2858663 0 0
26 3659435 0 0
26 2990902 0 0
26 3177740 0 0
26 3177741 0 0
26 3691387 0 0
26 3348951 0 0
26 3588685 0 0
26 2601032 0 1
26 3395692 0 0
26 2749191 2 0
26 3651716 0 0
26 2872719 0 0
26 1475860 0 0
26 3214190 0 0
26 3449333 0 0
26 3162253 0 0
26 3337820 0 0
26 3015389 0 0
26 3832654 0 0
26 3210824 0 0
26 3427953 0 0
26 2806394 1 0
26 3810620 0 0
26 2040136 2 0
26 2395266 0 0
26 3225407 0 0
26 3890541 0 0
26 2744702 0 0
26 3335617 0 0
26 3820434 0 0
26 2945002 0 0
26 2626783 2 0
26 2906796 2 2
26 2856662 0 0
26 3880742 0 0
26 2771078 0 0
26 3729529 0 0
26 2994644 0 0
26 3260631 0 0
26 3257464 0 0
26 2778945 1 0
26 2192308 0 0
26 3526580 0 0
26 3784125 0 0
26 1188073 0 0
26 3353276 0 0
26 3030778 0 0
26 2350137 0 0
26 3017331 0 0
26 2808553 0 0
26 3526133 1 1
26 3066713 0 0
26 3401300 2 0
26 2481247 0 0
26 2705355 1 0
26 2936313 0 0
26 3083057 0 0
26 2481240 0 0
26 3472540 1 0
26 3841595 0 0
26 3247217 0 0
26 3436697 0 0
26 2679410 0 0
26 3651065 0 0
26 3249632 0 1
26 3224336 0 0
26 2096525 0 0
26 3693925 1 0
26 3089825 0 0
26 3320126 0 0
26 3585772 0 0
26 3654345 0 0
26 3358709 0 0
26 3482326 0 0
26 3481234 0 0
26 3016023 0 0
26 3180780 1 0
26 3346948 0 0
26 2856851 0 0
26 3691770 0 0
26 3588636 0 0
26 3842261 0 0
26 3561396 0 0
26 3239848 0 0
26 2938513 1 0
26 3888410 0 0
26 3577505 2 0
26 3758271 0 0
26 2709906 0 0
26 3751878 0 0
26 3015359 1 0
26 3873172 0 0
26 2729970 0 0
26 3478250 0 0
26 3416857 0 0
26 3437731 0 0
26 3596679 1 0
26 2190572 0 0
26 1352372 0 0
26 3310984 1 0
26 3728878 0 0
26 3728877 0 0
26 2031875 0 0
26 2886251 0 0
26 3749106 0 0
26 3690225 0 0
26 3224131 0 0
26 449733 0 0
26 3843336 1 0
26 3135985 0 0
26 3824810 1 0
26 3667685 0 0
26 3225467 0 0
26 3760109 0 0
26 2694826 0 0
26 3267074 0 0
26 3457591 0 0
26 3027107 0 0
26 3635647 0 0
27 2504072 0 0
27 2967557 0 0
27 2992510 0 0
27 3447844 0 0
27 3868694 0 0
27 3732643 0 0
27 3275869 0 0
27 3274529 0 0
27 3056414 0 0
27 2852697 0 0
27 3488398 0 0
27 3532195 0 0
27 3557010 0 0
27 1069663 0 0
27 3443244 0 0
27 3466125 0 0
27 1479367 0 0
27 2671502 0 0
27 3442161 0 0
27 2277383 0 0
27 3022645 0 0
27 3288944 0 0
27 3346918 0 0
27 2886215 0 0
27 1421384 0 0
27 3009431 0 0
27 3722618 0 0
27 3730475 0 0
27 3847506 0 0
27 3895824 0 0
27 1474915 0 0
27 3594217 0 0
27 3184961 0 0
27 3847746 0 0
27 3755993 0 0
27 3696248 0 0
27 3319993 0 0
27 3690908 0 0
27 3265832 0 0
27 3444344 0 0
27 3180361 0 0
27 3319995 0 0
27 3000629 0 0
27 3617865 0 0
27 3884958 0 0
27 3145342 0 1
27 3420100 0 0
27 3317129 0 0
27 2769269 0 0
27 3879360 0 0
27 3214444 0 0
27 1617124 0 0
27 3847737 0 0
27 2583909 0 0
27 3214682 0 0
27 1447528 0 0
27 3847738 0 0
27 1808059 0 0
27 3697308 0 0
27 3348061 0 0
27 3614118 0 0
27 3469895 0 0
27 3593134 0 0
27 3638554 0 0
27 2773754 0 0
27 546219 0 0
27 1332647 0 0
27 3515888 0 0
27 3286741 0 0
27 2840674 1 0
27 3190184 0 0
27 3341202 0 0
27 2865790 0 0
27 3409554 0 0
27 3698402 0 0
27 2362774 0 0
27 2761538 0 0
27 3536565 0 0
27 2140053 0 0
27 3057971 0 0
27 3742225 0 0
27 2397406 0 0
27 3639634 0 0
27 3721951 0 0
27 3316459 0 0
27 3820071 0 0
27 3338240 0 0
27 3763110 0 0
27 3379870 0 0
27 2782213 0 0
27 3045951 0 0
27 3401649 0 0
27 2784630 0 0
27 2266057 0 0
27 3137780 0 0
27 3641712 0 0
27 1082682 0 0
27 3432793 0 0
27 3353641 0 0
27 3569049 0 0
27 3751361 0 0
27 1361802 0 0
27 3375033 0 0
27 2898657 0 0
27 3674005 0 0
27 2360364 0 0
27 3482811 0 0
27 3350137 0 0
27 2559824 0 0
27 3742895 0 0
27 3015065 0 0
27 3045945 0 0
27 3463040 0 0
27 3878462 0 1
27 3018107 0 0
27 3371916 0 0
27 2873584 0 0
27 2769474 0 0
27 3674471 0 0
27 3253869 0 0
27 3628989 0 0
27 545194 0 0
27 1469526 0 0
27 3680910 0 0
27 3786469 0 0
27 3476350 0 0
27 3606729 0 0
27 1082436 0 0
27 2669462 0 0
27 3464375 0 0
27 3740222 0 0
27 2384564 0 0
27 2712590 0 0
27 3543907 0 0
27 3054682 0 0
27 3339108 0 0
27 3409375 0 0
27 3463047 0 0
27 3701921 0 0
27 3638523 0 0
27 3224094 0 0
27 3582477 0 0
27 3634162 0 0
27 3685156 0 0
27 3878476 0 0
27 3772287 0 0
27 3878474 0 0
27 3146237 0 0
27 3183614 0 0
27 3784272 0 0
27 3848621 0 0
27 2566578 0 0
27 3820057 0 0
27 3674021 0 0
27 3406072 0 0
27 3184710 0 0
27 2639604 0 0
27 3623262 0 0
27 1482719 0 0
27 3445645 0 0
27 3298521 0 0
27 3463076 0 0
27 3564814 0 0
27 3636105 0 0
27 2943167 0 0
27 3169551 0 0
27 3858664 0 0
27 3445640 0 0
27 3572670 0 0
27 3679719 0 0
27 3065556 0 0
27 3404901 0 0
27 1779265 0 0
27 3634398 0 0
27 3161834 0 0
27 3328203 0 0
27 420478 0 0
27 3649887 0 0
27 2816384 0 0
27 3262342 0 0
27 3236089 0 0
27 3262345 0 0
27 3854294 0 0
27 2728706 0 0
27 3581520 0 0
27 2701411 0 0
27 2859486 0 0
27 3719272 0 0
27 2984296 0 0
27 3336260 0 0
27 2837212 0 0
27 2902636 0 0
27 3645950 0 0
27 3231645 0 0
27 3399289 0 0
27 3138438 0 0
27 3432511 0 0
27 3603077 0 0
27 3827507 0 0
27 3874979 0 0
27 2905902 0 0
27 3545435 0 0
27 2686851 0 0
27 3525820 0 0
27 3449187 0 0
27 3556320 0 0
27 2222606 0 0
27 2206360 0 0
27 3195693 0 0
27 3231895 0 0
27 3555244 0 0
27 3682694 0 0
27 2937293 0 1
27 3682695 0 0
27 3506073 0 0
27 3275479 0 0
27 1149494 0 0
27 3608307 0 0
27 2736982 0 0
27 3221851 0 0
27 2903953 0 0
27 3833197 0 0
27 3872321 0 0
27 2292723 0 0
27 3130702 0 0
27 3296152 0 0
27 2797134 0 0
27 3703904 0 0
27 3150773 0 0
27 3415156 0 0
27 3778226 0 0
27 3419512 0 0
27 3589469 0 0
27 3846241 0 0
27 3710243 0 0
27 2931786 0 0
27 3522339 0 0
27 3735532 0 0
27 3377033 0 0
27 3395942 0 0
27 1065005 0 0
27 3872579 0 0
27 3405341 0 0
27 3389490 0 0
27 3725502 0 0
27 3659476 0 0
27 3846470 1 0
27 3103573 0 0
27 3418897 0 0
27 2244632 0 0
27 2693135 0 0
27 3157154 0 0
27 2135030 0 0
27 3544335 0 0
27 3489879 0 0
27 3369393 0 0
27 3708341 0 0
27 2824125 0 0
27 3407531 0 0
27 3514950 0 1
27 3628123 0 0
27 2570219 0 0
27 3405355 0 0
27 3806814 0 0
27 2799322 0 0
27 3836684 0 0
27 3149125 0 0
27 3170123 0 0
27 3534333 0 0
27 2699965 0 0
27 3014817 0 0
27 3642647 0 0
27 3141645 0 0
27 3292842 0 0
27 149403 0 0
27 2034573 0 0
27 3268738 0 0
27 2595925 0 0
27 3781628 0 0
27 3783805 0 0
27 3852501 0 0
27 3181024 0 0
27 3337799 0 0
27 2850877 0 0
27 3561727 0 0
27 2887903 0 0
27 2860445 0 0
27 3663513 0 0
27 3536986 0 0
27 3753137 0 0
27 3391361 0 0
27 3772916 0 0
27 3545243 1 0
27 3292823 0 0
27 3751199 0 0
27 1526415 0 0
27 1397847 0 0
27 2526510 0 0
27 3792504 0 0
27 2998482 0 0
27 2894222 0 0
27 2361622 0 0
27 3603023 0 0
27 3140786 0 0
27 3671126 0 0
27 3598177 0 0
27 3257612 0 0
27 3661346 0 0
27 2672264 0 0
27 3014837 0 0
27 3489825 0 0
27 3161674 0 0
27 3162521 0 0
27 2788469 0 0
27 3291973 0 0
27 3483284 0 0
27 2890079 0 0
27 3485220 0 0
27 3775396 0 0
27 2361874 0 0
27 3775397 0 0
27 3268715 0 0
27 3395983 0 0
27 3269802 0 0
27 3534111 0 0
27 194672 0 0
27 3741173 2 0
27 2637271 1 0
27 2805650 0 0
27 3684454 0 0
27 1893134 0 0
27 3684219 0 0
27 2890080 0 0
27 3846279 0 0
27 1805439 0 0
27 3141615 0 0
27 3817745 0 0
27 2893117 0 0
27 2607536 0 0
27 2868182 0 0
27 3032256 0 0
27 3128892 0 0
27 2965327 0 0
27 3033340 0 0
27 2778437 0 0
27 3084440 1 0
27 2994134 0 0
27 2640459 0 1
27 3738991 0 0
27 3177873 0 0
27 2975852 0 0
27 3562167 0 0
27 2226003 0 0
27 3173034 0 0
27 3486899 0 0
27 3242026 0 0
27 3520776 0 0
27 2975850 0 0
27 3417637 0 0
27 3520770 0 0
27 3818624 0 0
27 3459260 0 0
27 2963878 0 1
27 2994132 0 0
27 3631397 0 0
27 3872396 0 1
27 3242029 0 0
27 2701932 0 0
27 2916893 0 0
27 3257743 0 0
27 3425247 0 0
27 2813659 0 0
27 3351806 0 0
27 2836992 0 0
27 3589638 0 0
27 2112359 0 0
27 3656221 0 0
27 3647722 0 0
27 3052619 0 0
27 2022652 0 0
27 3532747 0 0
27 2248289 0 0
27 3221335 0 0
27 3189618 0 0
27 3815348 0 0
27 3345141 0 0
27 3679326 0 0
27 1242086 0 0
27 3403475 0 0
27 3575235 0 0
27 3614822 0 1
27 3782469 0 0
27 3782468 0 0
27 3220247 0 0
27 3760699 0 0
27 2994119 0 0
27 3208204 0 1
27 3013266 0 0
27 155633 0 0
27 3350949 0 0
27 2699743 0 0
27 3563474 0 0
27 3751742 0 0
27 1929087 0 0
27 3292982 0 0
27 3438116 0 0
27 2491338 0 0
27 3521641 0 0
27 1450017 0 0
27 2774290 0 0
27 3835181 0 0
27 2753353 0 0
27 3014590 0 0
27 2125882 0 0
27 2777315 0 0
27 3276020 0 0
27 3647709 0 0
27 3384890 0 0
27 3610441 0 1
27 3129305 0 0
27 3563003 0 0
27 3796845 0 0
27 3004560 0 0
27 3443718 0 0
27 2800325 0 0
27 3636818 0 0
27 3519563 0 0
27 3292972 0 0
27 3835191 0 0
27 3071347 1 0
27 3701675 0 0
27 3396867 0 0
27 3850163 0 0
27 3469033 0 0
27 2613391 0 0
27 3749600 0 0
27 2729224 0 0
27 3804027 0 0
27 3231164 0 0
27 3579407 0 0
27 3154793 0 0
27 3773959 0 0
27 3507110 0 0
27 3623721 0 1
27 3713658 0 0
27 2952771 0 0
27 3118226 0 0
27 3883480 0 0
27 2846365 0 0
27 2988735 0 0
27 3028946 0 0
27 2893768 0 0
27 3141481 0 0
27 3461311 0 0
27 3816242 0 0
27 3248605 0 0
27 2935194 0 0
27 3693429 0 0
27 3573095 0 0
27 3261828 0 0
27 2799065 0 0
27 2984362 0 0
27 3323537 0 0
27 2936284 0 0
27 3828248 0 0
27 3863467 0 0
27 3789293 0 0
27 1618805 0 1
27 2845027 0 0
27 3301994 0 0
27 2453020 0 0
27 2626699 0 0
27 3698903 0 0
27 3449431 0 0
27 3425044 0 0
27 3830775 0 0
27 3279323 0 0
27 2788180 0 0
27 3616176 0 0
27 3767254 0 0
27 2603326 0 1
27 2329657 0 1
27 3386865 0 0
27 3738974 0 0
27 3295806 0 0
27 3733038 0 0
27 3807550 0 0
27 3814088 0 0
27 2846342 0 0
27 3060645 0 0
27 2329654 0 0
27 3221141 0 0
27 3658216 0 0
27 3254061 0 0
27 3725413 0 0
27 3850385 0 0
27 3853892 0 0
27 3817595 0 0
27 2880694 0 0
27 2995237 0 0
27 3128257 0 0
27 2859874 0 0
27 3206450 2 0
27 3509321 0 0
27 3343386 0 0
27 2846339 0 0
27 2826733 0 0
27 3369515 0 0
27 2136565 0 0
27 2490677 0 0
27 2008588 0 0
27 2952780 0 0
27 3314848 0 0
27 3219760 2 1
27 3312669 0 0
27 2984102 0 0
27 3599447 0 0
27 3726993 0 0
27 3533892 0 0
27 3249709 0 0
27 2551632 0 0
27 3038995 2 0
27 2966934 0 0
27 3249707 0 0
27 3446112 0 0
27 3497941 0 0
27 3638621 0 0
27 3856503 0 0
27 1780263 0 0
27 2995620 0 0
27 3502264 0 0
27 3503354 0 0
27 355907 0 0
27 3560387 0 0
27 3602424 0 0
27 3867874 0 0
27 3398871 0 0
27 3463931 0 0
27 3181743 0 0
27 3181741 0 0
27 3334646 0 0
27 3222257 0 0
27 3303909 0 0
27 2907520 0 0
27 3017698 0 0
27 2693833 0 0
27 3778819 0 0
27 2396468 0 0
27 3716572 0 0
27 3854316 0 0
27 3878540 0 0
27 3764650 0 0
27 3401697 0 0
27 2970573 0 0
27 3530725 0 0
27 3753731 0 0
27 3197074 0 0
27 3236421 0 0
27 3486819 0 0
27 3460409 0 0
27 3271427 0 0
27 3715247 0 0
27 3775305 0 0
27 3869832 0 0
27 3434388 0 0
27 3891982 0 0
27 1555626 0 0
27 3307018 0 0
27 3486826 0 0
27 3821412 0 0
27 3652024 0 0
27 1820598 0 0
27 3037049 0 0
27 3095992 0 0
27 3222266 0 0
27 3666661 0 0
27 3222267 0 0
27 3830363 0 0
27 3223359 0 0
27 3486820 0 0
27 3424786 0 0
27 2128079 0 0
27 2749016 0 0
27 3797784 1 0
27 3354470 0 0
27 2856553 0 0
27 2990396 0 0
27 2952912 0 0
27 3718524 0 1
27 2128070 0 0
27 2119366 0 0
27 2526487 0 0
27 3842563 0 0
27 1853078 0 0
27 3513175 0 0
27 2740200 0 0
27 2740684 1 0
27 3049292 0 1
27 3744818 0 0
27 3844504 0 0
27 2129162 0 0
27 3649730 0 0
27 3678425 0 0
27 3573445 0 0
27 3818240 0 0
27 1472687 0 0
27 3596127 0 0
27 3891778 0 0
27 3542949 0 0
27 3129130 0 0
27 3422112 0 0
27 2668634 0 0
27 3612464 0 0
27 3615730 0 0
27 1669732 0 0
27 3119585 0 0
27 3181746 0 0
27 3704305 0 0
27 3181745 0 0
27 3585894 0 0
27 3649726 0 0
27 3649725 0 0
27 3769080 0 0
27 3649729 0 0
27 3649727 0 0
27 3412553 0 0
27 3437434 0 0
27 3600252 0 1
27 3250969 0 0
27 3372033 0 0
27 2644681 0 0
27 1363354 0 0
27 3038398 0 0
27 3039003 0 0
27 3446146 0 0
27 3087990 0 0
27 3018979 0 0
27 3321527 0 0
27 2937304 0 0
27 3148958 0 0
27 2937305 0 0
27 3806282 0 0
27 3751524 0 0
27 1351156 0 0
27 3597638 0 0
27 2652076 0 0
27 3358814 1 0
27 3273403 0 0
27 2981025 1 0
27 1280398 0 0
27 3398674 0 0
27 3741969 0 0
27 3520739 0 0
27 2803809 0 0
27 3877402 0 0
27 3202272 0 0
27 3551483 0 0
27 3339066 0 0
27 3401498 0 0
27 3154149 1 0
27 3053509 0 0
27 1852399 0 0
27 3583058 0 0
27 1470237 0 0
27 3084229 0 0
27 2803818 0 0
27 3483516 0 0
27 3565878 0 0
27 3707878 0 0
27 3666221 0 0
27 2831027 0 0
27 3317255 0 0
27 3574101 0 0
27 3877412 0 0
27 3878985 0 0
27 3114714 0 0
27 3750459 0 0
27 2241614 0 0
27 3752636 0 0
27 3664058 0 0
27 3554966 0 0
27 3739422 0 0
27 3774625 0 0
27 2596114 0 0
27 2946273 0 0
27 3620272 0 0
27 2082036 0 0
27 3269369 0 0
27 3391808 0 0
27 2621153 0 0
27 3229702 0 0
27 3400371 0 0
27 3687172 0 0
27 3667322 0 0
27 2902017 0 0
27 2386495 0 0
27 3112503 0 0
27 3634209 0 0
27 3832793 0 0
27 2721923 0 0
27 3481784 0 0
27 3573470 0 0
27 3632492 0 0
27 538258 0 0
27 3041762 0 0
27 3554970 0 0
27 3830146 0 0
27 3881932 0 0
27 3691664 0 0
27 2831481 0 0
27 2846739 0 0
27 3624648 0 0
27 3716551 0 0
27 3395170 0 0
27 3814917 0 0
27 2926671 0 0
27 2676299 0 0
27 3539354 0 0
27 2738343 0 0
27 2949773 0 0
27 3866792 0 0
27 2948682 0 0
27 2857615 0 0
27 3708703 0 0
27 2707622 0 0
27 3614602 0 0
27 1555606 0 0
27 2426768 0 0
27 2863292 0 0
27 3226448 0 0
27 3446102 0 0
27 2134939 0 0
27 3503993 0 0
27 3148996 0 0
27 2621138 0 0
27 3363120 0 0
27 3512223 0 0
27 3012714 0 0
27 3809351 0 0
27 3650598 0 0
27 3654952 0 0
27 3595656 0 0
27 3162821 0 0
27 2955680 1 0
27 2853424 0 0
27 3016075 0 0
27 3538607 0 0
27 2993710 0 0
27 3344855 0 0
27 3789890 0 0
27 2940185 0 0
27 3146323 0 0
27 3477366 0 0
27 2928084 0 0
27 3363119 0 0
27 3560793 0 0
27 3237239 0 0
27 3286880 0 0
27 3568026 0 0
27 3867224 0 0
27 3596759 0 0
27 2762526 0 0
27 3169466 0 0
27 3354642 2 0
27 526770 0 0
27 3446641 0 0
27 3148974 0 0
27 2911654 0 0
27 3515513 0 0
27 183860 0 0
27 3237249 0 0
27 3214568 0 0
27 3162839 0 0
27 3606612 0 0
27 2981723 0 0
27 3630965 0 0
27 3333934 0 0
27 2760573 0 0
27 3791959 0 0
27 3698512 0 0
27 3327042 0 0
27 3477151 0 0
27 3481867 0 0
27 2798987 0 0
27 3488498 0 0
27 3333931 0 0
27 3630961 0 0
27 3789889 0 0
27 3505955 0 0
27 2650968 0 0
27 3585816 0 0
27 3687640 0 0
27 3763260 0 0
27 2822907 2 0
27 2987498 0 0
27 3214313 0 0
27 2840555 0 0
27 2933673 0 0
27 3512258 0 0
27 3779843 0 0
27 1633732 0 0
27 2840558 0 0
27 2977227 0 0
27 3179286 0 0
27 3437950 0 0
27 3104701 0 0
27 3133471 0 0
27 3699850 0 0
27 2978315 0 0
27 3511162 1 0
27 3630958 0 0
27 2589100 0 0
27 3775241 0 0
27 3237254 0 0
27 2699193 0 0
27 3630952 0 0
27 3614697 0 0
27 1559690 0 0
27 3085298 0 0
27 3640983 0 0
27 3181779 0 0
27 3220829 0 0
27 3798575 1 0
27 3102792 0 0
27 3250000 0 0
27 3413990 0 0
27 3111030 0 0
27 3253757 1 0
27 2518155 0 0
27 3355945 0 0
27 3410248 0 0
27 3630948 0 0
27 3776781 0 0
27 1764010 0 0
27 3574991 0 0
27 2740705 0 0
27 3880668 0 0
27 3649307 0 0
27 3190001 0 0
27 2933450 0 0
27 3546057 0 0
27 3779820 0 0
27 3329421 0 0
27 3754987 0 0
27 3430072 0 0
27 2841463 0 0
27 3353990 0 0
27 3574505 0 0
27 3299744 0 0
27 3630938 0 0
27 2955230 0 0
27 2413082 0 0
27 2770581 0 0
27 3226150 0 0
27 3688786 0 0
27 3878599 0 0
27 3226152 0 0
27 2924526 0 0
27 3877263 0 0
27 2689184 0 0
27 2650997 0 0
27 3500067 0 0
27 2515902 0 0
27 3500066 0 0
27 3875080 0 0
27 2062982 0 0
27 3560564 0 0
27 3623389 0 0
27 3382701 0 0
27 2716845 0 0
27 3075475 0 0
27 3833480 0 0
27 3572313 0 0
27 3622298 0 0
27 2909728 0 0
27 3501159 0 0
27 3444435 0 0
27 2904273 0 0
27 2683642 0 0
27 3350235 0 0
27 3401754 0 0
27 3343703 0 0
27 3581256 0 0
27 2133619 0 0
27 3103411 0 0
27 3101231 0 0
27 2772987 0 0
27 2874571 0 0
27 2002484 0 0
27 2990228 0 0
27 3329403 0 0
27 3434401 0 0
27 3413960 0 0
27 3751251 0 0
27 3158798 0 0
27 3298875 0 0
27 3182402 0 0
27 3765883 0 0
27 3662161 0 0
27 1888711 0 0
27 3198610 0 0
27 3787082 0 0
27 3663820 0 0
27 3124144 0 0
27 2268958 0 0
27 3861538 0 0
27 2710007 0 0
27 3644740 0 0
27 3420649 0 0
27 2929554 0 0
27 2786104 0 0
27 3541197 0 0
27 3733694 0 0
27 1618958 0 0
27 3850406 0 0
27 3199938 0 0
27 3857035 1 0
27 3244604 0 0
27 1351920 0 0
27 3370989 0 0
27 3014744 0 0
27 3791572 0 0
27 3621632 0 0
27 2952328 0 0
27 2710494 0 0
27 3521338 0 0
27 3446808 0 0
27 3349466 0 0
27 2770547 0 0
27 2848211 0 0
27 2956719 0 0
27 3299547 1 0
27 3519260 0 0
27 3806915 0 0
27 3097015 0 0
27 3358168 0 0
27 3838765 0 1
27 3649185 0 0
27 2409868 0 0
27 3658493 0 0
27 3363980 0 0
27 3193183 0 0
27 3312196 0 0
27 3767697 0 0
27 1241484 0 0
27 3312194 0 0
27 3124123 0 0
27 3134170 0 0
27 3770628 0 0
27 3882256 0 0
27 3514825 0 0
27 3139868 0 0
27 3099202 0 0
27 3522456 0 0
27 3777253 1 0
27 3003862 0 0
27 3696974 0 0
27 3184472 0 0
27 2126682 0 0
27 2884339 0 0
27 3255501 0 0
27 2764080 0 0
27 3456866 1 0
27 3413088 0 0
27 2519060 0 0
27 3195117 0 0
27 3692155 0 0
27 2791717 0 0
27 3068586 0 0
27 2206021 0 0
27 3221992 0 0
27 2567333 0 1
27 3848779 0 0
27 3567318 0 0
27 2966977 0 0
27 137307 0 0
27 3132805 0 0
27 2720250 0 0
27 3336343 0 0
27 3498675 0 0
27 2754029 0 0
27 3583867 0 0
27 3474461 0 0
27 3580590 0 0
27 3290776 0 0
27 2206032 0 0
27 3289782 0 0
27 419502 0 0
27 3850448 0 0
27 3219397 0 0
27 3359226 0 0
27 3500687 0 0
27 3697407 0 0
27 2653618 0 0
27 3336345 0 0
27 3316966 0 0
27 2882578 0 1
27 3316967 0 0
27 3208495 0 0
27 3368167 0 0
27 3423703 0 0
27 3473362 0 0
27 3758707 0 0
27 3751078 0 0
27 3862651 0 0
27 3196863 0 0
27 3401934 0 0
27 1079798 0 0
27 3831939 0 0
27 1955440 0 0
27 3444829 2 0
27 3875914 0 0
27 2999696 0 0
27 3852857 0 0
27 3852855 0 0
27 2989899 0 0
27 2779314 0 0
27 3448189 0 0
27 3208018 0 0
27 3440462 0 0
27 3592750 0 0
27 2581891 0 0
27 3170021 0 0
27 3555378 0 0
27 3580577 0 0
27 3701645 0 1
27 3701644 0 0
27 2921413 0 0
27 3333295 0 0
27 3534479 0 0
27 1183238 0 0
27 2733106 0 0
27 3233526 0 0
27 3170260 0 0
27 3278639 0 0
27 3758736 0 0
27 3758735 0 0
27 3672121 0 0
27 3694382 0 0
27 3082834 0 0
27 2876922 0 0
27 3780630 0 0
27 3242241 0 0
27 3060800 0 0
27 3875920 0 0
27 3780631 0 1
27 2831810 1 0
27 2740090 0 0
27 3419668 0 0
27 3113282 0 0
27 2695234 0 0
27 3885733 0 0
27 3732356 0 0
27 3785071 0 0
27 3407694 0 0
27 3302103 0 0
27 3302104 0 0
27 2224954 0 0
27 222990 0 0
27 3347222 0 0
27 3466857 0 0
27 3418339 0 0
27 3850416 0 0
27 2360430 0 0
27 3857285 0 0
27 3851742 0 0
27 2799007 0 0
27 2799006 0 0
27 3519087 0 0
27 3798931 0 0
27 3015789 0 0
27 2768510 0 0
27 3199780 0 0
27 3024499 0 0
27 3217057 0 0
27 2825518 0 0
27 3314999 0 0
27 3612756 0 0
27 3850249 0 0
27 3131766 0 0
27 3428643 0 0
27 3538178 0 0
27 3641072 0 0
27 2776133 0 0
27 3496588 0 0
27 3771225 0 0
27 3772312 0 0
27 2803976 0 0
27 3061212 0 0
27 3323452 0 0
27 3177760 0 0
27 3647605 0 0
27 3678593 1 0
27 3061208 0 0
27 3567978 0 0
27 3747127 0 0
27 3206382 2 0
27 3446096 0 0
27 3860027 0 0
27 419718 0 0
27 3108517 0 0
27 3145904 0 0
27 2736930 0 0
27 2756500 0 0
27 3850227 0 0
27 3786938 0 0
27 3852401 0 0
27 1568661 0 0
27 2755891 0 0
27 3161196 0 0
27 2778524 0 0
27 3702408 0 0
27 2640368 0 0
27 3653096 0 0
27 3289213 0 0
27 3327834 0 0
27 3653097 0 0
27 3321299 0 0
27 3465847 0 0
27 3735385 0 0
27 3415789 0 0
27 3843921 0 0
27 3460392 1 0
27 2626597 0 0
27 3878844 0 0
27 3449136 0 0
27 3448219 0 1
27 3743182 0 0
27 3255499 0 0
27 3564029 0 0
27 3793448 0 0
27 3345210 1 0
27 3422903 0 0
27 3271500 0 0
27 3108775 0 0
27 2813562 0 0
27 2516534 0 0
27 3426261 0 0
27 3613800 0 0
27 2896918 0 0
27 1568612 0 0
27 3556415 0 0
27 3412096 0 0
27 2876299 0 0
27 3013339 0 0
27 3289278 0 0
27 2939436 0 0
27 3860072 0 0
27 3570945 0 0
27 2254647 0 0
27 2850929 0 0
27 3841569 0 0
27 3033168 0 0
27 1180708 0 0
27 1805051 0 0
27 3651933 0 0
27 2687681 0 0
27 3012010 0 0
27 3849275 0 0
27 3531363 0 0
27 3048209 0 0
27 3600988 0 0
27 2955948 0 0
27 3621400 0 0
27 2881437 0 0
27 3415114 0 0
27 3833927 0 0
27 2937289 0 0
27 3471017 0 0
27 3474762 0 0
27 3438431 0 0
27 3849279 0 0
27 3459368 2 0
27 3590980 0 0
27 3543551 1 0
27 3459362 1 0
27 3883384 0 0
27 3459360 2 0
27 3337812 0 0
27 3697901 0 0
27 1887528 0 0
27 3354397 0 0
27 3680022 0 0
27 3697902 0 0
27 2773284 0 0
27 3331277 0 0
27 3727951 0 0
27 3034044 0 0
27 3308281 0 0
27 3533779 0 1
27 3446065 0 0
27 3203060 0 0
27 3746220 0 0
27 2516548 0 0
27 3805480 2 0
27 1283973 0 0
27 3219406 0 0
27 3414010 0 0
27 3588685 0 0
27 2847544 0 0
27 3816135 0 0
27 2527669 0 0
27 3289491 0 1
27 3671785 0 0
27 3310126 0 0
27 3671302 0 0
27 2516545 0 0
27 3359830 0 0
27 3673729 0 0
27 544880 0 0
27 3599566 0 0
27 2779802 0 0
27 3281345 0 0
27 1945036 0 0
27 2832686 0 0
27 3018895 0 0
27 3833507 0 0
27 3065647 0 0
27 3833506 0 0
27 2526380 0 0
27 3468020 0 0
27 2133563 0 0
27 3004490 0 0
27 3718623 0 0
27 3833508 0 0
27 3697041 0 0
27 3218783 0 0
27 3482331 0 0
27 3177590 0 0
27 3885188 0 1
27 3598401 0 0
27 3257471 0 0
27 3180771 0 0
27 3853593 0 0
27 2744706 0 0
27 3036089 0 0
27 3491053 0 0
27 3402663 0 0
27 3083063 0 0
27 3352183 0 0
27 3563303 0 0
27 3829253 0 0
27 3175189 0 0
27 3439950 0 0
27 2225421 0 0
27 3462713 0 1
27 2687036 1 0
27 3448662 1 0
27 2720967 0 0
27 3446004 0 0
27 1974812 0 0
27 3279485 0 0
27 3505430 0 0
27 2967257 0 0
27 3474968 0 0
27 3065626 0 0
27 3181635 0 0
27 3065627 0 0
27 3343453 0 0
27 3061269 0 1
27 3320130 0 1
27 3040363 0 0
27 3437782 0 0
27 2267048 0 0
27 2721607 0 0
27 3359806 0 0
27 2630158 0 0
27 3435124 0 0
27 3703580 0 0
27 3464927 0 0
27 3787622 0 0
27 3845716 0 0
27 3414864 0 0
27 3518985 0 0
27 2730551 0 0
27 3224576 0 0
27 2109436 0 0
27 3800602 0 0
27 3599992 0 0
27 3111733 0 0
27 3515470 0 0
27 1586011 0 0
27 3262813 0 0
27 3447586 0 0
27 3365236 0 0
27 3525030 0 0
27 2096525 0 0
27 3257249 0 0
27 3324729 0 0
27 2566807 0 0
27 2829486 0 0
27 3613670 0 0
27 3876020 0 0
27 2364315 0 0
27 1915633 0 0
27 3600137 0 0
27 3160708 0 0
27 3266185 0 0
27 3085224 0 0
27 3590708 0 0
27 3623475 0 0
27 3870964 0 0
27 3710934 0 0
27 3412677 0 0
27 3710933 0 0
27 3741412 0 0
27 3704667 0 0
27 3635208 0 0
27 3819683 0 0
27 3430920 0 0
27 3053859 0 0
27 3746052 0 0
27 3751883 0 0
27 2867988 0 0
27 3626717 0 0
27 3653262 0 0
27 3783481 0 0
27 3343677 0 0
27 3521943 0 0
27 3847714 0 0
27 2782171 0 0
27 3376765 0 0
27 3246146 0 0
27 3758032 0 0
27 2330157 0 0
27 3110462 0 0
27 3417712 0 0
27 3356750 0 0
27 3482779 0 0
27 2483414 0 0
27 3295794 0 0
27 3205676 0 0
27 3559075 0 0
27 3208943 0 0
27 3855566 0 0
27 3852295 0 0
27 3873170 0 0
27 2752774 0 0
27 2775635 0 0
27 3459518 0 0
27 3533918 0 0
27 3623698 0 0
27 3736489 0 0
27 3782146 0 0
27 2253710 0 0
27 2965906 0 0
27 3336914 0 0
27 3142049 0 0
27 1654155 0 0
27 2945033 0 0
27 3134428 0 0
27 3613658 0 0
27 3795691 0 0
27 3426411 0 0
27 3469787 0 0
27 2709917 0 0
27 3829268 0 0
27 3018635 0 0
27 3812864 0 0
27 3833526 0 0
27 2100429 0 0
27 3624995 0 0
27 3698397 0 0
27 3773415 2 0
27 2800877 0 0
27 3025163 0 0
27 3353223 0 0
27 3624994 0 0
27 2547097 0 0
27 3820699 0 0
27 2386135 0 0
27 3065816 0 0
27 3480574 0 0
27 3878636 0 0
27 3533931 0 0
27 3562235 0 0
27 2132245 0 0
27 2248585 0 0
27 2820004 0 0
27 2515291 0 0
27 2613409 0 0
27 3214350 0 0
27 3113724 0 0
27 3611696 0 0
27 3614722 0 0
27 3853365 1 0
27 3878403 0 0
28 2722197 1 1
28 3620814 0 0
28 3283487 0 0
28 3339374 0 0
28 3023723 0 0
28 2851121 0 0
28 1424664 0 0
28 1633823 0 0
28 3215555 0 0
28 2783104 0 0
28 3777317 0 0
28 2064624 0 0
28 2360568 0 0
28 2600790 0 0
28 3671177 0 0
28 2589673 0 0
28 3832494 0 0
28 2570823 0 0
28 3632801 0 0
28 3743303 0 0
28 2585070 0 0
28 3388312 0 0
28 1808094 0 0
28 3343408 0 0
28 3879353 1 0
28 2726542 0 0
28 3215302 0 0
28 2600325 0 0
28 3156240 0 0
28 3572648 0 0
28 3568149 0 0
28 2714573 0 2
28 2600320 0 0
28 3031104 0 0
28 3696248 0 0
28 2978453 0 0
28 3032672 0 0
28 3526746 0 0
28 2533402 0 0
28 2459162 0 0
28 3615238 0 0
28 3260108 0 0
28 3389896 0 0
28 3481739 0 0
28 3787101 0 0
28 3820495 0 0
28 3649217 0 0
28 3162714 0 0
28 2716529 0 0
28 2760694 0 0
28 3205739 0 0
28 3294369 0 0
28 3296304 0 1
28 3549855 0 0
28 2045086 0 0
28 2346474 0 0
28 2570842 0 0
28 2595900 0 0
28 3410309 0 0
28 2727897 2 0
28 3170352 0 0
28 3123560 0 0
28 3443272 0 0
28 3584607 0 0
28 3196725 0 0
28 149400 0 0
28 2911544 0 0
28 3069950 0 0
28 3373081 0 0
28 3481991 0 0
28 2996089 0 0
28 2361202 0 0
28 3825955 0 0
28 1253508 0 0
28 2360111 0 0
28 3017073 0 0
28 3371900 0 0
28 3655959 0 0
28 3742465 0 0
28 3443275 0 0
28 2946865 0 0
28 2397405 0 0
28 2782218 0 0
28 2827054 0 0
28 3170764 0 0
28 2191805 2 0
28 3217935 0 0
28 3182991 0 0
28 3375036 0 0
28 3432383 0 0
28 3647493 0 0
28 3298309 0 2
28 2360369 0 0
28 3374186 0 0
28 3745924 0 0
28 3466567 0 0
28 3804823 0 0
28 2525819 0 0
28 3573780 0 0
28 1698141 0 0
28 3371914 0 0
28 2769472 0 0
28 2887507 0 0
28 2947736 0 0
28 2588557 0 0
28 3551763 0 0
28 3247187 0 0
28 3641948 0 0
28 3457613 0 0
28 2224892 0 0
28 3401659 0 0
28 3674472 0 0
28 165044 0 0
28 546283 0 0
28 2119219 0 0
28 3654887 0 0
28 3674474 0 0
28 3677989 0 0
28 3507809 0 0
28 2920271 0 0
28 128931 0 0
28 3018581 0 0
28 3018580 0 0
28 3507801 0 0
28 3590294 0 0
28 1950489 0 0
28 2989125 0 0
28 3358077 0 0
28 2865500 0 0
28 3610190 0 0
28 3296109 0 0
28 2075582 0 0
28 3140931 0 0
28 2360149 0 0
28 3135104 0 0
28 2889951 0 0
28 111022 0 0
28 3468766 0 0
28 3679719 0 0
28 115849 2 0
28 3189150 0 0
28 2640845 0 0
28 165067 0 0
28 3294399 0 0
28 1866177 0 0
28 2588573 0 0
28 3318881 0 0
28 128914 2 0
28 2966863 0 0
28 2698836 0 1
28 2244628 0 0
28 3878099 0 0
28 3420762 0 0
28 3813337 0 0
28 3880173 0 0
28 3231647 0 0
28 3645950 0 0
28 2827415 0 0
28 3478744 0 0
28 3687909 0 0
28 2871132 0 0
28 2441495 0 0
28 2590032 0 0
28 3273047 2 0
28 3402099 0 0
28 1626453 2 0
28 2590035 0 0
28 2364084 0 0
28 3871466 0 0
28 3657275 0 0
28 2980919 0 0
28 3438063 0 0
28 3481924 0 0
28 3277414 0 0
28 3862974 0 0
28 3012208 0 0
28 3362302 0 0
28 3565030 0 0
28 1618845 0 0
28 3687905 0 0
28 3544356 0 0
28 3712896 0 0
28 3781894 0 0
28 1036334 0 0
28 3857380 0 0
28 2590026 0 1
28 3851601 0 0
28 2909496 0 0
28 3035541 0 0
28 2590029 0 0
28 3623908 0 0
28 2475485 0 0
28 2725880 0 0
28 2453014 0 0
28 3096051 0 1
28 3522339 0 0
28 1805625 0 0
28 1636035 0 0
28 3003502 2 0
28 2822172 0 0
28 3443664 0 0
28 1828741 0 0
28 2882043 0 0
28 3593770 0 0
28 3079599 0 0
28 3336248 0 1
28 3857379 0 0
28 2367388 1 0
28 3726834 0 0
28 1940253 0 0
28 2659482 0 0
28 2659483 0 0
28 3579417 0 0
28 2659481 1 2
28 3336251 0 0
28 2640888 0 0
28 3891082 0 0
28 3757315 0 0
28 2933713 0 0
28 3779320 0 0
28 3778233 0 0
28 3116874 0 0
28 2118948 0 0
28 2590042 0 0
28 2590043 0 1
28 3816613 0 0
28 2376090 0 0
28 3780547 0 0
28 3780548 0 0
28 2669046 0 0
28 3059756 0 0
28 3130920 0 0
28 2941578 0 0
28 3350300 0 0
28 1431554 0 0
28 2857266 0 0
28 1775030 0 0
28 3583747 0 0
28 2394530 0 0
28 2440365 0 0
28 3468909 0 0
28 3059968 0 0
28 3221407 0 0
28 2367392 0 0
28 3842706 0 0
28 3336225 0 0
28 3781865 0 0
28 3336230 0 0
28 3341820 0 0
28 2804582 0 0
28 3389048 0 0
28 2919684 0 0
28 3141629 0 0
28 3465869 0 0
28 3647088 0 0
28 3322042 0 0
28 2360533 0 0
28 2231347 0 0
28 3057319 0 0
28 3129520 0 0
28 3407357 0 0
28 3502517 0 0
28 3132924 0 0
28 2478711 0 0
28 3495023 0 0
28 2990995 0 0
28 2990752 0 1
28 1534013 0 0
28 1817655 0 0
28 3437183 0 0
28 3319903 0 0
28 3124289 0 0
28 3420544 0 0
28 3014838 0 0
28 2919698 0 0
28 3159111 0 0
28 3490802 0 0
28 3078220 0 0
28 2590010 0 1
28 2590019 0 1
28 2851501 0 0
28 2014742 0 0
28 3686873 0 0
28 2805650 0 0
28 2685790 0 0
28 3701516 0 0
28 3881493 0 0
28 2990988 0 0
28 3516935 0 0
28 3880168 0 0
28 3569893 0 0
28 3056206 0 0
28 3653734 0 0
28 3202818 0 0
28 3265212 0 0
28 2873764 0 0
28 3753154 0 0
28 3650220 0 0
28 3418218 0 0
28 1876807 0 0
28 3371785 0 0
28 3502777 0 0
28 3675506 1 0
28 3766216 0 0
28 2590002 0 1
28 3465881 0 0
28 3675505 0 0
28 2590003 2 1
28 3205199 0 0
28 3212725 1 0
28 3853872 0 0
28 3175699 0 0
28 3704738 0 0
28 2289814 0 0
28 2984574 0 0
28 3564105 0 1
28 3518207 0 0
28 2442181 0 0
28 3504282 0 0
28 3564101 0 0
28 2135465 0 0
28 2787278 0 0
28 3656690 0 0
28 3884137 0 0
28 2920908 0 0
28 3048580 0 0
28 2672283 0 0
28 3417637 0 0
28 3440898 0 0
28 2984334 0 0
28 1820762 0 0
28 3098853 0 0
28 3334006 0 0
28 2327290 0 0
28 3425492 0 0
28 2686695 0 0
28 2755790 0 0
28 2941601 0 0
28 3784417 0 0
28 3725447 0 0
28 3803121 0 0
28 2219958 0 0
28 2857237 0 0
28 3819708 2 0
28 1192834 0 0
28 3322007 0 0
28 3472230 0 0
28 3827598 0 0
28 64846 0 0
28 2872853 0 0
28 3681648 0 0
28 3841640 0 0
28 2768623 0 0
28 3142521 0 0
28 2426948 0 0
28 3782469 0 0
28 3873257 0 0
28 3426327 0 0
28 2564911 0 0
28 3796854 0 0
28 3667369 0 0
28 2564918 0 0
28 2809362 0 0
28 3381374 0 0
28 2605308 0 0
28 2468311 1 0
28 3276018 0 0
28 3382467 0 0
28 3827322 0 0
28 3471179 0 0
28 3698078 0 0
28 2732450 0 0
28 3223529 0 0
28 3345592 0 0
28 2774292 0 0
28 3119976 0 0
28 3217150 0 0
28 3876538 0 0
28 1802070 0 0
28 3673816 0 0
28 3506499 0 0
28 3530583 0 0
28 2732444 0 0
28 2732449 0 0
28 3348632 0 0
28 3141408 0 0
28 3548099 1 0
28 3467905 0 0
28 2850868 0 0
28 3137158 0 0
28 2949575 0 0
28 3097795 0 0
28 2850864 0 0
28 1867813 0 0
28 2613392 0 0
28 3258405 0 0
28 3413070 0 0
28 3049879 0 0
28 3367365 0 0
28 2704167 0 0
28 554110 0 0
28 3085976 0 0
28 3793567 0 0
28 3320273 0 0
28 3565243 2 0
28 362874 0 0
28 2952771 0 0
28 3082216 0 0
28 3000135 0 0
28 3183041 1 0
28 3596149 0 0
28 3206249 0 0
28 2364296 0 0
28 2918633 0 0
28 3720199 0 0
28 3283611 0 0
28 3512958 0 0
28 3577693 0 0
28 3806674 0 0
28 1867807 0 0
28 2799065 0 0
28 3357550 0 0
28 3367353 0 0
28 2836790 0 0
28 1852310 0 0
28 2262146 0 0
28 2321726 0 0
28 1065317 1 0
28 3294730 0 0
28 3291220 0 0
28 3758302 0 0
28 2905933 0 0
28 3403035 0 0
28 3569838 0 0
28 2739490 0 0
28 3671406 0 0
28 17810 0 0
28 3681680 0 0
28 3553020 0 0
28 3449205 0 0
28 2685380 0 0
28 2730236 0 0
28 3050846 0 0
28 3791363 0 0
28 3075903 0 0
28 3683415 0 0
28 149397 0 0
28 3534519 0 0
28 3589662 0 0
28 1851015 0 0
28 3734363 0 0
28 2741574 0 0
28 2928209 0 0
28 3075911 0 0
28 3134932 0 0
28 3634841 0 0
28 1065323 0 0
28 1470069 0 0
28 1065322 0 0
28 3099524 0 0
28 3367338 0 1
28 3556753 0 0
28 3827374 0 0
28 3205365 0 0
28 3491193 0 2
28 3355351 0 0
28 3658225 0 0
28 3793530 0 0
28 3120777 0 0
28 3221150 0 0
28 2803870 0 0
28 2939336 0 0
28 1978240 0 0
28 3291446 0 0
28 2409363 0 0
28 3733041 0 0
28 3759893 0 0
28 3852318 0 0
28 3163221 0 0
28 3398843 2 0
28 3726513 0 0
28 3747678 0 0
28 1360289 0 0
28 2216021 0 0
28 3096029 0 0
28 3747679 0 0
28 3087551 0 0
28 3634260 0 0
28 3810745 0 0
28 3810746 0 0
28 2957592 0 0
28 59881 0 0
28 3587866 0 0
28 3717415 0 0
28 3751568 0 0
28 2935325 0 0
28 2413214 0 0
28 3309686 0 0
28 3620092 0 0
28 3215156 0 0
28 2772291 0 0
28 3310672 0 0
28 2833655 0 0
28 3620091 0 0
28 1950515 0 0
28 3473963 0 0
28 3797314 0 0
28 3547183 1 0
28 2972759 0 0
28 2688241 0 0
28 3475904 0 0
28 3504211 0 0
28 3385568 0 0
28 2605738 0 0
28 3321796 0 0
28 3063117 0 0
28 3220081 0 0
28 3250950 0 0
28 2936404 0 0
28 3602656 0 0
28 3306168 2 0
28 3546098 0 0
28 2636806 0 0
28 3604867 0 0
28 2740238 0 0
28 3679720 0 0
28 2740235 0 0
28 193736 0 0
28 2292167 0 0
28 2688249 0 0
28 2671812 0 0
28 2952912 0 0
28 3867618 0 0
28 2374461 0 0
28 2970787 0 0
28 3289162 0 0
28 3293430 0 0
28 3335714 0 0
28 3539565 0 0
28 3679996 0 0
28 3460208 0 0
28 2816297 0 0
28 3638606 0 0
28 2590610 0 0
28 2688214 0 0
28 3514260 0 0
28 3180419 0 0
28 3400349 0 0
28 3170633 0 0
28 1097749 0 0
28 2596382 0 0
28 3471569 0 0
28 2634642 0 0
28 3777941 0 0
28 2783155 0 0
28 3862396 1 0
28 3248414 0 0
28 3862395 0 0
28 3750480 0 0
28 3600251 0 0
28 1794442 0 0
28 2740213 0 0
28 2763315 0 0
28 2740212 0 0
28 3141496 0 0
28 2797943 0 0
28 3094682 0 0
28 3128054 0 0
28 3281207 0 2
28 3574761 0 0
28 3446146 0 0
28 3520703 0 0
28 2361170 0 0
28 3665127 0 0
28 3508844 0 0
28 1971248 0 0
28 3551238 0 0
28 3751762 0 0
28 3608179 0 0
28 3062457 0 0
28 3589844 0 0
28 2726110 0 0
28 3342223 0 0
28 2630294 0 0
28 1802738 0 0
28 2189455 0 0
28 2783142 0 0
28 3564793 0 0
28 3071173 0 0
28 3786633 0 0
28 2890652 0 0
28 3063538 0 0
28 2140182 0 0
28 2758188 0 0
28 2364450 0 0
28 3777926 0 0
28 3402108 0 0
28 3320426 0 0
28 3667796 0 0
28 3836946 0 0
28 3667797 0 0
28 3840190 0 0
28 3064648 0 0
28 3840191 0 0
28 2600248 0 0
28 2865458 0 0
28 3102705 0 0
28 3809302 0 0
28 2649919 0 0
28 3504250 0 0
28 3510936 0 0
28 3649949 0 0
28 2823657 0 0
28 1064865 0 0
28 3623573 0 0
28 3864398 0 0
28 3884183 0 0
28 3052423 0 0
28 1064869 0 0
28 2875489 0 0
28 2855658 0 0
28 3504259 0 0
28 3291064 0 0
28 3447652 0 0
28 2362040 0 0
28 1847828 0 0
28 1847827 0 0
28 130137 0 0
28 2855663 0 0
28 3259357 0 0
28 3705209 0 0
28 2600214 0 0
28 2970585 0 0
28 3682965 0 0
28 1064877 0 0
28 3069060 0 0
28 3697188 0 0
28 2846744 0 0
28 3350072 0 0
28 3759267 0 0
28 3594382 0 0
28 3037036 0 0
28 2889671 0 0
28 3445254 0 0
28 3686078 0 0
28 2991036 0 0
28 3632492 0 0
28 130142 0 0
28 2812746 0 0
28 3258014 0 0
28 2807151 0 0
28 3020600 0 0
28 3321779 0 0
28 3511809 0 0
28 3191511 0 0
28 2703261 0 0
28 3647502 0 0
28 3511801 0 0
28 3840176 0 0
28 2517592 0 0
28 2763752 0 0
28 3310649 0 0
28 2529329 0 0
28 3097992 0 0
28 3478155 0 0
28 3437637 0 0
28 2621142 0 0
28 2649930 0 0
28 2991271 0 0
28 3658868 0 0
28 3728537 0 0
28 3094007 0 0
28 3229958 0 0
28 2254392 0 0
28 2670302 0 0
28 2098750 0 0
28 3792832 0 0
28 3213012 0 0
28 3778769 0 0
28 3870657 0 0
28 526763 0 0
28 2759592 0 0
28 400754 0 0
28 2438354 0 0
28 3238310 0 0
28 3533163 0 0
28 3654718 0 0
28 3654719 0 0
28 3227428 0 0
28 3682180 0 0
28 3534251 0 0
28 2769393 0 0
28 2770382 2 0
28 2945635 0 0
28 3204770 0 0
28 3718230 0 0
28 2946727 0 0
28 3386016 0 0
28 2576252 0 0
28 2581602 0 0
28 3217846 2 0
28 2688082 0 0
28 3230846 0 0
28 3214338 0 0
28 2694765 0 0
28 2784782 0 0
28 3604226 0 0
28 1526579 0 0
28 1903360 0 0
28 3134104 0 0
28 3652784 0 0
28 2193918 0 0
28 2861054 0 0
28 3697219 0 0
28 3630970 0 0
28 3169465 0 0
28 374380 0 0
28 2577109 0 0
28 2671416 0 0
28 3535129 0 0
28 2769383 0 0
28 3536458 0 0
28 3214566 0 0
28 3162836 0 0
28 3046501 0 0
28 3636260 0 0
28 2118676 0 0
28 2396651 0 0
28 2528148 0 0
28 3179032 0 0
28 3539963 0 0
28 3399346 0 0
28 3428181 0 0
28 3529924 0 0
28 2759337 0 0
28 2360220 0 0
28 3656918 0 0
28 1936294 1 0
28 3263749 0 0
28 1783848 0 0
28 1936291 2 0
28 2850182 0 0
28 2323004 0 0
28 2505292 0 0
28 3764353 0 0
28 3154169 0 0
28 3524462 0 0
28 2881905 0 0
28 3179286 0 0
28 3431101 0 0
28 2769377 0 0
28 3641602 0 0
28 2951099 0 0
28 3458641 0 0
28 2138025 0 0
28 3236161 0 0
28 3569577 0 0
28 3588083 0 0
28 2265270 0 0
28 3446429 0 0
28 3524466 0 0
28 2323000 0 0
28 3200155 0 0
28 3172649 0 0
28 3068953 0 0
28 3879424 0 0
28 2648658 0 0
28 3426825 0 0
28 2667174 0 0
28 3087230 0 0
28 3562523 0 0
28 3688525 0 0
28 3104971 0 0
28 2589996 0 0
28 3375150 0 0
28 3549795 0 0
28 3355702 0 0
28 3539980 0 0
28 3866187 0 0
28 2679396 0 0
28 1955831 0 0
28 3710946 0 0
28 1274315 1 0
28 3542922 0 0
28 3542925 0 0
28 3400445 0 0
28 3443570 0 0
28 2827160 0 0
28 3662144 0 0
28 3391884 0 0
28 3691922 0 0
28 3878100 0 0
28 3337281 0 0
28 2365948 0 0
28 3699431 0 0
28 3880663 0 0
28 2118248 0 0
28 3628863 0 0
28 3674595 0 0
28 3237274 0 0
28 3625593 0 0
28 2556668 0 0
28 3859883 0 0
28 2686702 0 0
28 2865629 0 0
28 3143084 0 0
28 3482907 0 0
28 3800121 0 0
28 3500067 0 0
28 2887898 0 0
28 2196368 0 0
28 3321940 0 0
28 2396214 0 0
28 2001147 0 0
28 3568058 0 0
28 3640964 0 0
28 3231986 0 0
28 3054537 0 0
28 3158544 0 0
28 3655863 0 0
28 2902092 0 0
28 2588683 0 0
28 1852903 0 0
28 3833481 0 0
28 2556653 0 0
28 2737780 0 0
28 3443101 0 0
28 2737781 0 0
28 3687452 0 0
28 3200124 0 0
28 134469 0 0
28 2701125 0 0
28 3040159 0 0
28 2799407 0 0
28 3470953 0 0
28 3492965 0 0
28 3648678 0 0
28 3717129 0 0
28 2365968 0 0
28 2767159 0 0
28 3214514 0 0
28 3583673 0 0
28 2896582 0 0
28 3364865 0 0
28 2517070 0 0
28 3052128 0 0
28 3298875 0 0
28 2919195 2 0
28 2840593 0 0
28 2570932 0 0
28 2760529 0 0
28 3529718 0 0
28 3706244 0 0
28 3707334 0 0
28 2799655 0 0
28 2916002 0 0
28 1885440 0 0
28 3421971 0 1
28 3560943 0 2
28 3161328 0 0
28 3141717 0 0
28 3325006 0 0
28 3770888 0 0
28 2847379 0 0
28 3377139 0 0
28 2847139 0 0
28 2895222 0 0
28 2874764 0 0
28 3001421 0 0
28 3408995 0 0
28 3754398 0 0
28 3037856 0 0
28 3485164 0 0
28 128868 0 0
28 3241339 0 0
28 1885212 0 0
28 3171385 0 0
28 3314582 0 0
28 2861696 0 0
28 3658245 0 0
28 3199937 0 0
28 2478666 0 0
28 3481803 0 0
28 169173 0 0
28 2780587 0 0
28 2787203 0 0
28 3673860 0 0
28 2873666 0 0
28 3731284 0 0
28 3519266 0 0
28 3837670 0 0
28 3203843 0 0
28 3073942 0 0
28 2125379 0 0
28 2797005 0 0
28 3147244 0 0
28 2984391 0 0
28 3229467 0 0
28 3520031 2 1
28 2744242 0 0
28 2671499 0 0
28 2873458 0 0
28 3381406 0 0
28 3594987 0 0
28 1784087 0 0
28 3162207 0 0
28 3184479 0 0
28 2873453 0 0
28 3628477 0 0
28 3716901 0 0
28 3628474 0 0
28 3272058 0 0
28 3003627 0 0
28 3628473 0 0
28 2631802 0 0
28 2919789 0 0
28 2640763 0 0
28 2206023 0 0
28 3732159 0 0
28 2803798 0 0
28 2873448 0 0
28 2630723 0 0
28 2595619 0 0
28 3582936 0 0
28 3745698 0 0
28 3522209 0 0
28 3419690 0 0
28 3891390 0 0
28 2780311 0 0
28 3420449 0 0
28 3830836 0 0
28 3143946 0 0
28 3895757 0 0
28 3728067 0 0
28 2630732 0 0
28 1513219 0 0
28 1266360 0 0
28 1382225 0 0
28 3298262 0 0
28 3652736 0 0
28 3892006 0 0
28 129990 0 0
28 3090653 0 0
28 3194440 0 0
28 129995 0 0
28 3639101 0 0
28 3683465 0 0
28 3847262 0 0
28 2989654 2 0
28 3277335 0 0
28 3088395 0 0
28 2503970 0 0
28 2639558 0 0
28 2503972 1 0
28 3318909 0 0
28 2639797 0 1
28 395738 0 0
28 1955440 0 0
28 2732460 0 0
28 3797070 0 0
28 3697411 0 0
28 3098388 0 0
28 3222627 0 0
28 3627132 0 0
28 2744237 0 0
28 2898701 0 0
28 3356189 0 0
28 3054161 0 0
28 78999 0 0
28 2270831 0 0
28 3147051 0 0
28 2778460 0 0
28 3464890 0 0
28 3701653 0 0
28 2848250 0 0
28 3299340 0 0
28 3358111 0 0
28 2825130 0 0
28 3170028 0 0
28 3807833 0 0
28 2672143 0 0
28 3328978 0 0
28 3382787 0 0
28 3438398 0 0
28 3870237 0 0
28 3892024 0 0
28 3298249 0 0
28 2687607 0 0
28 3263388 0 0
28 1976114 0 0
28 3487761 0 0
28 3798397 0 0
28 2778455 0 0
28 2639570 0 0
28 3046536 0 0
28 3503740 0 0
28 3118971 0 0
28 2725950 0 0
28 2584937 0 0
28 3042173 0 0
28 3474230 0 0
28 3607993 0 0
28 3081500 0 0
28 3419663 0 0
28 2840754 0 0
28 3885733 0 0
28 2740094 0 0
28 3892016 0 0
28 2522257 0 0
28 3488867 0 0
28 2630760 0 0
28 3114377 0 0
28 3117402 2 0
28 1973078 1 0
28 3519084 0 0
28 1175861 0 0
28 2661247 0 0
28 3768996 0 0
28 2799007 0 0
28 3723883 0 0
28 2940168 0 0
28 3001419 0 0
28 3555384 0 0
28 3208588 0 0
28 3828798 0 0
28 2265727 0 0
28 3205072 0 0
28 3382565 0 0
28 3862227 0 0
28 3827223 0 0
28 3323220 0 0
28 2732791 0 0
28 3263087 0 0
28 3324550 0 0
28 3736219 0 0
28 3292400 2 0
28 3700494 0 0
28 2567083 0 0
28 1564284 0 0
28 1592504 0 0
28 2776367 0 0
28 2242833 0 0
28 3429966 0 0
28 3179700 0 0
28 3323216 0 0
28 3143978 0 0
28 3888622 0 0
28 1635694 0 0
28 2192397 0 0
28 2630302 0 0
28 3044092 0 0
28 3482183 0 0
28 481084 0 0
28 3673900 0 0
28 2125537 0 0
28 2752171 0 0
28 2213294 0 0
28 3162273 0 0
28 3829620 0 0
28 2936392 0 0
28 3497883 0 0
28 2533296 0 0
28 3726427 0 0
28 154422 0 0
28 3668579 0 0
28 3279885 0 0
28 2642778 0 0
28 3331072 0 0
28 3108755 2 0
28 154428 0 0
28 3386942 0 0
28 3326751 0 0
28 3541574 0 0
28 3374960 0 0
28 3442737 0 0
28 3094394 0 0
28 3841758 0 0
28 3461494 0 0
28 3449121 2 2
28 3700476 0 0
28 3486994 0 0
28 3665062 0 0
28 3260810 0 0
28 3529232 0 0
28 2515898 0 0
28 3257884 0 0
28 125299 0 0
28 2412857 0 0
28 3414211 0 0
28 2800203 0 0
28 2528951 0 0
28 2822226 0 0
28 3621215 0 0
28 3567952 0 0
28 2051089 0 1
28 2687419 0 0
28 3841743 2 0
28 3680213 0 0
28 2776581 0 0
28 3356124 0 0
28 3747359 0 0
28 2927687 2 0
28 3599126 0 0
28 2730579 0 0
28 3198414 0 0
28 3445186 0 0
28 3426269 0 0
28 3793444 0 0
28 3533522 0 0
28 2959059 0 0
28 35352 0 0
28 3139288 0 0
28 3542482 2 1
28 2500197 0 0
28 2656963 0 0
28 3680008 0 0
28 3464700 0 0
28 1805049 0 0
28 2709971 0 0
28 3097684 0 0
28 3371474 0 0
28 2743653 0 0
28 3004853 0 0
28 3132410 0 1
28 3140278 0 0
28 3303823 0 0
28 2730330 0 0
28 2125348 0 0
28 3405563 0 0
28 2929636 1 0
28 3097689 0 0
28 3220159 0 0
28 1475880 0 0
28 2579283 0 0
28 3497873 0 0
28 3726614 0 0
28 3746443 0 0
28 3472559 0 0
28 2193682 0 0
28 3291337 0 0
28 2171635 0 0
28 2800027 0 0
28 3419727 0 0
28 3369892 0 0
28 3709097 0 0
28 1062163 0 0
28 3113903 0 0
28 3667275 2 0
28 2516524 0 0
28 3667274 0 0
28 1887521 0 0
28 3825062 0 0
28 3727956 0 0
28 3086921 0 0
28 3528190 2 0
28 2803981 0 0
28 3342166 0 0
28 2763000 0 0
28 3829660 0 0
28 2763001 0 0
28 2892770 0 0
28 2763003 0 0
28 2174925 0 0
28 2409496 0 0
28 3132871 0 0
28 2206338 0 0
28 3415115 0 0
28 2813540 0 0
28 2891688 0 0
28 1887528 0 0
28 3485866 0 0
28 1977044 0 0
28 3279682 0 0
28 2435519 0 0
28 3474999 1 0
28 3827494 0 0
28 3854854 0 0
28 2833144 0 0
28 2959048 0 0
28 3151373 0 0
28 3887999 0 0
28 3216379 0 0
28 3416675 0 0
28 3309375 0 0
28 3620568 0 0
28 3849024 0 0
28 3219887 0 0
28 2766748 0 0
28 1557748 0 0
28 2740134 0 0
28 3483691 0 0
28 2569032 0 0
28 3218792 0 0
28 3353295 0 0
28 3544655 0 0
28 1475865 0 0
28 3872022 0 0
28 3403372 0 0
28 3461441 0 0
28 2595778 0 0
28 3283945 0 0
28 2275302 0 0
28 2815974 0 0
28 3474942 2 0
28 3804188 0 0
28 518976 0 0
28 3638501 0 0
28 3505897 0 0
28 2857501 0 0
28 3474945 2 1
28 3505893 0 0
28 3153386 0 0
28 3841373 0 0
28 3841372 0 0
28 3751444 0 0
28 3819678 0 0
28 3048066 0 0
28 2887391 0 0
28 3026049 0 0
28 3142018 0 0
28 2740342 0 0
28 3180772 0 0
28 3420083 0 0
28 3703363 0 0
28 2516574 0 0
28 3262834 0 0
28 3703364 0 0
28 3808778 0 0
28 3639821 0 0
28 3853346 0 0
28 3639822 0 0
28 2234379 0 1
28 3306282 0 0
28 3595140 2 0
28 2626778 0 0
28 2526399 0 0
28 3032707 0 0
28 3385207 0 0
28 3776757 0 0
28 3412691 0 0
28 3459797 0 0
28 3247426 0 0
28 3889310 0 0
28 2740356 0 0
28 2644780 0 0
28 3310784 0 0
28 1297505 0 0
28 3725166 0 0
28 3852015 0 0
28 3704442 0 0
28 2215647 0 0
28 3474722 0 0
28 1847506 0 0
28 3018437 0 0
28 3324737 0 0
28 3877581 0 0
28 3009961 0 0
28 3102815 0 0
28 3722906 0 0
28 2092394 0 0
28 3102812 0 0
28 2783041 0 0
28 3054978 0 0
28 2719751 0 0
28 3291370 0 0
28 3612336 0 0
28 3800606 0 0
28 2430704 0 0
28 1974800 0 0
28 3445170 0 0
28 2365404 1 0
28 3083046 0 0
28 3731864 0 0
28 2589986 0 0
28 1891677 0 0
28 2589987 0 0
28 3250605 0 0
28 2193615 0 0
28 3142229 0 0
28 2905677 0 0
28 1791056 0 0
28 2943074 0 0
28 1472550 0 0
28 3035194 0 0
28 3446431 0 0
28 3423399 0 0
28 2526185 0 0
28 3655684 0 0
28 2505248 0 0
28 3496935 0 0
28 1262688 0 0
28 3346943 0 0
28 2882903 0 0
28 2782174 0 0
28 2845798 0 0
28 3357609 0 0
28 3436635 0 0
28 1936358 1 0
28 3766907 0 0
28 2941921 0 0
28 3516581 0 0
28 3111559 0 0
28 3836827 0 0
28 130001 0 0
28 3806158 0 0
28 2701186 0 0
28 2727311 0 0
28 3320305 0 0
28 2634782 0 0
28 3309995 0 0
28 2526197 0 0
28 3413342 0 0
28 3053629 0 0
28 3343686 0 0
28 2847963 0 0
28 3459510 0 0
28 2762568 0 0
28 3542898 0 0
28 3544833 0 0
28 1654155 0 0
28 3834883 0 0
28 3878868 0 0
28 1082399 0 0
28 3206512 0 1
28 3853386 0 0
28 3053870 0 0
28 3853387 0 0
28 3425317 0 0
28 3603619 0 0
28 2876246 0 0
28 3769152 0 0
28 3471412 0 0
28 3698153 0 0
28 3101766 0 0
28 3294685 0 0
28 3786971 0 0
28 3039579 0 0
28 2358909 0 0
28 3641092 0 0
28 2526170 0 0
28 3385264 0 0
28 3750328 0 0
28 2702055 0 0
28 3177589 2 0
28 2621268 0 0
28 3636972 2 0
28 3693960 0 0
28 3237456 0 0
28 3809202 0 0
28 3561145 0 0
28 3345601 0 0
28 3350188 0 0
28 3377400 0 0
28 3111543 0 0
28 3476098 0 0
28 3665031 0 0
28 3140086 0 0
28 2904780 0 0
28 2945059 0 0
28 3256191 2 0
28 3354786 0 0
28 1936360 0 0
29 3385274 0 0
29 2769281 0 0
29 3420369 0 0
29 2096694 0 0
29 2899785 0 0
29 3606754 0 0
29 3194774 0 0
29 3749082 1 1
29 3604578 0 0
29 3625025 0 0
29 3059928 0 0
29 3850925 0 0
29 3867110 0 0
29 2589673 0 0
29 3328472 0 0
29 3185823 0 0
29 3559430 0 0
29 3284348 0 0
29 3225371 0 0
29 3423865 0 0
29 3823795 0 0
29 3687509 0 0
29 3194761 2 0
29 2758150 0 0
29 2714573 0 0
29 3574824 0 0
29 3162710 0 0
29 2763739 0 0
29 3764258 0 0
29 1174871 0 0
29 3819262 0 0
29 3562608 0 0
29 3742472 0 0
29 3759907 0 0
29 3012852 0 0
29 3155148 0 0
29 3250343 0 0
29 3846644 0 0
29 3304055 0 0
29 2713257 0 0
29 3436730 0 0
29 3294360 0 0
29 3262532 0 0
29 1808059 0 0
29 2922660 0 0
29 3410306 0 0
29 3022409 0 0
29 2688188 0 0
29 3515888 0 0
29 3154048 0 0
29 3249342 0 0
29 1240206 0 0
29 3785150 0 0
29 3214672 0 0
29 1131917 0 0
29 3785158 0 0
29 3646179 0 0
29 2360596 0 0
29 1403756 0 0
29 2923524 0 2
29 3295684 0 0
29 3767746 0 0
29 1994008 0 0
29 3763592 0 0
29 3482804 0 0
29 3239324 2 0
29 3251699 0 0
29 3826611 0 0
29 3861853 0 0
29 3625224 0 0
29 3653544 0 0
29 3653543 0 0
29 3573789 0 2
29 3858201 0 0
29 2795136 0 0
29 3189389 2 0
29 3387490 0 0
29 2703643 0 0
29 3085161 0 0
29 3237159 0 0
29 3513007 0 0
29 3641948 0 0
29 3603665 0 0
29 3348051 0 0
29 3539851 0 0
29 3848636 0 0
29 3606728 0 0
29 3423660 0 0
29 2643098 0 0
29 3342722 0 0
29 2174498 0 0
29 2364744 0 0
29 3749064 0 0
29 3679716 0 0
29 1963326 0 0
29 3858663 0 0
29 3743521 0 0
29 3053560 2 0
29 3858664 0 0
29 3679719 0 0
29 3617833 0 0
29 2131797 0 0
29 2128386 0 0
29 3189150 0 0
29 3229795 0 0
29 3065793 0 0
29 3326027 0 0
29 128917 0 0
29 2789963 0 0
29 3710612 0 0
29 3826603 2 0
29 3467426 0 0
29 3189153 0 0
29 3318881 0 0
29 2704516 0 0
29 400408 0 0
29 3152734 1 1
29 3276790 0 0
29 3579686 0 0
29 3251251 0 0
29 3276793 0 0
29 3531029 0 0
29 2072881 0 0
29 3152732 2 0
29 3150312 0 0
29 3231405 0 0
29 3231647 0 0
29 3104653 0 0
29 2107839 0 0
29 3788296 0 0
29 1910601 0 0
29 3162786 2 1
29 2987569 0 0
29 2684432 0 0
29 2987328 0 0
29 3874733 0 0
29 3722201 2 0
29 3102469 0 0
29 2698847 0 0
29 3637087 0 0
29 3481924 0 0
29 3214852 0 0
29 3285031 0 0
29 2698843 0 0
29 2631911 0 0
29 3569638 0 1
29 3730072 0 0
29 3221618 0 0
29 2292728 0 0
29 3480806 0 0
29 3748854 0 0
29 2001222 0 0
29 2805843 0 0
29 3232519 0 0
29 3278957 0 0
29 3276779 0 0
29 3695310 0 0
29 2892052 0 0
29 2846143 0 0
29 3443668 0 0
29 2756102 0 0
29 1790898 0 0
29 2882040 0 0
29 2929215 0 0
29 2559831 0 0
29 2884453 0 1
29 2659483 0 0
29 3103573 0 0
29 3253447 0 0
29 3891082 0 0
29 1592121 0 0
29 3668183 0 0
29 3674612 0 0
29 1164415 0 0
29 3580879 0 0
29 3672677 0 0
29 3130920 0 0
29 3680051 0 0
29 2185569 0 0
29 2128333 0 0
29 2206392 0 0
29 2531096 0 0
29 3659485 0 0
29 3256981 0 0
29 3107964 0 0
29 3164916 0 0
29 1804119 0 0
29 3141645 0 0
29 2893369 2 1
29 2873753 0 0
29 3626397 0 0
29 3497460 0 0
29 2128337 0 0
29 3232543 0 0
29 3077380 0 0
29 3420557 0 0
29 3522346 0 0
29 3674633 0 0
29 3699711 0 0
29 2567034 0 0
29 3573933 0 0
29 2663767 0 0
29 1327670 0 0
29 3371525 0 0
29 3724601 0 0
29 3132906 0 0
29 3113395 0 0
29 3660259 0 0
29 3291965 0 0
29 3849794 0 0
29 3424906 0 0
29 2687726 0 0
29 3297038 0 0
29 3290882 0 0
29 3775397 0 0
29 3765115 0 0
29 3852724 0 0
29 3803118 0 0
29 3336208 0 0
29 3317954 0 0
29 3878088 0 0
29 3292802 2 0
29 3689904 0 0
29 3257604 0 0
29 2992921 0 0
29 3065398 0 0
29 3710210 0 0
29 3158035 0 0
29 3404062 0 0
29 3816651 0 0
29 3263277 0 0
29 3851625 0 0
29 3675506 0 0
29 1637172 0 0
29 3150318 0 0
29 2615375 2 0
29 2877072 0 0
29 2856378 0 0
29 2856377 0 0
29 2911191 0 0
29 3564105 1 1
29 3652097 0 0
29 3504283 0 0
29 2615371 0 0
29 3326851 0 0
29 2787277 0 0
29 3818620 0 0
29 2868352 0 0
29 3417637 0 0
29 1280354 0 0
29 2941604 0 0
29 3703884 0 0
29 2241629 0 0
29 2923177 0 0
29 3574156 0 0
29 3599212 0 0
29 3872158 0 0
29 3357592 0 0
29 3668204 0 0
29 3693861 0 0
29 2699776 0 0
29 3120998 0 0
29 2856380 0 0
29 3487756 0 0
29 2733992 0 0
29 2827807 2 0
29 3622683 0 0
29 3838481 0 0
29 2206402 0 0
29 3359776 0 0
29 2627586 0 0
29 2813656 0 0
29 3314862 0 0
29 1716762 0 0
29 3212704 0 0
29 3276018 0 0
29 3691475 0 0
29 3345112 0 0
29 2526401 2 0
29 2740280 0 0
29 2903548 0 0
29 3366294 0 0
29 2830198 0 0
29 3495353 0 0
29 3808835 0 0
29 2266920 0 0
29 3810917 0 0
29 2108070 0 0
29 2526417 2 0
29 2246098 0 0
29 2852806 0 0
29 3303512 0 0
29 2803839 0 0
29 3826009 0 0
29 3576300 0 0
29 2835647 0 0
29 1867813 0 0
29 2778877 0 0
29 3446153 0 0
29 3073989 0 0
29 3177833 0 0
29 3881064 0 0
29 3108658 0 0
29 3343158 0 0
29 2734816 0 0
29 2847699 0 0
29 2206439 0 0
29 3244483 0 0
29 2169207 0 0
29 3283853 0 0
29 3808853 0 0
29 149382 0 0
29 1884162 0 0
29 3605073 0 0
29 2799065 0 0
29 3512711 0 0
29 2136101 0 0
29 2526476 0 0
29 1618807 0 0
29 3291463 0 0
29 3465901 0 0
29 2603112 0 0
29 3759871 0 0
29 3641142 2 0
29 3336634 0 0
29 3406302 0 0
29 2275200 0 0
29 3821618 0 0
29 3282974 0 0
29 3794633 0 0
29 3235783 2 1
29 2704186 0 0
29 2699785 0 0
29 2766631 0 0
29 3512966 0 0
29 3733038 0 0
29 2699780 0 0
29 3669580 0 0
29 3184158 0 0
29 3030801 0 0
29 3629244 2 0
29 3425032 2 0
29 3097588 0 0
29 3672768 0 0
29 2984358 0 0
29 1804298 0 0
29 3134932 0 0
29 3814084 0 0
29 3014791 0 0
29 3425034 2 0
29 2516432 0 0
29 3650976 0 0
29 3669581 0 0
29 3790023 0 0
29 3600619 0 0
29 3793530 0 0
29 2761170 0 0
29 3320288 0 0
29 3063930 0 0
29 3758326 0 1
29 2803875 0 0
29 3862113 0 0
29 2804726 0 0
29 3247765 2 0
29 2905913 0 0
29 3163221 0 0
29 3533892 0 0
29 2625340 0 0
29 2901793 0 0
29 3505772 0 0
29 3835803 0 0
29 2811867 0 0
29 3878773 0 0
29 3248882 0 0
29 3308112 0 0
29 3867873 0 0
29 3674286 0 0
29 2764674 0 0
29 2483331 0 0
29 1824723 0 0
29 3354498 0 0
29 3189224 0 0
29 3446114 0 0
29 3544906 0 0
29 3504208 0 0
29 3366225 0 0
29 2688487 0 0
29 3204492 0 0
29 3443091 0 0
29 3280388 0 0
29 3461738 0 0
29 3778811 0 0
29 3785335 0 0
29 2721938 0 0
29 3514494 0 0
29 3513166 0 0
29 3247783 0 0
29 3573459 0 0
29 3640929 0 0
29 2978293 1 0
29 3077748 0 0
29 3334655 0 0
29 3401691 0 0
29 1838905 0 0
29 2131489 0 0
29 2643104 0 0
29 3259313 1 0
29 3402995 0 0
29 2861903 0 0
29 3501191 0 0
29 2816295 0 0
29 3108471 0 0
29 2246263 0 0
29 3789928 0 0
29 3620077 0 0
29 3634249 0 0
29 3424782 0 0
29 2587689 0 0
29 3551661 0 0
29 3798622 0 0
29 2910290 2 0
29 3422117 0 0
29 3679981 0 0
29 3718535 0 0
29 3236445 0 0
29 3698001 0 0
29 3862396 0 0
29 2708991 0 0
29 2715046 0 0
29 3094683 2 0
29 3702368 0 0
29 2717460 0 0
29 3520703 0 0
29 1868749 0 0
29 3831248 0 0
29 2730610 0 0
29 3553653 0 0
29 2365776 0 0
29 3342224 0 0
29 3713014 0 0
29 3373131 0 0
29 3131286 0 0
29 2822792 0 0
29 2803809 0 0
29 3520736 0 0
29 3504252 0 0
29 2704332 0 0
29 3414792 0 0
29 2064657 0 0
29 3303098 0 0
29 3479229 0 0
29 3433010 0 0
29 3598739 0 0
29 3276918 0 0
29 3380902 0 0
29 3598977 0 0
29 2562382 0 0
29 1959361 0 0
29 3565879 0 0
29 1941844 0 0
29 2831027 0 0
29 2831011 0 0
29 3204440 0 0
29 1847827 0 0
29 3810323 0 0
29 2855663 0 0
29 2807148 0 0
29 2596115 0 0
29 2964908 0 0
29 2621390 0 0
29 3656678 0 0
29 3741989 0 0
29 3784671 0 0
29 3051304 0 0
29 2643383 0 0
29 3447433 0 0
29 3632492 1 1
29 3632491 0 0
29 2855433 0 0
29 2213399 0 0
29 2807151 0 0
29 3200074 0 0
29 3750202 0 0
29 3276904 0 0
29 3033903 0 0
29 3005218 2 0
29 3723082 0 0
29 3855660 2 0
29 2831247 1 1
29 3229958 0 0
29 3229957 0 0
29 3352006 0 0
29 2811896 0 0
29 1318494 0 0
29 2828460 2 1
29 3019346 0 0
29 3362035 0 0
29 3020335 2 1
29 3251532 0 2
29 2438359 0 0
29 3733610 0 0
29 2141478 0 0
29 2190401 0 0
29 3274658 0 0
29 2908459 0 0
29 3627562 0 0
29 3446637 0 0
29 3079651 0 0
29 3390735 0 0
29 2769393 0 0
29 3168130 0 0
29 3718233 0 0
29 2229184 0 0
29 3431122 0 0
29 2694765 0 0
29 1903360 0 0
29 3524447 0 0
29 3778772 0 0
29 3727184 2 0
29 3487198 2 1
29 3697219 0 0
29 2396619 0 0
29 2531105 0 0
29 3297520 0 0
29 3205620 0 0
29 2374627 0 0
29 2529231 0 0
29 3046989 0 0
29 2025398 0 0
29 3420469 0 0
29 3471614 0 0
29 2957614 0 0
29 2980873 0 0
29 2954374 0 0
29 2287295 0 0
29 2908435 0 1
29 3087000 0 0
29 3517709 0 0
29 2883089 0 0
29 3722998 0 0
29 2199204 0 0
29 3687402 0 0
29 2581624 0 0
29 3214312 0 0
29 2918298 0 0
29 3437950 0 0
29 2267455 0 0
29 3544059 0 0
29 2613968 0 0
29 2978315 0 0
29 3236166 0 0
29 3853281 0 0
29 2883087 0 0
29 3798585 2 0
29 3812531 0 0
29 3468438 0 0
29 2761419 0 0
29 2650979 0 0
29 3018455 0 0
29 3640983 0 0
29 2769367 0 0
29 3305440 0 0
29 3847673 2 0
29 3376481 0 0
29 3349492 1 0
29 3647378 0 0
29 2854715 0 0
29 2967006 0 0
29 3667835 0 0
29 3106905 0 0
29 3170894 0 0
29 2128283 0 0
29 3421129 0 0
29 2935871 0 0
29 3549564 0 0
29 3560592 0 0
29 2441963 0 0
29 3029348 0 0
29 3323099 0 0
29 3607937 0 0
29 2841463 0 0
29 3625592 0 0
29 3625593 2 1
29 2291312 0 0
29 2413082 0 0
29 2686942 0 0
29 3125654 0 0
29 3364632 0 0
29 2887896 0 0
29 2650997 0 0
29 3500067 0 0
29 2396214 0 0
29 3382700 0 0
29 3604873 0 0
29 3626898 0 0
29 2267487 0 0
29 2958503 0 0
29 2816250 0 0
29 2754082 0 0
29 3259070 0 0
29 3833480 0 0
29 3161952 0 0
29 1852903 1 0
29 2852797 0 0
29 3833481 0 0
29 2737781 2 0
29 2908875 2 0
29 2831897 2 0
29 2819768 0 0
29 3506847 0 0
29 2827140 0 0
29 3121064 0 0
29 2474644 0 0
29 3662168 0 0
29 3546275 0 0
29 3821277 0 0
29 2911467 0 0
29 2769330 2 1
29 2896342 0 0
29 3027189 0 0
29 3890476 0 0
29 2525922 0 0
29 3630912 0 0
29 3264881 2 0
29 3032776 0 0
29 2531129 0 0
29 3466457 0 0
29 2533304 0 0
29 3532237 0 0
29 2938277 0 0
29 3793526 0 0
29 3159251 0 0
29 3325004 0 0
29 3490505 0 0
29 1156909 2 0
29 2874764 0 0
29 3062801 0 0
29 3590129 0 0
29 3055045 0 0
29 3377381 0 0
29 3853903 0 0
29 2840734 2 0
29 2277429 0 0
29 2873666 0 0
29 2769317 0 0
29 2816880 2 0
29 2839984 0 0
29 3119800 0 0
29 2217135 0 0
29 2660335 0 0
29 3609961 0 0
29 3290953 0 0
29 2696755 0 0
29 3194035 0 0
29 2683449 0 0
29 2873458 0 0
29 2910727 0 0
29 3777252 0 0
29 3738938 0 0
29 3003862 0 0
29 2895204 0 0
29 3010157 0 0
29 3054173 0 0
29 2216059 0 0
29 3488899 0 0
29 3145298 0 0
29 3430418 0 0
29 3480934 0 0
29 3879099 0 0
29 3187728 0 0
29 2768681 0 0
29 3781994 0 0
29 2687814 2 0
29 1524774 0 0
29 3187735 0 0
29 2964559 0 0
29 2664952 0 0
29 2722005 0 0
29 3056368 0 0
29 3420443 0 0
29 3891392 0 0
29 3569565 0 0
29 3361786 0 0
29 2931688 0 0
29 2892155 0 0
29 3000772 0 0
29 2912921 0 0
29 3891393 2 0
29 2394408 0 0
29 3103482 0 0
29 2640782 0 0
29 2721573 0 0
29 3277335 0 0
29 3423703 0 0
29 3734755 2 2
29 3757613 0 0
29 194587 0 0
29 2486476 0 0
29 2361504 0 0
29 2546475 0 0
29 3712738 0 0
29 3840638 0 0
29 2862513 0 0
29 3170265 0 0
29 2131605 0 0
29 2825130 0 0
29 3558407 0 0
29 3726906 0 0
29 3614274 0 0
29 3757408 0 0
29 2840767 0 0
29 3847258 0 0
29 1839761 0 0
29 3564084 0 0
29 3466869 2 0
29 3569549 0 0
29 3826559 2 2
29 2592799 0 0
29 3103263 0 0
29 3533144 0 0
29 3019169 0 0
29 3370327 0 0
29 2603042 0 0
29 3090674 0 0
29 3591430 0 0
29 3616225 0 0
29 2883201 0 0
29 3757879 0 0
29 3824146 0 0
29 3200516 0 0
29 2764049 0 0
29 3692191 0 0
29 3891165 0 0
29 2734662 0 0
29 2895899 0 0
29 3442425 0 0
29 3819801 0 0
29 2277442 0 0
29 3505924 0 0
29 2486459 0 0
29 2661247 0 0
29 2164964 0 0
29 2718197 0 0
29 3677806 0 0
29 3257634 0 0
29 3232573 2 0
29 2288608 0 0
29 2526540 0 0
29 2674589 0 0
29 2699644 0 0
29 3413397 0 0
29 3888612 2 0
29 3323223 0 0
29 2874920 0 0
29 3459383 0 0
29 2778792 0 0
29 3012271 0 0
29 1289284 0 0
29 270616 0 0
29 3195175 0 0
29 3121722 0 0
29 2770817 0 0
29 2821396 0 0
29 2686344 0 0
29 3162274 0 0
29 2687677 0 0
29 3671968 0 0
29 3700478 0 0
29 3315623 0 0
29 3446097 2 1
29 3073889 0 0
29 3579947 0 0
29 3198230 0 0
29 3861110 0 0
29 3245433 0 0
29 3245436 0 0
29 2597761 0 0
29 3716625 0 0
29 2409695 0 0
29 3190987 0 0
29 2965918 0 0
29 2147356 0 0
29 3095243 0 0
29 3702411 0 0
29 3539048 0 0
29 3529232 0 0
29 3851780 0 0
29 3179729 0 0
29 2515418 0 0
29 3153995 0 0
29 3402005 0 0
29 3326989 0 0
29 2740176 0 0
29 3653097 0 0
29 3863521 0 0
29 2567294 0 0
29 2575506 0 0
29 3005773 1 0
29 3385618 2 0
29 2687896 0 0
29 3440561 0 0
29 3198414 0 0
29 3580512 0 0
29 3642122 0 0
29 3159292 0 0
29 2764590 0 0
29 3407507 0 0
29 3564025 2 0
29 3083435 0 0
29 1852688 0 0
29 2790127 2 1
29 3185589 0 0
29 3371471 0 0
29 2813562 0 0
29 3198409 0 0
29 3598686 2 1
29 2817938 0 0
29 2988842 0 0
29 3326928 0 0
29 3382374 0 0
29 3779386 0 0
29 2136221 0 0
29 3875513 0 0
29 2813575 0 0
29 2811397 0 0
29 2941754 0 0
29 3469389 0 0
29 3817684 0 0
29 2626572 0 0
29 2880341 0 0
29 3446057 0 0
29 3579742 0 0
29 2881433 0 0
29 3600988 0 0
29 2132099 0 0
29 2825772 0 0
29 2916109 0 0
29 2584649 0 0
29 394336 0 0
29 3734005 2 0
29 3629366 0 0
29 2813540 0 0
29 1887527 0 0
29 3728800 0 0
29 1860078 0 0
29 3257684 0 0
29 2740130 0 0
29 3025332 0 0
29 3046012 0 0
29 3130681 0 0
29 535933 0 0
29 212554 0 0
29 373454 0 0
29 3633297 0 0
29 3322777 0 0
29 3651284 0 0
29 1892774 0 0
29 2783065 0 0
29 3273725 0 0
29 2907402 0 0
29 3192748 0 0
29 3132694 2 0
29 3216365 0 0
29 2944155 0 0
29 2212366 0 0
29 2646726 2 0
29 3505421 0 0
29 2727350 0 0
29 1855345 0 0
29 2800866 0 0
29 3648534 0 0
29 1866232 0 0
29 2147504 0 0
29 3852258 0 0
29 3446494 0 0
29 2625438 0 0
29 3323407 0 0
29 2691506 0 0
29 1915644 0 0
29 2128191 0 0
29 3722906 0 0
29 3295726 0 0
29 3624793 0 0
29 3485827 0 0
29 3632172 0 0
29 3747199 0 0
29 2199168 0 0
29 3532807 0 0
29 3548378 0 0
29 3309573 0 0
29 3548373 0 0
29 3532804 0 0
29 3266188 0 0
29 3395012 0 0
29 1791056 0 0
29 2782181 0 0
29 3819682 2 1
29 3664384 0 0
29 3819680 2 0
29 2688588 0 0
29 3819683 0 0
29 3793291 0 0
29 3832880 1 0
29 2693989 0 0
29 3714460 0 0
29 3458417 0 0
29 2567963 0 0
29 3458416 0 0
29 529434 0 0
29 3249653 0 0
29 3580901 2 0
29 2259249 0 0
29 3614733 0 0
29 3284666 2 0
29 3833317 0 0
29 2952802 0 0
29 3101739 0 0
29 3495853 0 0
29 3218733 0 0
29 2784584 0 0
29 3459510 0 0
29 2292482 0 0
29 3353234 2 0
29 2877789 1 0
29 3054967 0 0
29 3206512 0 0
29 3223037 0 0
29 2744917 0 0
29 3595104 0 0
29 3728877 0 0
29 3331465 0 0
29 3853387 0 0
29 2693969 0 0
29 3809217 2 1
29 2627812 0 0
29 3179758 0 0
29 2527496 0 0
29 3218963 0 0
29 2782156 0 0
29 3102615 2 0
29 3583166 0 0
29 3192723 0 0
29 3188472 0 0
29 3695909 0 0
29 3163180 2 1
29 3144442 0 0
29 3771484 0 0
29 3588607 0 0
29 3776931 0 0
29 2262883 0 0
29 3625612 0 0
29 3646537 0 0
29 3435332 0 0
29 3752500 0 0
29 2133333 0 0
29 3356967 0 0
29 2803913 0 0
29 2698189 0 0
29 529420 0 0
29 2891616 0 0
29 3514192 0 0
29 3793491 0 0
29 3764954 0 0
30 2775722 0 0
30 3426904 0 0
30 3652411 0 0
30 3629865 0 0
30 2361656 0 0
30 3825966 0 0
30 2907000 0 0
30 2907003 1 0
30 3499282 0 0
30 3879108 0 0
30 2585072 0 0
30 2726542 0 0
30 3361053 0 0
30 2636765 0 0
30 3809224 0 0
30 1253520 1 0
30 2813098 0 0
30 3033524 0 0
30 3229733 0 0
30 3046627 0 0
30 3491781 0 0
30 3200281 0 0
30 3066672 0 0
30 3784070 0 0
30 3628518 0 0
30 3163812 0 0
30 3786497 0 0
30 3503657 0 0
30 2860095 0 0
30 3443272 0 0
30 3800673 0 0
30 3878282 0 0
30 3249342 0 0
30 3732676 0 0
30 3293029 1 0
30 2682409 1 0
30 2682408 2 0
30 3242955 0 0
30 3443277 0 0
30 2989144 0 0
30 3101344 1 0
30 3101343 0 0
30 1483836 0 0
30 3499243 0 0
30 3715036 0 0
30 2841114 0 0
30 2991229 2 0
30 3193641 0 0
30 3189145 0 0
30 1698144 0 0
30 2705819 0 0
30 2556314 2 0
30 2758341 0 0
30 2769472 1 0
30 1182695 0 0
30 3195807 0 0
30 2637899 2 0
30 3477682 0 0
30 3804813 0 0
30 2947735 1 0
30 2796233 1 0
30 2989122 1 0
30 3169790 0 0
30 3253410 0 0
30 2989127 0 0
30 2887535 0 0
30 3730206 0 0
30 2978228 0 0
30 3844265 0 0
30 3649652 0 0
30 2268693 0 0
30 3162922 0 0
30 3649656 0 0
30 3471925 0 0
30 2262905 0 0
30 3664463 0 0
30 2690063 1 0
30 3539878 0 0
30 2566560 0 0
30 3866271 0 0
30 3663371 0 0
30 3318882 0 0
30 3200234 0 0
30 3687910 0 0
30 2245957 0 0
30 1079861 1 0
30 3623923 0 0
30 2895342 0 0
30 3623920 1 0
30 2894015 1 0
30 2895343 1 0
30 2796026 0 0
30 3522318 0 0
30 2989507 1 0
30 3834034 0 0
30 3499211 0 0
30 3080591 0 0
30 3513844 0 0
30 3687906 1 0
30 3526905 0 0
30 3712419 0 0
30 3019075 0 0
30 3214849 0 0
30 2374901 0 0
30 2583994 0 0
30 3640484 0 0
30 3415156 0 0
30 3792536 0 0
30 3535408 0 0
30 3848663 0 0
30 2931787 0 0
30 2933724 0 0
30 2628026 0 0
30 1636036 2 0
30 2876842 1 0
30 3557630 0 0
30 2636141 0 0
30 2759629 1 0
30 3089146 0 0
30 2746312 0 0
30 3127762 0 0
30 2840830 0 0
30 3016827 0 0
30 3883234 0 0
30 2911940 0 0
30 3708107 0 0
30 3127760 0 0
30 2941578 0 0
30 3783813 0 0
30 3560805 0 0
30 3518090 0 0
30 3776267 0 0
30 3776268 0 0
30 3080320 0 0
30 3324477 0 0
30 2788446 0 0
30 2978400 0 0
30 3632846 1 0
30 2788449 0 0
30 3783806 1 1
30 3783805 0 0
30 2759609 1 0
30 3152527 0 0
30 3805981 0 0
30 3072922 0 0
30 3847141 0 0
30 3734632 0 0
30 3348693 0 0
30 3818812 2 2
30 3818811 0 0
30 3518094 0 0
30 3072931 0 0
30 3312247 0 0
30 3221659 0 0
30 3464775 1 0
30 3578374 0 0
30 3582874 1 0
30 3685553 0 0
30 3660492 0 0
30 2172233 0 0
30 2151774 0 0
30 2666829 2 0
30 2996058 0 0
30 2779416 1 0
30 3044479 0 0
30 2923723 0 0
30 2989511 0 0
30 3285057 1 0
30 2919461 0 0
30 3569893 0 0
30 3593502 0 0
30 3263275 0 0
30 3148481 0 0
30 2817873 0 0
30 2817879 0 0
30 2766694 2 0
30 3644227 0 0
30 2442181 0 0
30 3543890 0 0
30 3521621 0 0
30 2409352 2 0
30 3840569 0 0
30 3876514 0 0
30 1820760 0 0
30 2330237 0 0
30 3876516 0 0
30 3504055 0 0
30 3508897 0 0
30 3750868 0 0
30 3533833 0 0
30 1820756 0 0
30 3745271 0 0
30 2856381 0 0
30 2823213 0 0
30 3681405 0 0
30 2850849 0 0
30 2691805 0 0
30 2697592 0 0
30 3038560 0 0
30 3177419 0 0
30 3470086 0 0
30 2556052 2 0
30 3382465 0 0
30 3437020 0 0
30 3483123 0 0
30 2631524 0 0
30 2564908 2 0
30 2984314 0 0
30 3542306 0 0
30 3517370 0 0
30 2918613 0 0
30 2813637 0 0
30 3633541 0 0
30 2697336 1 0
30 2254701 0 0
30 3543888 0 0
30 3543886 0 0
30 2702819 0 0
30 3543889 1 0
30 3151209 1 0
30 3642008 0 0
30 1790707 1 0
30 3793566 0 0
30 3872593 0 0
30 3144753 0 0
30 3060433 0 0
30 3085974 0 0
30 324409 0 0
30 3796834 0 0
30 3733018 0 0
30 3492059 2 0
30 2801469 0 0
30 3817578 0 0
30 2628643 0 0
30 3134951 0 0
30 2966709 0 0
30 3872594 0 0
30 2321721 2 0
30 3445078 0 0
30 2775116 0 0
30 3828489 1 0
30 2859852 0 0
30 3621797 0 0
30 3621796 0 0
30 3793558 0 0
30 3044173 0 0
30 64646 2 0
30 2847208 2 0
30 2321724 1 0
30 2740270 0 0
30 2784065 0 0
30 3519587 0 0
30 3318181 0 0
30 2740036 0 0
30 3518010 0 0
30 3249926 0 0
30 2739494 0 0
30 3804288 0 0
30 3445087 0 0
30 3109769 0 0
30 3445080 0 0
30 3854508 1 0
30 2976727 0 0
30 3667168 0 0
30 3481389 1 0
30 3235316 1 0
30 3470032 0 0
30 3041921 0 0
30 3325739 0 0
30 3658223 0 0
30 2705286 0 0
30 2803872 0 0
30 3221150 0 0
30 2504681 0 0
30 3235317 0 0
30 3608327 0 0
30 3524703 0 0
30 2823235 0 0
30 3027623 0 0
30 2629702 0 0
30 3883271 0 0
30 3649087 0 0
30 3575254 0 0
30 3778807 0 0
30 3425657 0 0
30 3738355 0 0
30 3774449 0 0
30 3051128 0 0
30 3109784 0 0
30 3678402 0 0
30 3021937 0 0
30 2858720 0 0
30 2729895 0 0
30 3385320 2 0
30 3809984 0 0
30 2561013 0 0
30 1950517 0 0
30 2739457 1 0
30 3274702 0 0
30 3376611 0 0
30 3789939 0 0
30 2841265 0 0
30 3649502 0 0
30 2877227 0 0
30 3679722 0 0
30 3189692 0 0
30 2575205 2 0
30 3664480 0 0
30 3367303 0 0
30 3322435 0 0
30 3562541 0 0
30 3551659 0 0
30 2527576 0 0
30 3218888 0 0
30 2989161 0 0
30 3032625 0 0
30 2739488 1 0
30 3032862 0 0
30 3570178 0 0
30 2446393 0 0
30 3121661 2 0
30 2474607 0 0
30 2630042 0 0
30 2739477 2 0
30 3482440 0 0
30 3678412 0 0
30 2739475 2 0
30 2808013 0 0
30 3483739 0 0
30 3654473 0 0
30 3553418 2 0
30 3654472 0 0
30 3492212 0 0
30 3131283 0 0
30 3620055 0 0
30 3654475 0 0
30 2479022 2 0
30 3611109 0 0
30 3508849 1 0
30 3615943 0 0
30 3427628 0 0
30 3632271 0 0
30 3504258 0 0
30 1402320 0 0
30 3082294 0 0
30 3524089 0 0
30 3587892 1 0
30 2949754 0 0
30 3521814 0 0
30 2771151 2 0
30 503391 0 0
30 3504027 0 0
30 3362293 0 0
30 3245196 0 0
30 3504261 0 0
30 2762432 0 0
30 2553428 1 0
30 2553427 0 0
30 3132356 0 0
30 2925339 0 0
30 2553426 0 0
30 3445246 0 0
30 2831017 1 2
30 3281253 0 0
30 3058185 2 0
30 3533818 0 0
30 2905518 0 0
30 2229721 0 0
30 3752865 0 0
30 3459897 0 0
30 2758175 1 0
30 3396264 0 0
30 3205527 0 0
30 3800514 0 0
30 2699391 0 0
30 2758178 0 0
30 3728778 0 0
30 3800518 0 0
30 2994812 2 0
30 3688720 0 0
30 2966586 2 0
30 2505280 0 0
30 3224395 0 0
30 3615341 0 0
30 3548664 1 0
30 2505286 1 0
30 2363949 0 0
30 3378866 0 0
30 3575807 0 0
30 3825604 0 0
30 2739503 0 0
30 3019340 0 0
30 3835643 0 0
30 2824094 0 0
30 3708414 0 0
30 2759596 0 0
30 2703565 0 0
30 2569939 0 0
30 3718239 1 0
30 3671280 0 0
30 2657326 0 0
30 2980886 0 0
30 3785059 0 0
30 2890620 0 0
30 3871750 0 0
30 2848053 0 0
30 1602198 0 0
30 3181574 0 0
30 3654969 0 0
30 3879238 0 0
30 3150815 0 0
30 3150810 0 0
30 3251794 0 0
30 3785041 0 0
30 2657355 0 0
30 2735164 0 0
30 3503776 0 0
30 3093740 2 0
30 3263508 0 0
30 2746275 2 0
30 3047826 0 0
30 3797259 0 0
30 2373786 0 0
30 3275974 0 0
30 2895295 0 0
30 2684704 2 0
30 2678276 0 0
30 3352200 0 0
30 3785034 0 0
30 2885263 0 0
30 2908666 1 0
30 3614453 0 0
30 3400672 0 0
30 3649316 0 0
30 3822132 0 0
30 2844746 0 0
30 3033857 0 0
30 3785029 0 0
30 2684998 0 0
30 3111037 0 0
30 3435941 0 0
30 3435940 0 0
30 3679814 0 0
30 3513595 0 0
30 3236175 0 0
30 3326131 0 0
30 3274698 0 0
30 3435945 0 0
30 2797437 2 2
30 3435948 0 0
30 3542927 0 0
30 3591011 0 0
30 3087222 1 0
30 3170897 0 0
30 3087229 0 0
30 2700491 0 0
30 317326 0 0
30 2816288 0 0
30 3506838 0 0
30 3535132 1 0
30 3505509 0 0
30 2780379 0 0
30 2246109 0 0
30 2365954 0 0
30 3004077 1 0
30 3087697 0 0
30 3237040 0 0
30 3237041 0 0
30 2841452 0 0
30 3204969 0 0
30 3728482 0 0
30 3835421 0 0
30 3833481 0 0
30 2925850 0 0
30 3408373 0 0
30 3489547 0 0
30 2531121 0 0
30 3610089 0 0
30 3021654 0 0
30 2872154 0 0
30 2767159 1 0
30 2933478 0 0
30 2814081 0 0
30 2225400 0 0
30 3432465 0 0
30 3470946 1 1
30 2770321 0 0
30 2071437 0 0
30 3707334 0 0
30 2917578 1 0
30 3198612 1 0
30 3555597 0 0
30 3745684 0 0
30 2915394 0 0
30 2990616 0 0
30 3609743 0 0
30 2265682 1 0
30 3735874 1 0
30 2981902 0 0
30 3758991 0 0
30 3274014 0 0
30 3198608 1 0
30 2966748 0 0
30 3440498 0 0
30 2966747 0 0
30 1914083 1 0
30 2268963 0 0
30 3860673 0 0
30 3162675 1 0
30 3377149 0 0
30 2787207 1 0
30 3162679 0 0
30 3194033 0 0
30 3532496 0 0
30 3556427 0 0
30 2724434 0 0
30 3556425 0 0
30 3686726 0 0
30 3115650 1 0
30 3860665 2 0
30 3586074 0 0
30 3162686 0 0
30 3162207 0 0
30 2852753 0 0
30 3163772 0 0
30 2570565 0 0
30 3555570 0 0
30 3743032 0 0
30 3150645 1 0
30 3745693 0 0
30 3860658 0 0
30 3311090 0 0
30 2904904 0 0
30 2932742 0 0
30 2738829 0 0
30 2628134 1 0
30 3873319 0 0
30 2823151 2 0
30 3671467 0 0
30 2078549 0 0
30 2755147 0 0
30 3435937 1 0
30 2275225 0 0
30 3522209 0 0
30 3579531 0 0
30 1187859 0 0
30 3044106 1 0
30 2235831 1 0
30 2503981 0 0
30 3212523 0 0
30 3881344 0 0
30 2836282 0 0
30 2767342 0 0
30 2954798 0 0
30 3384938 0 0
30 3891157 0 0
30 3507080 0 0
30 2663417 0 0
30 2254597 0 0
30 3335497 0 0
30 2628121 0 0
30 3229010 0 0
30 3090656 2 0
30 3023898 0 0
30 3104563 2 0
30 3868144 0 0
30 3639341 0 0
30 3868147 0 0
30 2758875 0 0
30 2647176 0 0
30 2708139 0 0
30 3488643 0 0
30 2639562 2 0
30 2427046 1 0
30 2581654 0 0
30 3081751 0 0
30 2361515 0 0
30 2943441 0 0
30 3042174 0 0
30 2503994 0 0
30 2837340 0 0
30 3327632 0 0
30 2363948 0 0
30 2908229 0 0
30 3142823 0 0
30 2823199 0 0
30 3522489 0 0
30 3891163 0 0
30 2700438 0 0
30 3796513 0 0
30 2684151 0 0
30 2840906 0 0
30 3270607 0 0
30 3270608 0 0
30 3173397 0 0
30 280653 0 0
30 2904537 0 0
30 2661039 0 0
30 3010097 0 0
30 2989904 0 0
30 3634548 0 0
30 3806511 0 0
30 3847061 0 0
30 3806512 1 0
30 3657672 0 0
30 3143970 0 0
30 2686340 0 0
30 3508532 1 0
30 2740197 1 0
30 3224966 0 0
30 2965708 2 0
30 2546394 2 0
30 3632355 2 0
30 3872045 0 0
30 2895879 0 0
30 2987958 2 0
30 2964612 0 0
30 3051891 0 0
30 1705542 1 0
30 3883187 0 0
30 2740164 0 0
30 3143969 2 0
30 3071230 0 0
30 3071472 0 0
30 3665062 0 0
30 3197138 0 0
30 3372308 0 0
30 2762182 1 0
30 2762183 2 0
30 3048239 0 0
30 3677288 0 0
30 3793457 0 0
30 3143956 0 0
30 2740172 0 0
30 3867956 0 0
30 3369671 0 0
30 2121153 0 0
30 3495202 0 0
30 3494112 1 0
30 3539065 0 0
30 3872236 0 0
30 3874895 0 0
30 3445197 0 0
30 3508577 0 0
30 2804620 0 0
30 3257427 0 0
30 3644777 0 0
30 3713301 0 0
30 3544670 0 0
30 3568861 0 0
30 3587377 0 0
30 2826637 0 0
30 3875518 0 0
30 3872243 0 0
30 3796931 0 0
30 3367466 0 0
30 3256123 0 0
30 1865539 0 0
30 3017701 0 0
30 2710502 0 0
30 3361920 0 0
30 2656982 1 0
30 3685709 0 0
30 3712225 0 0
30 2930659 0 0
30 3590503 0 0
30 3225620 1 0
30 3628270 0 0
30 3876612 0 0
30 3855945 0 0
30 3235430 0 0
30 3750721 0 0
30 2766746 0 0
30 3004642 0 0
30 3784942 0 0
30 3445142 0 0
30 3066735 0 0
30 2778714 0 0
30 2842247 0 0
30 2866459 0 0
30 2740347 1 0
30 2202311 0 0
30 3271300 0 0
30 3892727 0 0
30 2893602 0 0
30 3800822 0 0
30 3505899 0 0
30 3402668 0 0
30 2994642 0 0
30 3445150 0 0
30 2729772 0 0
30 3438862 0 0
30 3628944 2 0
30 3648775 1 0
30 2707762 1 0
30 3648774 0 0
30 2944142 0 0
30 3397657 0 0
30 3402660 0 0
30 3830240 0 0
30 3614304 0 0
30 3876492 0 0
30 3876493 0 0
30 2064567 0 0
30 1821318 1 0
30 3438873 1 0
30 3438874 0 0
30 3102812 0 0
30 3438875 0 0
30 3332326 1 0
30 1208908 0 0
30 3182973 0 0
30 3336923 0 0
30 2259426 0 0
30 2721603 0 0
30 3282889 0 0
30 3277063 0 0
30 3445168 0 0
30 3332322 0 0
30 3040353 0 0
30 3425501 0 0
30 2628936 1 0
30 3353490 0 0
30 3590704 0 0
30 2505210 0 0
30 2505212 0 0
30 2505211 0 0
30 3481473 0 0
30 3228707 0 0
30 3514398 0 0
30 3398767 0 0
30 1459116 0 0
30 2688588 0 0
30 3445178 0 0
30 3531989 0 0
30 3750556 0 0
30 2803929 1 0
30 3654115 0 0
30 3800625 0 0
30 3445101 0 0
30 3284668 0 0
30 3688356 0 0
30 3120277 0 0
30 3145555 0 0
30 3308662 0 0
30 2906500 0 0
30 2845787 1 0
30 3308668 0 0
30 3542899 0 0
30 3688351 0 0
30 3853387 0 0
30 3389854 0 0
30 2584001 0 0
30 2726493 0 0
30 3248583 0 0
30 3750574 0 0
30 2938532 2 2
30 3389858 0 0
30 2131167 0 0
30 2637828 1 0
30 2762552 1 0
30 2397020 0 0
30 3599958 0 0
30 3621240 0 0
30 3170935 0 0
30 2361073 0 0
30 2903463 0 0
30 2694823 2 0
30 3121585 0 0
30 2822426 0 0
30 2822425 0 0
30 3160903 0 0
30 3600332 0 0
30 2228755 0 0
30 2856404 0 0
30 3786969 0 0
30 2904541 0 0
30 3445134 2 0
