1 2448042 0 1
1 3259378 0 1
1 3490471 0 0
1 3249330 0 1
1 3700815 0 0
1 2844821 0 1
1 2899781 0 0
1 1035890 0 0
1 3252504 0 0
1 3350175 0 1
1 3698654 0 1
1 3730461 0 0
1 3075173 0 1
1 1526441 0 0
1 3848848 0 0
1 3833340 0 0
1 2945520 0 0
1 3150702 0 2
1 3833587 0 0
1 3437809 0 0
1 3596862 0 0
1 3444340 0 1
1 3150700 0 1
1 3492660 0 1
1 3809224 2 1
1 3869794 0 0
1 1208953 0 0
1 2222670 0 0
1 420258 0 1
1 2714572 0 1
1 2335113 0 1
1 2384760 0 1
1 1413531 0 0
1 3205748 2 1
1 2794498 0 1
1 3174928 0 1
1 3562608 0 0
1 3401823 0 1
1 1112595 0 0
1 3490454 2 1
1 3641739 0 0
1 2991647 0 1
1 2657236 0 0
1 2935984 0 1
1 3114601 0 0
1 2955588 0 0
1 3406271 2 1
1 2442763 0 0
1 2760694 0 0
1 3696212 0 0
1 3350152 0 1
1 3214680 0 1
1 3445208 0 0
1 2385640 0 0
1 3536576 0 1
1 2886244 0 1
1 3406278 0 0
1 1253515 0 1
1 3406277 2 1
1 3113998 0 0
1 2464759 0 1
1 3025919 0 0
1 3030042 0 1
1 3406274 2 1
1 3641964 0 0
1 1950216 0 0
1 3318207 0 1
1 1413557 0 1
1 2128340 0 0
1 1065094 0 0
1 3021334 0 0
1 3023754 0 1
1 3420577 0 1
1 3638553 0 0
1 2633274 0 0
1 2738308 0 0
1 2829407 0 1
1 3249340 0 1
1 2806544 0 1
1 3785150 0 0
1 3043584 0 0
1 3214678 0 1
1 3492401 0 1
1 3457672 0 0
1 3649685 0 1
1 3845547 0 1
1 3272347 0 0
1 3331403 0 0
1 3376110 0 0
1 1574302 0 0
1 3785158 0 0
1 1413554 0 0
1 2885384 0 0
1 2888895 0 0
1 2668594 2 1
1 3259381 2 0
1 3557000 0 1
1 2827053 0 0
1 3638545 0 1
1 2794284 0 1
1 3215995 0 0
1 3696271 0 1
1 2788602 0 1
1 3672069 0 1
1 3729670 0 0
1 2577653 0 0
1 3189145 0 0
1 3572695 0 1
1 1082445 0 1
1 2794287 0 0
1 2232040 0 1
1 1994002 0 1
1 2945326 0 1
1 3090376 0 0
1 3350135 0 1
1 2726500 0 0
1 3361254 0 0
1 2587466 0 0
1 2771796 0 1
1 2958892 0 1
1 3585751 0 0
1 1570135 0 0
1 3453494 0 0
1 3479868 0 0
1 2769473 0 0
1 3127748 0 0
1 2821753 0 1
1 2657246 0 1
1 3304222 0 0
1 270093 0 0
1 3433655 2 1
1 3547027 0 0
1 3822029 0 1
1 3500179 0 0
1 3764695 2 1
1 3759076 0 1
1 545198 0 0
1 3390428 0 1
1 3745910 0 1
1 3572682 0 1
1 545197 0 0
1 3064453 0 1
1 3124686 0 0
1 3064452 0 0
1 1891107 0 0
1 3170783 0 1
1 3634162 0 0
1 1513152 0 1
1 2448026 0 0
1 3730207 2 1
1 3286775 0 1
1 3341639 0 1
1 3487241 0 1
1 3641938 0 1
1 3514348 0 1
1 2769463 0 1
1 3459800 0 1
1 3361489 0 1
1 3054411 0 1
1 3054895 0 2
1 1034982 0 0
1 2660446 0 1
1 2660448 0 1
1 2944252 0 0
1 3167136 0 0
1 3855151 0 1
1 3837720 0 0
1 1033658 0 0
1 3444313 0 0
1 2726538 0 1
1 3390214 0 0
1 2810603 0 1
1 3148886 0 1
1 3342739 0 1
1 3342738 0 0
1 3481704 0 1
1 3178279 0 0
1 2950921 0 1
1 3518713 0 1
1 3452187 0 0
1 2542373 0 1
1 3051159 0 1
1 3518712 0 1
1 3601021 0 0
1 3603681 0 1
1 2416450 0 1
1 3649642 0 1
1 3826603 0 0
1 2758336 0 0
1 2050631 0 0
1 3767941 0 1
1 2039853 0 0
1 2832616 2 1
1 3264527 0 1
1 3587909 0 0
1 3692905 0 0
1 3741331 0 1
1 3148881 0 0
1 3463068 0 0
1 3655517 0 1
1 2797112 0 0
1 3701502 1 1
1 3214869 0 1
1 2245957 0 0
1 2570419 0 0
1 3044022 0 1
1 2633086 0 0
1 3078282 2 1
1 3014857 0 1
1 2918543 0 0
1 3193044 0 1
1 3173670 0 1
1 3730063 0 1
1 2014769 0 1
1 2137240 0 1
1 3410720 0 0
1 3079137 0 1
1 3524738 0 1
1 2671108 0 0
1 3793871 0 0
1 2657286 0 0
1 2547889 0 0
1 3044014 0 0
1 2671102 0 1
1 3474137 0 0
1 3079129 0 1
1 3200217 0 1
1 2713886 0 0
1 3011119 0 0
1 2928351 0 1
1 1471802 0 1
1 2014751 0 0
1 3266527 0 0
1 3353835 0 0
1 3668164 0 1
1 3851840 0 0
1 2553061 2 1
1 2700584 0 0
1 2125482 0 1
1 3336243 0 1
1 2366049 0 0
1 2862675 0 1
1 3557637 0 1
1 2903703 0 1
1 3415156 0 0
1 2826300 0 1
1 3792535 0 0
1 2329734 0 1
1 3452136 0 0
1 3694463 0 1
1 2672467 2 1
1 2769421 0 1
1 3476345 0 0
1 3166923 0 0
1 3731174 0 1
1 3328892 0 1
1 3377034 0 1
1 3138412 0 1
1 1173116 0 0
1 3856285 2 1
1 1626475 0 0
1 3746435 0 1
1 2929215 0 0
1 1325039 0 1
1 2797384 0 1
1 1459915 0 1
1 3124253 0 1
1 2700591 0 1
1 3014884 0 0
1 3404028 0 0
1 3750926 0 1
1 2174449 0 0
1 3080575 0 1
1 3278969 0 0
1 3078258 2 1
1 3518078 0 0
1 1469946 0 0
1 3780548 0 1
1 1065010 0 0
1 3696868 0 0
1 1513523 0 0
1 2911709 0 1
1 2536545 0 0
1 3339730 0 0
1 3497224 0 1
1 3694008 0 0
1 2531092 0 1
1 3495044 0 0
1 1185558 0 0
1 3495043 0 1
1 3363604 0 1
1 3025941 0 0
1 3104454 0 1
1 3286155 0 1
1 3391591 0 0
1 1373626 0 1
1 3771811 0 1
1 3770720 0 1
1 2879296 0 1
1 3080321 0 1
1 2957713 0 0
1 3011308 0 1
1 3485486 0 0
1 3602188 0 1
1 2672240 2 1
1 149403 0 1
1 3180178 0 0
1 3626394 0 1
1 3488993 0 1
1 2128336 0 0
1 3701778 0 0
1 3743330 0 0
1 3152527 0 1
1 3430116 0 1
1 2672237 2 1
1 3734632 0 1
1 2869014 0 0
1 3465868 1 1
1 2267791 1 1
1 3329702 0 0
1 3263298 0 0
1 2944860 0 0
1 2366074 0 0
1 2011200 0 1
1 2128568 0 0
1 3825581 0 0
1 2576186 0 0
1 3163609 0 1
1 3369124 0 0
1 2801043 0 1
1 3113158 0 0
1 3035779 0 0
1 1036765 0 0
1 3345151 0 1
1 3522376 0 0
1 3858025 0 1
1 2731044 0 1
1 3501674 0 0
1 509289 0 0
1 2684210 0 0
1 2533016 0 0
1 1550946 0 1
1 194431 0 0
1 2034557 0 0
1 2440371 0 1
1 3437195 0 0
1 2699957 0 0
1 3438046 0 0
1 3520181 0 1
1 3835393 0 1
1 3078211 0 1
1 2034563 0 0
1 2276474 0 0
1 2989515 0 1
1 3483059 0 0
1 3870123 0 0
1 3525639 0 1
1 3279540 0 1
1 3506467 0 1
1 3507551 0 1
1 3015423 0 0
1 3057063 0 0
1 3658872 0 1
1 3889828 0 0
1 3016755 0 0
1 1316875 0 1
1 2651103 0 1
1 2975852 0 0
1 3324678 0 1
1 2771803 0 0
1 3475996 0 1
1 3174121 0 1
1 2672280 0 1
1 3048580 0 0
1 2988939 0 0
1 3096430 0 1
1 2605324 0 0
1 2923171 0 1
1 3096433 0 1
1 3664074 0 0
1 3877606 2 0
1 3568719 0 0
1 1586195 0 0
1 3544747 0 1
1 3538055 0 0
1 3337512 0 1
1 3390076 0 1
1 2377328 0 0
1 3345146 0 1
1 3384631 0 1
1 2740076 0 0
1 1166571 0 0
1 2526437 0 0
1 3395991 0 0
1 1082070 0 0
1 3725440 0 1
1 2386025 0 0
1 2940744 0 0
1 2882890 0 1
1 3817761 0 1
1 3195089 0 1
1 3506246 0 1
1 3015686 0 1
1 3853610 0 1
1 3862329 0 0
1 3691476 0 0
1 155634 2 1
1 3866926 0 1
1 3368234 0 0
1 3349957 0 0
1 3693650 0 0
1 3113191 0 0
1 3740616 0 0
1 2872643 0 0
1 3002374 0 1
1 3466823 0 1
1 2892696 0 1
1 3130771 0 0
1 3393121 0 1
1 3335556 0 1
1 3097542 0 1
1 2984316 0 0
1 3760668 1 1
1 3425231 0 1
1 3665183 0 1
1 3235997 0 1
1 2994106 0 1
1 3232486 0 1
1 2479219 0 2
1 2615347 0 0
1 3632210 0 1
1 1559601 2 1
1 1037001 0 0
1 3108626 0 0
1 3475522 0 0
1 2803837 0 0
1 3292970 0 0
1 2631532 0 0
1 3708062 0 1
1 3219562 0 0
1 3291884 0 1
1 3839799 0 1
1 3038794 0 1
1 3336896 0 0
1 2984131 0 1
1 3691259 0 1
1 3826290 0 0
1 2740261 0 1
1 2903528 0 0
1 3368213 0 0
1 2801462 0 0
1 2008559 0 0
1 3841691 0 1
1 3863475 0 0
1 184375 0 1
1 3660999 0 0
1 3636807 0 0
1 2892672 0 1
1 3335538 0 0
1 2740026 0 0
1 3372444 0 0
1 3098417 0 1
1 3667142 0 0
1 2983030 0 1
1 3366268 0 1
1 2799065 0 1
1 1180830 0 0
1 2629968 0 1
1 2801475 2 1
1 3322444 0 1
1 2740033 0 0
1 2582336 0 0
1 2740271 0 1
1 2801476 0 0
1 3322685 0 1
1 3841683 0 1
1 1877876 0 0
1 2903510 0 0
1 3487958 0 0
1 3487959 0 0
1 3556772 0 1
1 3822706 0 1
1 2794850 0 0
1 3816232 0 1
1 3205375 0 1
1 2837876 0 1
1 3658210 0 1
1 3829789 0 1
1 3531001 0 0
1 1327708 0 1
1 2711952 0 1
1 3451760 0 1
1 3004510 0 1
1 3022170 0 0
1 3500507 0 0
1 3629249 0 1
1 3215178 0 1
1 3545850 2 1
1 2815840 0 0
1 3598346 0 0
1 1544332 0 0
1 3097588 0 0
1 3224650 0 0
1 2846340 0 1
1 3628393 0 1
1 2490681 2 1
1 3425036 0 1
1 3658219 0 1
1 3299175 0 1
1 3872379 0 1
1 3483324 0 0
1 3555423 0 1
1 2755748 0 1
1 3175444 0 1
1 2615786 0 0
1 3849380 0 1
1 3016743 0 1
1 2647913 0 0
1 3473309 0 1
1 3658225 0 0
1 3320288 0 0
1 2868349 0 1
1 1702343 0 1
1 3267351 0 0
1 3082674 0 1
1 3524703 0 0
1 1036599 0 2
1 2822146 0 1
1 3322460 0 0
1 3483331 0 1
1 1139167 0 0
1 1342636 0 0
1 3619451 0 0
1 3886780 0 1
1 3233371 0 1
1 3129103 0 0
1 2984347 0 1
1 2938490 0 0
1 3141691 0 0
1 3278483 0 0
1 3875022 0 0
1 3095978 0 1
1 1780264 0 1
1 3016116 0 0
1 3484629 0 0
1 3560387 0 0
1 1097737 0 0
1 3718744 0 0
1 1824728 0 1
1 3289188 0 0
1 1543628 0 0
1 3152170 0 1
1 3800708 0 0
1 1044649 0 0
1 3760287 0 0
1 3566934 0 0
1 2448567 0 0
1 3816040 0 1
1 3853238 2 1
1 3017683 0 0
1 3572372 0 1
1 3303906 0 0
1 3544907 0 1
1 3728547 0 1
1 1082486 0 0
1 2613580 0 1
1 2933371 0 1
1 3284743 0 0
1 1323317 0 0
1 3181964 0 1
1 3717425 0 1
1 3649503 0 0
1 1201136 2 1
1 3517529 0 0
1 3431085 0 0
1 3646473 0 0
1 3646472 0 1
1 3053557 0 1
1 3679720 0 1
1 3341182 0 0
1 2613589 0 1
1 2739458 0 0
1 3372017 0 1
1 2270358 2 1
1 2729419 1 1
1 3740665 0 0
1 3785339 0 0
1 2575206 0 1
1 2721934 0 1
1 3224447 0 1
1 1323303 0 0
1 3094669 0 0
1 2990395 0 1
1 1617089 0 0
1 3259311 2 1
1 3424789 0 0
1 2131483 0 0
1 1939729 0 0
1 3551419 0 1
1 3697146 0 1
1 2385369 0 1
1 2902051 0 1
1 3398654 0 0
1 3213198 0 1
1 60652 0 1
1 1829155 0 1
1 2387304 0 1
1 3541613 0 1
1 3424780 0 2
1 1894829 0 1
1 3425864 0 0
1 3773105 0 0
1 2910293 0 0
1 2448334 0 1
1 2666450 0 1
1 2480047 0 0
1 2841247 0 1
1 3626869 0 0
1 3221192 0 1
1 3309452 0 1
1 1097744 0 1
1 2913565 0 0
1 3431067 0 1
1 3054620 0 0
1 3009618 0 0
1 3437434 0 0
1 2599899 1 1
1 3109313 0 0
1 2635975 0 0
1 3130126 0 0
1 3659912 0 0
1 3852359 0 0
1 3614649 0 0
1 3832762 0 0
1 3332212 0 0
1 3854125 0 1
1 1240772 0 1
1 2957391 0 0
1 3385591 0 1
1 3876311 0 0
1 3712160 0 0
1 3836935 0 1
1 2009807 0 0
1 2750224 0 1
1 3350092 0 1
1 3585487 0 0
1 1761145 0 0
1 3517558 0 0
1 3178760 0 0
1 3308313 0 0
1 1824760 0 1
1 3027454 0 0
1 3354459 0 1
1 3272799 0 1
1 3109347 0 1
1 3418924 0 1
1 3646683 0 1
1 2900090 0 0
1 3063538 0 0
1 3633377 0 1
1 1033958 0 0
1 3222059 0 1
1 3874377 2 1
1 2571038 0 0
1 2900098 0 0
1 3012194 0 1
1 3874378 2 1
1 3107160 0 1
1 3611104 0 1
1 3833661 0 1
1 3205784 0 1
1 3339066 0 1
1 239962 0 1
1 2889887 0 0
1 3250995 0 0
1 3841284 0 0
1 2801630 0 1
1 3356868 0 1
1 3433013 0 1
1 3623573 0 0
1 3679768 0 1
1 1037069 0 1
1 3214490 0 1
1 3476194 0 1
1 3884184 0 0
1 2050010 0 0
1 3132366 0 0
1 3262520 2 1
1 3451907 0 0
1 2889886 0 0
1 3451906 0 0
1 2879847 0 0
1 503394 0 0
1 3293000 0 0
1 3610268 0 0
1 2898111 0 1
1 1784684 0 0
1 2898112 0 1
1 3415873 0 1
1 3752876 0 1
1 1855694 0 1
1 2720838 0 0
1 3516242 0 0
1 3517578 0 1
1 3379934 0 0
1 3124730 0 1
1 2723097 0 1
1 2723098 0 0
1 3258019 2 1
1 2769292 0 1
1 3679783 0 0
1 3144328 0 1
1 2132125 0 0
1 3721909 0 1
1 2595498 0 0
1 2596106 0 0
1 3596579 0 0
1 1824731 0 1
1 3468117 0 0
1 3572147 0 0
1 2890888 0 1
1 2596107 0 0
1 3875015 0 0
1 3485910 0 0
1 3483730 0 1
1 1318493 0 0
1 2994810 0 0
1 3124303 0 0
1 3224392 2 1
1 3538615 0 0
1 3797049 0 0
1 2693660 0 1
1 3808262 0 1
1 3341573 0 0
1 3880210 1 0
1 1277865 0 1
1 2734055 0 1
1 3374026 2 1
1 3825604 0 0
1 1379641 0 0
1 3526875 0 1
1 3002912 0 1
1 3270293 0 1
1 3002915 0 0
1 3148990 0 0
1 3468421 0 0
1 2831875 0 0
1 3630986 0 0
1 2429898 1 1
1 2449241 0 0
1 3688953 0 0
1 3459714 0 0
1 3560790 0 1
1 3401739 0 0
1 3604226 0 0
1 3596758 0 1
1 3297526 0 1
1 3137850 0 1
1 3115843 0 0
1 2363724 0 0
1 3753210 0 0
1 2601772 0 0
1 2890860 0 1
1 3596759 0 0
1 3698306 0 1
1 3698307 0 0
1 3350289 0 1
1 400749 0 1
1 3719331 0 0
1 1562443 0 1
1 183865 0 1
1 3389777 0 1
1 3344823 0 0
1 3684144 0 0
1 3086162 0 0
1 3126708 0 0
1 3751069 0 1
1 3821221 0 1
1 3119170 0 0
1 3277903 1 0
1 3695277 0 1
1 3809373 0 1
1 3214567 0 0
1 3331514 0 0
1 3656911 0 1
1 3184632 0 1
1 3236151 0 1
1 3031010 0 1
1 1310515 0 1
1 2646693 1 1
1 3136516 0 1
1 1044223 0 0
1 2906497 0 0
1 3391847 0 1
1 1913172 0 1
1 3517709 0 0
1 1781429 0 0
1 3221908 0 0
1 3481628 0 1
1 2496697 0 0
1 3764353 0 1
1 3122596 0 1
1 3734739 0 1
1 3731228 0 0
1 3154169 0 0
1 3085068 0 0
1 3603122 0 0
1 2385755 0 1
1 2385997 0 1
1 3035604 0 1
1 2913845 0 1
1 2323485 0 1
1 3858970 0 1
1 3270285 0 1
1 1081442 0 1
1 3488028 0 1
1 3630950 0 0
1 3854134 0 0
1 3031240 0 1
1 3444002 2 1
1 1241467 0 0
1 2829594 0 1
1 3552963 0 0
1 2700483 0 0
1 2438319 2 1
1 3775699 0 0
1 3214547 0 1
1 2844981 0 0
1 1764014 0 0
1 3679814 0 1
1 3236176 0 0
1 3326370 2 1
1 3754990 0 0
1 2556675 0 0
1 2922325 2 0
1 3891316 0 0
1 2129146 0 0
1 3350017 0 1
1 3834111 0 1
1 3389326 0 0
1 3634051 0 1
1 3106905 0 1
1 3634052 0 0
1 3689605 0 1
1 1764009 0 0
1 2769357 0 1
1 1963453 0 1
1 3552977 0 0
1 1764004 0 1
1 2990006 0 1
1 2633177 0 0
1 2694324 0 1
1 3302166 0 0
1 1145137 0 1
1 1277832 0 0
1 3111043 0 0
1 3524489 0 0
1 2922332 0 1
1 1274327 0 0
1 2584072 0 0
1 2556664 0 1
1 3506834 0 1
1 3286418 0 1
1 2531110 0 0
1 3253770 0 1
1 2133624 0 0
1 3504423 0 0
1 434516 0 0
1 3249276 0 1
1 3549773 0 0
1 2246105 0 0
1 2827159 0 1
1 3716024 0 0
1 3626659 0 0
1 3848740 0 0
1 2635122 1 1
1 3549770 0 0
1 2958506 0 0
1 1592293 0 1
1 3820179 0 0
1 3744738 2 1
1 3095960 0 0
1 3836511 0 1
1 1298305 0 0
1 2291324 0 0
1 2683640 0 0
1 2762955 0 0
1 3634049 0 0
1 3833481 0 0
1 1277845 0 1
1 3487367 0 0
1 1852908 0 1
1 3564938 0 0
1 3467797 0 1
1 455683 0 0
1 3562516 0 0
1 1698479 0 1
1 3665675 0 0
1 3477102 0 0
1 3193535 0 0
1 3303031 0 1
1 3653690 0 0
1 3476012 0 1
1 3476015 0 0
1 2896582 0 1
1 3430051 0 0
1 2896587 0 0
1 2914738 0 0
1 3199072 2 1
1 2737775 1 1
1 2385553 0 1
1 2442836 0 0
1 3117807 0 1
1 3833498 0 1
1 3833497 0 0
1 3103445 0 0
1 2125381 0 0
1 3317869 0 1
1 2700440 0 1
1 2531170 0 0
1 3639158 0 1
1 3012798 0 1
1 3325009 0 1
1 2990857 0 1
1 3490750 0 1
1 3639153 0 0
1 3848568 0 0
1 2872582 0 0
1 3735877 0 1
1 2277439 0 0
1 2872101 0 0
1 2872585 0 1
1 1464150 0 1
1 2769329 0 0
1 3875701 0 1
1 3671219 0 0
1 1044089 0 0
1 2966986 0 1
1 3885517 0 0
1 3177926 0 1
1 3535731 0 0
1 130966 2 1
1 3239016 0 0
1 2491616 0 1
1 3304782 0 0
1 3474255 0 1
1 2895230 0 1
1 2990845 0 0
1 2449084 0 0
1 3519027 0 1
1 2589163 0 1
1 2872337 0 0
1 2767138 0 1
1 2767139 0 0
1 3183358 0 0
1 3409612 0 1
1 3097017 0 1
1 3611832 0 1
1 3518170 0 1
1 2646042 0 0
1 3874625 0 0
1 1257602 0 1
1 2702883 0 0
1 3177936 0 0
1 3216903 0 1
1 3420620 0 1
1 3512883 0 1
1 2503962 2 1
1 3125218 0 1
1 3420628 2 1
1 2329859 0 0
1 2687807 0 0
1 2899802 0 1
1 1852545 0 1
1 2385924 0 0
1 2630954 0 0
1 3265521 0 0
1 3435926 0 0
1 2854936 0 1
1 2684533 0 0
1 3555588 0 1
1 1044051 0 0
1 2841803 0 1
1 3176617 0 0
1 2901636 0 1
1 1797157 0 0
1 3405237 0 1
1 2546416 0 1
1 3420614 0 1
1 2671488 0 0
1 2990820 0 0
1 3384935 0 1
1 3568883 0 1
1 1464384 0 1
1 2628138 0 0
1 3099218 0 1
1 2570577 0 1
1 2799444 2 1
1 3813461 0 1
1 3229005 0 1
1 3717171 0 0
1 2840543 0 1
1 3379594 0 1
1 3683479 0 1
1 2710446 0 1
1 3643850 0 1
1 3734746 0 1
1 3279508 0 1
1 1036421 0 0
1 3098373 0 0
1 2791736 0 1
1 2377075 0 0
1 3487309 0 1
1 3301006 2 1
1 1420300 0 0
1 3671015 0 1
1 3503954 0 1
1 3466843 0 1
1 1382225 0 0
1 2010485 0 0
1 3392319 0 1
1 2939394 0 1
1 1151650 0 0
1 1088250 0 0
1 2859335 0 1
1 3047842 0 1
1 2958931 0 1
1 3884863 0 1
1 3734750 0 1
1 1036894 0 0
1 3464656 0 0
1 2911602 0 0
1 2831827 0 0
1 2840771 0 0
1 2758876 2 0
1 2778463 2 1
1 3502875 0 1
1 2072948 2 1
1 3557580 0 1
1 3704920 0 0
1 2830978 0 1
1 1326224 0 0
1 3061929 0 1
1 3230011 0 0
1 2315652 2 1
1 1779773 0 0
1 2825131 0 0
1 2859340 0 1
1 2780532 0 0
1 2745530 0 0
1 2780531 0 0
1 3384962 0 1
1 2825137 0 0
1 2917397 0 1
1 2639563 0 1
1 3884874 0 0
1 2449073 0 0
1 2828648 0 1
1 3047871 0 1
1 3159233 0 1
1 3485102 0 1
1 3345274 0 0
1 1568101 0 0
1 3052194 0 1
1 3467955 0 1
1 2661253 0 0
1 1326214 0 0
1 1456962 0 1
1 3683000 0 0
1 2900746 0 0
1 3315657 0 0
1 2478840 0 1
1 3383882 0 0
1 2788594 0 0
1 3792600 0 1
1 3694374 0 0
1 2771816 0 1
1 3157077 0 0
1 2522257 0 1
1 3548615 0 0
1 3708267 0 1
1 2606321 0 1
1 2933634 0 0
1 3201609 0 0
1 3267758 0 0
1 1973079 0 1
1 3851743 0 1
1 1044014 0 0
1 3700784 0 1
1 1236944 2 0
1 2799006 0 0
1 3359437 0 1
1 3485358 0 0
1 3772303 0 1
1 3529224 0 0
1 3687079 0 0
1 2515887 0 0
1 2780638 0 1
1 3511937 0 0
1 3855931 0 0
1 2678708 0 0
1 1257451 0 1
1 2094711 0 0
1 2479348 0 1
1 3505499 0 0
1 3573180 0 0
1 3104376 0 0
1 3579727 0 0
1 3713330 0 1
1 3258729 2 1
1 3621222 0 1
1 3474786 0 1
1 3714421 0 1
1 3772305 0 1
1 3542201 0 0
1 3864880 0 0
1 3459383 0 0
1 2426819 0 0
1 3241297 0 1
1 2776372 0 1
1 3141563 0 0
1 3132610 0 1
1 3612759 0 1
1 3687072 0 0
1 1289285 0 0
1 1693563 0 0
1 2838812 0 0
1 3425127 0 0
1 3769144 0 1
1 2447981 0 1
1 1559700 0 1
1 3381486 0 0
1 3833917 0 1
1 3863545 0 1
1 3114193 0 0
1 2672159 2 1
1 3804572 0 1
1 1291370 0 0
1 3486788 0 1
1 3444903 0 1
1 3580936 0 1
1 2776366 0 0
1 3128593 0 0
1 2900165 0 0
1 1156894 0 0
1 2040193 0 0
1 3207234 0 0
1 3712021 0 0
1 3145901 0 0
1 3108758 0 0
1 3475897 0 0
1 3116109 0 1
1 3168828 0 0
1 3500825 0 0
1 3412048 0 0
1 3442737 0 0
1 3485663 0 0
1 140012 0 1
1 3096571 0 0
1 3573168 0 1
1 3878841 0 1
1 2642787 0 0
1 3772772 0 0
1 2997976 0 1
1 2045657 0 1
1 3622306 0 1
1 2051084 0 0
1 3191824 0 1
1 2275746 2 0
1 1609124 0 0
1 3586460 0 1
1 3109831 0 1
1 3167747 0 1
1 3372793 0 0
1 2997971 0 1
1 3395894 0 0
1 2981154 0 1
1 3073886 0 1
1 3851547 0 0
1 2515411 0 0
1 1257428 0 1
1 2275741 0 0
1 3749537 0 1
1 2579032 0 0
1 3258766 0 1
1 3581600 0 0
1 394350 0 1
1 3703329 0 0
1 3046006 0 0
1 3290019 0 0
1 3407748 0 0
1 3172020 0 0
1 3439985 0 1
1 3756019 0 1
1 2051073 0 1
1 2254639 0 1
1 2948152 0 1
1 3099620 0 0
1 3542485 0 0
1 2930639 0 0
1 3611865 0 0
1 2642791 0 1
1 3311440 0 0
1 3554220 0 0
1 2584632 0 0
1 3651929 0 1
1 2640148 0 0
1 3119444 0 0
1 1800846 0 0
1 3015516 0 1
1 3407757 0 1
1 1761892 0 0
1 3049745 0 0
1 3345222 0 0
1 1402280 1 1
1 1112600 0 0
1 3529253 0 1
1 2678974 0 0
1 3265073 0 1
1 3541161 0 1
1 2768704 0 1
1 3862250 0 0
1 3440507 0 0
1 3201905 0 0
1 1475887 2 1
1 3337604 0 0
1 1805051 0 0
1 3547948 0 1
1 3874663 0 1
1 3394108 0 0
1 1564027 0 0
1 2665694 0 0
1 3257699 0 0
1 2096713 0 1
1 3279446 0 1
1 464924 0 0
1 2881434 0 0
1 2909175 0 1
1 1269455 0 1
1 1942180 0 0
1 2803987 0 0
1 3807673 0 0
1 2584645 0 1
1 3656393 0 0
1 2783087 0 0
1 3521326 0 0
1 3712227 0 1
1 3466905 0 1
1 2174925 0 0
1 3466900 0 1
1 2051298 0 0
1 3371495 0 1
1 2890598 0 0
1 3004632 0 0
1 2595308 0 0
1 2253520 0 1
1 3355001 0 1
1 2941787 0 1
1 3012262 0 0
1 3277037 0 1
1 394346 0 0
1 3616067 0 1
1 394343 0 1
1 1552052 0 1
1 394347 0 0
1 2288610 0 1
1 3144846 0 1
1 3242199 0 0
1 3547923 0 0
1 2412892 0 1
1 3293745 0 0
1 3756020 0 0
1 2631458 0 1
1 2592264 0 1
1 3004643 0 0
1 1564030 0 0
1 3034036 0 1
1 3225872 0 1
1 3667058 2 1
1 3867917 0 1
1 1087222 0 0
1 3087430 0 1
1 3447323 0 1
1 3849098 2 0
1 3203297 0 0
1 3687475 0 1
1 2670825 0 0
1 2729302 0 1
1 270696 0 0
1 3451823 0 0
1 2572041 0 1
1 270692 0 0
1 3177593 0 0
1 3582057 1 1
1 3029794 0 0
1 3189109 0 1
1 3601453 0 0
1 3482330 0 1
1 3741647 0 0
1 3159931 0 1
1 2689449 0 1
1 2718880 0 0
1 3232170 0 0
1 1459121 0 0
1 3143100 0 1
1 3690637 0 1
1 3816164 0 1
1 2518511 0 1
1 3892961 0 0
1 2518510 0 1
1 2774585 0 1
1 3806356 0 0
1 3181845 0 1
1 3321439 0 1
1 3244391 0 0
1 3562210 0 0
1 3721807 0 0
1 3737137 0 0
1 3342158 0 1
1 3438861 0 1
1 1936305 0 1
1 2842230 0 0
1 3603620 0 0
1 2007551 0 1
1 3680833 0 0
1 3214171 0 0
1 3820203 0 0
1 3180521 0 1
1 3365251 0 0
1 3565957 0 0
1 3879517 0 1
1 2808590 0 0
1 3257462 0 1
1 3853340 0 1
1 3879516 0 1
1 3279485 0 1
1 3324738 0 1
1 2827076 0 1
1 3445160 0 0
1 3505433 0 0
1 1636717 0 0
1 2783047 0 1
1 3324730 0 1
1 1462991 0 0
1 3773459 0 0
1 3034926 0 1
1 1043897 0 0
1 2628943 0 0
1 3089828 0 0
1 3302713 0 1
1 3548129 0 1
1 3141386 0 1
1 2448226 0 0
1 3540644 0 1
1 3616937 0 0
1 2790183 0 1
1 3537266 0 1
1 3263900 0 0
1 3877588 0 0
1 3878686 0 1
1 2096525 0 1
1 3368748 0 0
1 3021856 0 1
1 3283750 1 1
1 3797893 0 0
1 3077839 0 1
1 3366320 0 0
1 1402267 2 1
1 2691517 0 0
1 3548379 0 1
1 3600137 0 1
1 3681937 0 1
1 3888001 0 1
1 2698143 0 1
1 3118137 0 1
1 1034932 0 0
1 3520826 0 0
1 3133999 0 1
1 3261730 0 0
1 2688345 0 1
1 3564848 0 0
1 3169763 0 0
1 3520824 0 0
1 3318239 0 1
1 2672800 0 1
1 3257036 0 1
1 3890738 0 1
1 2912127 0 1
1 2845797 2 1
1 3481681 1 1
1 1654167 0 1
1 2944193 0 0
1 3543976 0 0
1 2845793 0 1
1 3829292 0 1
1 3093002 2 1
1 3542889 0 0
1 3596660 0 1
1 2494540 2 0
1 3890743 2 1
1 1087851 0 1
1 3445101 0 0
1 3633019 0 0
1 3690677 0 0
1 3750304 0 1
1 2727312 0 0
1 3748462 0 1
1 3713385 0 1
1 3600315 0 1
1 3690671 0 0
1 3656780 0 0
1 2653043 2 1
1 3750302 0 1
1 3354326 0 0
1 3008823 2 1
1 3542892 0 0
1 2824858 0 1
1 3626720 0 0
1 2820020 0 0
1 2785867 0 1
1 2669860 0 1
1 3015350 0 0
1 3876687 0 1
1 2740317 0 1
1 3008827 0 1
1 3374118 0 0
1 3878623 0 0
1 2774533 0 1
1 3667449 0 0
1 1352387 0 1
1 2726493 0 1
1 3608039 0 2
1 3584493 0 1
1 2602994 2 1
1 2644593 0 1
1 3180752 0 0
1 3271561 0 0
1 3042737 0 0
1 3135503 0 0
1 3573361 0 1
1 3610361 0 1
1 3101754 0 1
1 3448402 0 1
1 3830269 0 0
1 2752757 2 1
1 3124854 0 0
1 3182911 0 0
1 3321659 0 1
1 2726481 0 1
1 3732911 0 1
1 3622346 0 1
1 2752759 0 1
1 2636749 0 1
1 2864260 0 0
1 3270006 0 1
1 3063409 0 0
1 3214352 0 1
1 2494512 0 0
1 3142026 0 1
1 3543720 0 1
1 3668300 0 1
1 2766904 0 0
1 3613875 0 0
2 2946615 0 1
2 2911751 1 1
2 3825961 0 0
2 2811908 2 0
2 3418046 0 0
2 3435860 0 0
2 2117003 0 0
2 3215557 0 0
2 2442985 0 0
2 2931126 0 0
2 3647298 0 0
2 3030025 0 0
2 1297597 0 0
2 2883195 0 0
2 3136418 0 1
2 3348083 0 0
2 2071147 0 0
2 3043566 0 0
2 3614381 0 1
2 2872291 0 1
2 3043564 0 0
2 29035 0 1
2 2714572 2 0
2 3237110 0 1
2 3377421 0 0
2 2384520 0 0
2 3265831 0 0
2 3463087 0 1
2 2794498 0 0
2 2570830 2 0
2 3146430 0 1
2 1413549 1 0
2 3401823 0 1
2 3663325 0 0
2 3090107 2 0
2 3389894 0 0
2 1112595 1 1
2 3432326 1 1
2 1112598 0 0
2 3075397 1 1
2 3114601 0 0
2 2459199 0 1
2 2954014 2 1
2 3848829 0 0
2 2335107 0 0
2 3376101 2 0
2 3516961 0 0
2 3294360 0 0
2 3389890 0 0
2 3874910 0 0
2 3294361 0 0
2 3194781 0 0
2 3170353 0 0
2 1751077 0 0
2 3168030 0 0
2 2649856 0 0
2 3364540 2 1
2 3023754 0 0
2 2667260 0 0
2 3492402 0 1
2 3641729 0 1
2 3161879 0 0
2 2636786 1 1
2 2773519 0 0
2 3194782 0 0
2 2448050 1 1
2 3874924 0 0
2 3711989 0 0
2 2920011 0 0
2 3599920 0 0
2 2740856 0 0
2 3526528 0 0
2 2649850 0 0
2 3294592 0 1
2 3638545 0 0
2 3457849 0 0
2 3463052 0 1
2 2690073 0 0
2 2988058 0 0
2 3562643 0 0
2 3715036 0 0
2 3751366 0 1
2 3560221 0 0
2 1781795 1 0
2 77394 0 0
2 3751368 0 0
2 3238470 0 1
2 2817000 1 0
2 3189145 0 0
2 3416909 2 1
2 3169531 0 0
2 2073769 0 0
2 3502108 0 0
2 2646129 0 0
2 3316689 2 1
2 3846215 0 1
2 3179583 0 1
2 3431045 0 0
2 1175916 1 0
2 3511061 2 1
2 1175924 1 0
2 2923780 1 1
2 3655731 0 0
2 3825539 0 0
2 1568058 0 0
2 3463044 1 0
2 3201101 0 1
2 2385654 1 0
2 2441605 0 0
2 2982983 0 0
2 3189136 0 0
2 3322915 0 0
2 3502361 1 1
2 3719650 0 0
2 1751045 1 0
2 3468760 0 0
2 3359167 0 0
2 3505633 0 1
2 3322910 2 1
2 3463074 0 0
2 2887536 0 0
2 3751146 0 0
2 2693565 0 0
2 3305584 0 0
2 3414709 0 0
2 2018704 1 0
2 3564815 0 0
2 3322907 1 1
2 3504551 0 0
2 3618925 0 1
2 3322905 2 1
2 3342739 0 0
2 3286784 0 0
2 2769458 0 1
2 3376151 1 1
2 3305576 0 1
2 3751378 0 0
2 3551508 0 0
2 2246210 0 0
2 2442953 0 0
2 1175902 0 0
2 3871619 0 0
2 2681119 2 1
2 2769459 0 1
2 3743519 0 0
2 1469509 0 0
2 3337389 0 0
2 3129955 0 0
2 3863839 0 1
2 3102475 0 0
2 137228 1 0
2 1977305 0 0
2 2700561 0 0
2 2939000 0 0
2 3593508 0 1
2 3693114 0 0
2 2802352 1 1
2 2894493 0 0
2 3475478 0 0
2 3594600 0 1
2 2257948 0 0
2 3445826 0 0
2 3443647 0 0
2 2572606 0 1
2 3241214 0 1
2 3449187 0 0
2 137231 0 0
2 2073963 0 0
2 3047767 0 0
2 3227157 0 0
2 3741193 0 0
2 3891062 0 1
2 3506076 0 1
2 3361214 0 1
2 3243861 0 0
2 3035547 2 1
2 2627182 0 0
2 3061847 0 0
2 3363629 0 0
2 1569345 0 0
2 3002889 0 1
2 3125360 0 1
2 3462154 1 1
2 2126331 0 0
2 3314011 0 0
2 3336243 0 0
2 3278951 2 1
2 3766242 0 0
2 3420500 0 0
2 2826300 0 0
2 3695311 0 0
2 3695310 0 1
2 3883468 0 0
2 2974228 2 1
2 3522339 0 0
2 2928120 0 1
2 2998674 0 0
2 3777376 0 1
2 3403162 0 1
2 3015970 0 0
2 2559831 1 0
2 2725870 1 0
2 3193052 0 0
2 3531033 0 0
2 2700591 0 0
2 3742061 0 0
2 3014888 0 0
2 3230107 0 0
2 2954407 0 0
2 3104664 0 0
2 3384813 0 1
2 2954404 0 0
2 3230106 0 0
2 3781631 0 0
2 3523895 0 0
2 3409955 0 0
2 3603084 0 0
2 1065010 0 0
2 3314008 0 0
2 3118811 2 0
2 2206392 2 1
2 3644829 0 1
2 2212832 0 1
2 3382643 0 0
2 3570429 0 0
2 3302694 0 0
2 3322057 1 1
2 3891037 0 1
2 3081647 0 0
2 3438259 0 0
2 3444937 0 0
2 2873753 0 1
2 2385823 1 0
2 3336229 0 0
2 2391256 0 0
2 3213725 0 0
2 3591538 1 0
2 3420557 1 1
2 3113185 0 0
2 2449163 0 0
2 2788453 0 0
2 2384718 1 0
2 3160575 0 0
2 3522346 0 1
2 1550933 0 0
2 2366074 0 0
2 3872524 0 0
2 2725817 2 1
2 3371525 0 1
2 3465864 0 1
2 2631718 0 0
2 3310096 0 0
2 3012892 0 0
2 3311181 2 1
2 1940287 0 1
2 3849794 0 1
2 3637271 1 1
2 3162763 0 0
2 3162762 0 0
2 3162766 0 1
2 3323160 2 0
2 2073904 0 0
2 3162760 0 1
2 3871446 0 0
2 2776157 0 0
2 1513559 0 0
2 1550946 0 0
2 3478717 0 0
2 2857297 0 1
2 2685790 0 1
2 3582625 0 0
2 3198947 0 1
2 3358220 0 0
2 2857292 0 0
2 2780641 1 1
2 2698626 0 0
2 3522360 2 0
2 2788476 0 1
2 3520181 0 0
2 3219246 1 0
2 2725834 2 1
2 2725833 2 1
2 2276236 0 0
2 2702735 0 0
2 3033095 1 1
2 3276035 0 0
2 3276037 0 1
2 3657543 0 1
2 3558907 0 0
2 2697585 0 0
2 3589642 0 1
2 3826012 0 1
2 2927530 0 0
2 3440897 0 0
2 3219351 0 0
2 2941604 0 0
2 3496690 1 0
2 1661629 0 0
2 3447286 0 1
2 3371799 0 0
2 3447288 1 1
2 2812797 0 0
2 2860402 1 1
2 2860403 0 0
2 2377328 0 0
2 2740075 0 0
2 2740074 0 0
2 3279317 1 1
2 3623779 0 0
2 3254238 0 0
2 2981051 0 0
2 2949791 0 0
2 1578567 0 1
2 3052621 2 1
2 3267331 0 0
2 2691805 0 0
2 3542335 2 1
2 3818615 0 1
2 3804219 1 1
2 3542338 0 0
2 3852777 0 0
2 3072694 0 0
2 3640090 2 1
2 2575602 2 1
2 3314861 0 0
2 3615910 0 1
2 3609680 0 0
2 2994118 0 0
2 3862329 0 0
2 3429833 1 1
2 2958022 1 0
2 3884157 0 0
2 3647710 1 1
2 3883066 0 0
2 1820987 1 1
2 3380048 0 0
2 3439446 1 1
2 2860415 0 0
2 1448178 0 1
2 3223529 2 1
2 3219332 0 0
2 2892698 0 0
2 2390549 1 0
2 3125170 0 1
2 3276490 0 0
2 2701955 0 0
2 2855075 0 1
2 2958032 2 0
2 3492084 0 0
2 3530345 0 0
2 3669556 0 0
2 1995607 0 0
2 2974995 0 0
2 1878501 0 0
2 2855073 1 0
2 3451575 0 0
2 2974999 0 0
2 2249599 0 0
2 3501804 0 1
2 3139336 0 1
2 2709444 0 1
2 3669552 0 1
2 3299121 0 1
2 3446154 2 0
2 1971640 0 0
2 1156954 0 0
2 2729224 0 1
2 3381396 1 1
2 3329097 0 0
2 2740020 0 1
2 3015867 0 0
2 3767271 0 0
2 2918861 0 0
2 3660999 0 0
2 3841693 0 0
2 3841695 0 0
2 2822157 0 0
2 3841697 0 1
2 2794847 0 1
2 3670566 0 0
2 3099506 1 0
2 3000139 1 1
2 3248607 0 0
2 3098416 0 0
2 2918633 0 0
2 3310460 2 1
2 2640266 0 1
2 2799065 0 0
2 3382251 0 0
2 2881527 0 0
2 2918871 2 1
2 3199850 0 1
2 3806430 0 0
2 2976514 0 0
2 3609679 2 1
2 1386678 1 1
2 3738945 0 0
2 3291226 2 1
2 3519107 0 0
2 3681687 1 1
2 3099515 0 0
2 3335546 0 0
2 3099517 0 0
2 3722376 0 0
2 3033073 2 0
2 3323328 2 1
2 3315946 0 1
2 3121612 2 1
2 3114085 0 0
2 3711493 0 0
2 3771759 0 0
2 3081356 0 0
2 3789280 0 1
2 3884116 0 0
2 3320293 0 0
2 2011516 0 0
2 2228007 0 0
2 2492864 2 0
2 3568738 0 0
2 3314855 0 0
2 3314854 2 0
2 3481388 2 0
2 3650976 2 0
2 3767022 0 0
2 3329083 0 0
2 3129349 2 1
2 3016743 0 0
2 3233373 0 0
2 3793530 0 1
2 2976736 0 0
2 3320288 0 1
2 3826289 0 0
2 3793538 0 0
2 2009435 0 0
2 2804728 0 0
2 3000162 1 1
2 3063929 0 0
2 3249944 0 0
2 1851004 2 1
2 2070907 0 0
2 2709640 0 0
2 2890005 1 1
2 2892668 0 1
2 3233372 0 0
2 3163221 0 0
2 2443005 0 0
2 3282977 0 0
2 3748528 1 0
2 2634609 0 0
2 3425265 0 1
2 3547807 0 0
2 3772269 0 0
2 3366237 0 0
2 3750238 0 0
2 3876596 0 0
2 2627999 0 1
2 2480298 0 0
2 3062014 0 1
2 2267184 0 0
2 2528209 0 0
2 3289185 0 1
2 3374420 2 1
2 3841497 0 0
2 3152170 0 0
2 3374421 2 1
2 3785346 0 0
2 3309207 0 0
2 3354494 0 0
2 3171924 0 0
2 2578943 2 1
2 3354499 0 0
2 3473964 0 1
2 3615993 0 0
2 3307493 0 0
2 3810733 0 0
2 3086217 2 1
2 2009859 0 0
2 2972757 0 1
2 3320461 2 1
2 3604620 0 1
2 3604621 0 0
2 3375761 0 0
2 2956246 0 0
2 3353156 0 0
2 3294537 0 1
2 3679720 0 1
2 3373100 0 0
2 1961632 0 0
2 3223352 0 0
2 1215528 1 0
2 3702388 0 0
2 3206434 0 0
2 3226624 1 0
2 3206420 0 0
2 3021726 0 1
2 3854545 0 1
2 3094427 0 0
2 2364663 1 0
2 2853047 0 0
2 3810764 0 0
2 2008538 0 0
2 3530759 0 0
2 3374442 0 0
2 528884 0 0
2 60654 0 1
2 2902050 0 0
2 2741533 0 0
2 3032622 0 1
2 3032623 0 0
2 3616817 0 0
2 3504231 0 0
2 3446142 0 1
2 3687366 0 1
2 3851260 0 0
2 3170633 0 1
2 3806251 0 0
2 3679740 0 0
2 3600016 2 1
2 2630042 0 0
2 3389947 1 1
2 3004168 0 1
2 3009618 0 0
2 3655316 0 0
2 3109313 0 1
2 3602671 0 0
2 3652045 0 1
2 3542952 0 0
2 3372033 0 0
2 3416911 0 0
2 1240959 1 1
2 3294754 2 0
2 1796861 2 1
2 2627963 1 0
2 3702368 1 1
2 3616825 1 0
2 3853203 1 0
2 2773594 0 0
2 3615940 0 0
2 3776825 0 0
2 2693868 0 0
2 2443077 0 0
2 3218869 1 0
2 3307463 0 0
2 3563698 1 1
2 2958005 2 0
2 3304199 0 0
2 2071193 0 0
2 3624657 0 0
2 3109342 1 1
2 3565882 0 0
2 3109340 0 0
2 2740667 0 0
2 2248239 0 0
2 3604814 0 0
2 2025296 1 0
2 3113859 0 0
2 3097723 2 1
2 3691645 0 0
2 3385367 0 0
2 3414550 0 0
2 3340295 0 0
2 3436764 1 1
2 3536060 0 0
2 2566980 1 1
2 503396 0 0
2 3466159 0 0
2 3565879 0 1
2 3665130 0 1
2 2448996 0 0
2 3015243 0 0
2 3423016 0 0
2 3828296 1 0
2 3856525 0 0
2 2693849 0 1
2 3552307 2 0
2 3519516 0 0
2 3699360 0 0
2 3364479 0 1
2 3439802 0 1
2 3655108 1 0
2 3414549 1 2
2 2866550 0 0
2 3396276 2 1
2 2082036 1 0
2 3170813 0 0
2 3235140 0 1
2 2828091 2 1
2 3784437 2 1
2 1087510 1 0
2 3856522 0 0
2 3554972 0 1
2 2729879 2 0
2 3728538 0 0
2 3447437 0 0
2 2443086 0 0
2 2583042 1 0
2 2855434 0 0
2 2846739 1 1
2 1481584 0 0
2 2007657 0 0
2 3064863 0 0
2 35282 2 1
2 2769299 0 0
2 3276904 1 1
2 3395170 0 1
2 2822302 0 0
2 2698064 2 1
2 3410179 0 0
2 2764845 2 1
2 3215561 0 0
2 3294557 0 1
2 3215560 0 0
2 2990182 0 0
2 3483736 0 1
2 3817182 0 1
2 2738342 0 0
2 2924257 0 0
2 2993722 0 1
2 3019346 0 0
2 3526872 0 1
2 2374600 0 0
2 3797049 2 0
2 3161725 0 0
2 3275502 0 0
2 3786152 0 1
2 3248361 0 0
2 3162819 1 0
2 3493861 0 0
2 3544066 0 1
2 2007941 0 0
2 3075057 0 1
2 2955686 2 1
2 1277866 0 1
2 1379641 0 0
2 3162821 1 1
2 3510284 0 0
2 3079651 1 1
2 3500004 0 0
2 3781705 0 0
2 3354412 0 1
2 2621130 1 1
2 2769393 0 1
2 2591627 0 0
2 3744740 0 1
2 2946729 0 1
2 3257067 1 1
2 3544070 0 2
2 2071267 0 0
2 2612653 0 1
2 3512476 0 0
2 3160889 0 0
2 3733624 0 0
2 1892149 0 0
2 2769399 0 0
2 3867227 0 0
2 3844354 2 1
2 3695240 0 1
2 3132162 0 1
2 3429040 0 0
2 1501014 0 0
2 3271399 0 1
2 3162832 0 0
2 3214570 0 0
2 3596759 0 0
2 3325071 0 1
2 3533152 1 1
2 3540710 0 1
2 3295585 0 0
2 3499172 1 0
2 3205620 0 1
2 3445796 0 0
2 3738093 0 0
2 183865 1 0
2 3635173 0 0
2 3086162 0 0
2 2374623 0 1
2 2850176 2 1
2 2930172 2 1
2 3642948 0 1
2 3734720 0 0
2 2957856 0 0
2 2954374 0 1
2 3488497 0 0
2 2798987 0 0
2 3640996 0 0
2 1913172 0 1
2 2071005 0 0
2 3321975 1 1
2 2270846 0 1
2 3580369 0 0
2 1891275 2 1
2 3352202 0 0
2 2007972 0 0
2 2958958 2 0
2 3236161 0 0
2 3184621 0 0
2 3436624 1 1
2 3110373 0 0
2 2385751 1 1
2 3745859 0 0
2 1637094 0 0
2 2829594 0 0
2 2988176 2 1
2 2988175 0 0
2 3640983 2 1
2 2829597 1 0
2 3637578 0 0
2 3250002 0 0
2 2737768 0 0
2 2822957 0 0
2 1540438 0 0
2 3086146 0 1
2 3821283 0 0
2 2839150 0 1
2 3114546 2 0
2 2732078 0 0
2 3410249 0 0
2 3273367 0 0
2 3034701 1 0
2 3825647 2 0
2 2644295 2 1
2 3529703 0 0
2 3263568 0 0
2 3274450 0 0
2 2732070 0 0
2 3443570 0 0
2 3084193 0 0
2 3424872 0 1
2 2570908 2 1
2 1838823 0 0
2 3537559 0 0
2 3551643 0 0
2 317321 0 0
2 3700969 0 0
2 3034928 0 0
2 3751237 0 0
2 3265990 0 1
2 2732064 0 0
2 2686703 0 0
2 2732065 0 0
2 2710057 0 0
2 2816288 0 0
2 3206917 0 0
2 2861010 0 1
2 3859883 0 1
2 2386861 1 1
2 3033840 0 1
2 2909732 0 1
2 3424871 0 0
2 3655859 2 0
2 2591616 0 0
2 2922106 0 0
2 3424867 0 0
2 3714086 0 1
2 2991321 2 1
2 3424868 0 0
2 3126984 0 0
2 2887898 0 0
2 3878591 0 1
2 3549773 0 0
2 3784153 0 1
2 2025113 0 0
2 3247098 0 0
2 3539528 2 0
2 2769341 0 0
2 3247096 0 1
2 2981767 0 0
2 3867258 2 0
2 1634852 0 1
2 3110167 0 0
2 2681469 0 0
2 2064919 0 0
2 3168108 0 0
2 3556064 0 0
2 2591620 2 0
2 3833481 0 0
2 2682795 0 1
2 3833486 0 0
2 3019338 0 0
2 2990464 0 0
2 2725793 0 0
2 3714090 0 1
2 2474644 1 1
2 3662168 0 1
2 2827389 0 0
2 2365966 1 0
2 2633196 0 0
2 3249023 0 1
2 3821277 0 0
2 2785481 0 0
2 2633199 0 0
2 3099090 0 0
2 3548694 0 0
2 3751499 0 0
2 2635375 0 1
2 2186330 0 0
2 2737771 0 0
2 1469866 1 0
2 2737777 0 0
2 3751251 0 0
2 2732089 0 0
2 1526596 0 1
2 2840593 0 0
2 3751250 0 0
2 3529714 0 1
2 3444445 0 0
2 3612027 0 1
2 3542916 0 0
2 2628177 0 1
2 2002419 1 0
2 2966984 1 0
2 3555598 0 0
2 3104539 0 0
2 3012310 0 1
2 2700440 0 0
2 3546880 1 0
2 3662737 0 0
2 1647271 0 0
2 2780595 0 0
2 3754399 0 1
2 3514802 0 0
2 3115677 0 0
2 2848228 0 0
2 3323065 0 1
2 2876700 0 0
2 3407666 0 0
2 3837668 1 1
2 2629011 0 0
2 3123294 0 0
2 2876707 0 1
2 1168906 2 0
2 2700447 0 0
2 3514816 0 0
2 3043049 0 0
2 3584903 1 1
2 2700454 2 0
2 3070667 0 0
2 3535733 2 0
2 2953659 0 0
2 2546434 1 1
2 2769310 0 1
2 3081564 0 1
2 3830807 0 0
2 3519026 0 1
2 3524604 0 0
2 3519024 0 0
2 2769317 0 0
2 3407434 0 0
2 3066183 1 1
2 2591236 0 0
2 3298212 0 0
2 3874625 0 0
2 3119802 0 0
2 3519021 2 1
2 1257604 1 1
2 2722011 0 0
2 1976318 0 0
2 3229465 0 0
2 3477554 0 0
2 3484292 0 0
2 3609961 0 1
2 2840966 0 0
2 1568380 1 0
2 1277008 0 0
2 1175897 1 0
2 2895205 0 1
2 3523543 0 0
2 1277009 1 1
2 2475360 0 0
2 3519032 0 0
2 3766129 1 0
2 3392316 0 0
2 1697742 0 0
2 3301050 2 1
2 2904905 0 0
2 3107812 0 0
2 3779208 0 0
2 1464140 0 0
2 2136485 2 0
2 3706282 0 1
2 1464381 2 1
2 3038958 0 1
2 3628485 0 1
2 3837656 2 1
2 3746305 1 0
2 2700478 1 1
2 3766340 1 0
2 2615299 0 0
2 3420441 0 0
2 1257651 0 0
2 2836285 0 0
2 3047852 0 0
2 2615296 0 0
2 2975011 0 0
2 3546448 1 1
2 3651400 0 0
2 3751081 2 0
2 3141765 0 0
2 3183566 0 0
2 3840643 0 0
2 2008397 0 0
2 126248 0 0
2 3056330 0 0
2 3766589 1 1
2 2570503 0 0
2 2725948 2 0
2 3409880 0 0
2 1550803 1 1
2 2128214 1 0
2 2997282 0 0
2 3277335 0 0
2 2779319 0 1
2 2735734 0 0
2 3232426 0 1
2 3521370 0 0
2 3418594 0 0
2 3628229 0 1
2 2647170 1 0
2 3891389 0 0
2 3523559 0 1
2 3891388 0 0
2 3060837 0 0
2 3548636 0 0
2 3411720 0 1
2 2839546 0 0
2 2975260 0 0
2 3651415 1 0
2 1568330 0 0
2 2946956 1 0
2 3560725 0 0
2 2862513 1 0
2 3170265 2 0
2 3172202 0 0
2 2946718 1 1
2 3847491 0 0
2 2740082 0 1
2 1501005 0 0
2 2771826 0 0
2 3232438 0 0
2 2615032 0 0
2 3605326 0 0
2 3082839 0 0
2 3841711 0 1
2 3266655 1 0
2 2754485 1 1
2 3807838 0 0
2 1568345 0 0
2 2700429 0 0
2 2908473 0 0
2 1475232 1 0
2 3484016 0 0
2 3533381 0 0
2 3618648 0 0
2 3103259 0 0
2 1568358 2 0
2 2615269 0 0
2 3125024 1 1
2 3662564 0 1
2 3287114 0 1
2 3419668 0 1
2 3207140 0 1
2 3323279 0 0
2 3544252 0 0
2 1420313 0 1
2 3034319 0 0
2 3650588 0 0
2 3351956 0 0
2 2443761 0 0
2 3359433 0 0
2 2164964 0 0
2 3489953 0 0
2 2799007 0 0
2 2941259 1 0
2 3371426 0 0
2 2799006 0 0
2 3223733 0 0
2 3195188 0 1
2 3506106 0 0
2 3827460 0 0
2 1257451 0 0
2 3012278 1 0
2 2582242 0 0
2 3505499 0 0
2 3373609 0 0
2 2729381 0 0
2 2674586 0 0
2 2008231 0 0
2 2732551 1 1
2 3108731 0 1
2 3459383 0 0
2 3141322 0 0
2 3544629 2 1
2 3131766 0 0
2 3034065 0 0
2 3700496 0 0
2 3463410 0 0
2 2515635 1 0
2 3748422 0 1
2 3580701 0 0
2 3195172 0 0
2 3403114 1 1
2 2992067 0 0
2 522843 0 0
2 3794568 0 0
2 2135574 0 1
2 3369459 0 0
2 3323212 2 1
2 3843700 0 1
2 2821396 0 1
2 2569011 0 0
2 3218132 0 0
2 2821394 0 0
2 3655498 0 0
2 3042904 0 0
2 3167963 0 1
2 3042902 0 0
2 549073 0 0
2 1566470 0 0
2 2627222 0 0
2 2687676 0 1
2 3184044 0 0
2 2882564 0 0
2 3511956 0 0
2 3401149 0 0
2 3793462 0 0
2 3529248 0 1
2 3176209 2 1
2 3108757 0 0
2 3419918 0 0
2 3485663 0 0
2 3109840 0 0
2 3665065 0 0
2 3095243 0 0
2 3477826 0 0
2 3209643 0 0
2 3179729 0 1
2 1181820 0 1
2 2640128 0 0
2 3452306 0 0
2 3323237 0 1
2 2997975 0 0
2 3538185 0 0
2 3660619 0 0
2 2546376 1 0
2 2893430 2 1
2 3449136 0 0
2 3512826 0 1
2 3805478 1 1
2 3722006 0 0
2 3564029 2 1
2 2749195 0 0
2 3414046 0 1
2 2800016 0 1
2 2074182 0 0
2 3715715 0 0
2 2680832 2 1
2 2815980 2 1
2 3672621 1 0
2 3038624 0 0
2 2453150 0 0
2 2750186 0 0
2 2253540 1 0
2 3206111 0 0
2 3447137 0 0
2 3743178 0 0
2 3530248 0 0
2 3793435 2 0
2 555554 0 0
2 425596 0 0
2 2783096 0 0
2 2741488 0 0
2 2750192 2 0
2 3640174 0 0
2 3696848 0 1
2 3372337 0 1
2 3791000 0 0
2 2074167 0 0
2 3343011 0 0
2 2740121 0 0
2 3420703 0 0
2 3409906 0 0
2 3862243 0 1
2 3735336 0 0
2 2595300 0 0
2 3715979 0 1
2 3184038 0 0
2 3502805 0 1
2 3629367 0 0
2 2008694 0 0
2 2491651 0 1
2 3371495 0 0
2 3464728 0 0
2 3343251 0 0
2 2597729 0 0
2 3872011 1 1
2 3279680 0 1
2 3806335 0 0
2 2687693 0 1
2 2687695 0 1
2 3173388 0 0
2 3446065 0 0
2 3512619 0 1
2 2900108 0 0
2 2984464 0 0
2 3833933 0 0
2 3883399 0 0
2 2803992 1 0
2 2955936 0 0
2 3507021 0 0
2 3543560 0 0
2 2740138 0 0
2 1184050 0 0
2 1414045 0 0
2 2783073 2 0
2 2783072 0 0
2 3130684 0 1
2 3395695 0 0
2 3311212 0 1
2 3850014 0 0
2 3598234 0 0
2 3205006 1 0
2 3527440 0 0
2 3492375 0 0
2 3614773 0 1
2 3146856 0 0
2 2958322 0 0
2 2868877 0 0
2 3177592 0 0
2 3492376 0 0
2 3177593 0 0
2 2526389 0 0
2 3486933 2 1
2 3514121 0 0
2 2938719 0 1
2 2887155 0 0
2 2000906 0 0
2 2878208 2 1
2 2727116 0 0
2 3472995 0 0
2 3876000 0 0
2 3097804 2 1
2 3665212 0 0
2 2994642 0 0
2 3259402 0 0
2 2705343 1 1
2 3346751 0 0
2 3294406 0 0
2 3458229 1 1
2 1821329 0 0
2 3343246 0 0
2 3603620 0 0
2 3108321 0 0
2 3742728 0 1
2 3843309 0 1
2 3635693 0 0
2 3261719 0 0
2 3387630 0 0
2 2958542 1 0
2 3722906 0 0
2 3324730 0 0
2 3295727 0 0
2 3322791 0 0
2 3681712 0 0
2 2202333 1 1
2 3753880 0 1
2 3598665 0 0
2 3615849 0 0
2 3724088 0 1
2 3092137 0 0
2 3583117 2 0
2 2133536 2 1
2 2808561 0 0
2 2628934 0 1
2 2988180 0 0
2 3309579 1 0
2 3109679 0 0
2 1784777 0 0
2 3731862 0 0
2 2194711 0 0
2 3085223 2 1
2 3322781 2 0
2 3118372 2 1
2 3378931 1 1
2 3513065 0 1
2 1414001 0 0
2 2682800 0 0
2 2600143 0 0
2 3700060 0 0
2 2600388 1 1
2 3118379 0 1
2 3133515 0 0
2 3133999 0 0
2 3482327 0 0
2 2646742 0 0
2 3141130 0 0
2 2680861 0 0
2 3367646 0 1
2 3205674 0 0
2 3692866 0 0
2 3749563 0 0
2 2071076 0 0
2 3385239 2 0
2 3843590 0 0
2 3410080 0 1
2 2803920 1 1
2 3456478 1 0
2 3436630 0 0
2 2007501 0 0
2 3532837 0 0
2 3436637 0 0
2 3542889 0 1
2 3115917 0 0
2 3504369 0 1
2 2740308 0 0
2 3013175 0 0
2 3367635 0 1
2 3748469 0 0
2 3180715 0 0
2 3120277 0 0
2 3320300 0 1
2 3320302 0 0
2 2007755 0 0
2 3269275 0 1
2 3051211 0 0
2 1784791 0 1
2 1832206 0 0
2 2876699 0 0
2 2842275 2 1
2 2876698 0 0
2 3159900 1 0
2 3294699 0 1
2 3395035 0 1
2 1939852 1 0
2 3636513 0 0
2 3005318 0 0
2 3853383 0 0
2 3015592 0 0
2 3853387 0 0
2 2627819 0 0
2 2774533 0 0
2 3366531 0 0
2 3809217 0 0
2 2957012 0 0
2 3088944 0 0
2 2584008 0 1
2 2737147 0 0
2 1084363 0 0
2 3049133 0 0
2 3543951 0 0
2 3271560 0 0
2 2796768 0 0
2 3180752 0 0
2 3094358 0 0
2 2770175 0 0
2 2834887 0 0
2 3135508 0 0
2 3283557 0 0
2 3795675 0 0
2 3013198 0 0
2 2727333 2 1
2 2878411 0 0
2 3016229 0 0
2 2856400 0 1
2 3491236 0 0
2 3622346 0 0
2 3063653 2 0
2 3822406 0 0
2 3248338 0 0
2 1609165 0 0
2 3063409 0 0
2 3845747 2 1
2 3208918 0 0
2 3610129 2 0
2 1276800 0 0
2 3377405 0 0
2 2688148 0 0
2 1276802 0 0
3 2946615 0 0
3 2669679 0 1
3 3194770 0 1
3 3482609 0 0
3 2671519 0 1
3 3587901 0 0
3 3173834 0 1
3 2886226 0 0
3 3146215 0 0
3 3463094 0 1
3 2810817 0 0
3 3606758 0 1
3 3673353 0 1
3 3698894 0 0
3 3706594 0 1
3 2415357 0 0
3 3413835 0 1
3 3183644 0 1
3 3512342 0 0
3 2738534 0 0
3 3468788 0 1
3 3469874 0 0
3 2922885 0 1
3 3355865 0 1
3 2071147 0 1
3 3563703 0 1
3 2989578 0 0
3 3700802 0 1
3 3563701 0 1
3 2671747 0 0
3 2825068 0 0
3 3195853 0 0
3 2955312 0 0
3 3205508 0 1
3 2714572 0 0
3 29036 0 1
3 3514531 0 0
3 3171658 0 0
3 3765588 0 1
3 2384520 0 1
3 3673349 0 0
3 2711062 0 1
3 2794498 0 0
3 3353678 0 0
3 2570830 0 0
3 3257183 0 0
3 1808062 0 0
3 3526771 0 0
3 3583529 1 1
3 1534056 0 0
3 3499265 0 1
3 1112595 0 0
3 3847971 0 0
3 2784897 0 0
3 1112598 0 0
3 3514307 0 0
3 3364557 0 0
3 3846405 0 0
3 3113997 0 1
3 1112590 0 0
3 3593138 0 0
3 2760697 0 0
3 3605408 0 0
3 3594220 0 0
3 2442767 0 1
3 2707814 0 0
3 2851150 0 1
3 2940087 0 1
3 3685585 0 1
3 2650603 0 1
3 3170355 0 0
3 3320525 0 0
3 3536324 0 0
3 3023754 0 1
3 3789752 0 0
3 3776212 0 0
3 3641729 0 1
3 3881210 0 1
3 3492405 0 1
3 3605412 0 0
3 3717047 0 1
3 3569458 0 0
3 2612759 0 0
3 3294598 0 0
3 2779293 0 1
3 3780944 0 1
3 3389660 0 0
3 1479349 0 1
3 2495001 0 1
3 3259383 0 1
3 3707411 0 0
3 2726511 0 0
3 515303 0 0
3 3663347 0 0
3 3664678 0 0
3 3227343 0 0
3 3101343 0 0
3 3562643 0 1
3 3379870 0 0
3 3808186 0 0
3 3892522 1 1
3 3381702 0 0
3 3398395 0 0
3 3511296 0 0
3 1361803 0 1
3 3189145 0 1
3 3487023 0 0
3 3000810 0 0
3 3298785 0 1
3 2442945 0 0
3 2945326 0 0
3 2073769 0 0
3 3502108 0 1
3 3892523 0 1
3 3764690 0 1
3 3463040 0 1
3 3401651 0 0
3 3127500 0 0
3 3762032 0 0
3 2873341 0 0
3 1469523 0 0
3 2872016 0 0
3 3398387 0 0
3 3891421 0 1
3 1963335 0 1
3 3348056 0 0
3 3475020 0 0
3 3849969 0 1
3 3463044 0 0
3 2669462 0 1
3 2982983 0 1
3 3409130 0 1
3 2851579 0 1
3 3836660 0 0
3 3096920 0 1
3 1513398 0 0
3 3124447 0 0
3 3358078 0 0
3 3526574 0 0
3 2448269 0 0
3 2726531 0 1
3 3463071 0 1
3 3481935 0 2
3 3750296 0 0
3 3732865 0 0
3 3332917 0 0
3 3785361 0 0
3 1560109 0 0
3 1925086 0 0
3 3678867 0 0
3 3350110 0 0
3 3651148 0 0
3 3752471 0 1
3 3468766 0 0
3 3837720 0 0
3 2747439 0 1
3 3798430 0 0
3 3564815 0 0
3 2424066 0 1
3 3371937 0 0
3 2799523 0 0
3 3754408 0 0
3 3527895 0 0
3 3538549 0 1
3 3342739 0 1
3 3342738 0 1
3 3649649 0 1
3 2893193 0 1
3 3587910 0 1
3 3286783 0 0
3 3825993 0 1
3 2933597 0 0
3 3088415 0 0
3 3006383 0 1
3 3850938 0 1
3 2873365 0 0
3 3482801 0 0
3 1469509 0 0
3 3465000 0 0
3 3745931 0 0
3 3759091 0 1
3 3018363 0 1
3 3251251 0 1
3 2988891 0 0
3 3863839 0 1
3 3150316 0 0
3 3337590 0 0
3 1977305 0 1
3 2581790 0 0
3 3015944 0 0
3 3012437 0 0
3 3475474 0 1
3 3863832 0 0
3 2932852 0 0
3 1910602 0 0
3 3541073 0 0
3 3594601 0 1
3 3522317 0 1
3 2714963 0 0
3 2823047 0 1
3 3160369 0 0
3 3263000 0 0
3 3852706 0 1
3 1173139 0 1
3 3104650 0 1
3 3324271 0 1
3 1064132 0 0
3 3406452 0 0
3 3152729 0 0
3 1459932 0 1
3 2073963 0 1
3 3792541 0 1
3 3251248 0 1
3 3260197 0 0
3 3420758 0 1
3 3506075 0 0
3 3069579 0 1
3 2467416 0 0
3 3162795 0 0
3 2713886 0 0
3 2627182 0 1
3 3037969 0 0
3 1471802 0 1
3 3446925 0 0
3 1469727 0 0
3 3672415 0 1
3 3499450 0 1
3 1325054 0 1
3 3330971 0 0
3 3784922 0 1
3 3893488 0 0
3 3073806 0 0
3 3640245 0 0
3 3683330 0 1
3 3420501 0 0
3 3792530 0 0
3 3686605 0 0
3 1702556 0 0
3 3361206 0 1
3 3686606 0 0
3 3695311 0 1
3 3695310 0 1
3 3605489 0 0
3 2840601 0 0
3 2954897 0 0
3 3080585 0 0
3 3523428 0 0
3 3160144 0 1
3 3443668 0 1
3 3522332 1 0
3 3203717 0 0
3 2920880 0 0
3 3659469 0 0
3 3681397 0 1
3 3389490 0 0
3 3090751 0 0
3 3341600 0 0
3 3742061 0 0
3 3789112 0 1
3 2886876 0 1
3 3015976 0 0
3 2750814 0 1
3 2698820 0 0
3 3013316 0 0
3 2954407 0 0
3 2640407 0 1
3 2659488 0 0
3 3644835 0 1
3 3349321 0 1
3 3349322 0 0
3 2361840 0 0
3 3856271 0 0
3 3680298 0 0
3 3722471 0 0
3 3644826 1 1
3 3212888 0 0
3 2395627 0 0
3 3804668 0 0
3 3420566 0 0
3 3637291 0 0
3 3066252 0 0
3 149412 0 0
3 2657099 0 1
3 3286153 0 0
3 3664834 0 0
3 3430121 0 0
3 3640227 0 1
3 2707160 0 0
3 2360768 0 0
3 3081647 0 1
3 2628005 0 1
3 3162981 0 0
3 3651522 0 0
3 2628006 0 0
3 3292842 0 0
3 3511451 0 0
3 2385823 0 1
3 3626391 0 1
3 3336229 0 1
3 3461274 0 1
3 1474286 0 0
3 3743587 0 1
3 2147019 0 1
3 3000416 0 0
3 3488995 0 0
3 3743344 0 0
3 3465873 0 1
3 3723730 0 0
3 3152526 0 1
3 2034581 0 1
3 3384832 0 0
3 2699973 0 0
3 1153715 0 0
3 3292829 0 1
3 3637282 0 0
3 3213721 0 1
3 3383503 0 0
3 3792504 0 1
3 1299321 0 1
3 3329700 0 0
3 3522349 0 1
3 3219025 0 1
3 3329702 0 1
3 3488528 0 0
3 3573931 0 0
3 3522346 0 1
3 3460172 1 1
3 1567125 0 0
3 2366074 0 0
3 2606463 0 0
3 2945711 0 1
3 3475458 0 1
3 3639699 0 0
3 3213717 0 1
3 3047758 0 0
3 3322078 0 0
3 3849794 0 1
3 3608711 0 0
3 1523351 0 0
3 3609804 0 0
3 3162766 0 1
3 3304418 0 1
3 3198949 0 1
3 1082621 0 0
3 3404298 0 1
3 1950085 0 0
3 3162760 0 1
3 2702964 0 0
3 3743594 0 1
3 3743593 0 1
3 3878088 0 1
3 2010370 0 0
3 3380251 0 0
3 535544 0 0
3 3695348 0 0
3 2788470 0 0
3 3117760 0 1
3 3437195 0 0
3 3219008 0 0
3 2698626 0 1
3 3180182 0 0
3 2957708 0 0
3 2276231 0 0
3 2383893 0 1
3 2686888 0 0
3 3183692 0 0
3 3409991 0 0
3 3276034 0 1
3 3276037 0 1
3 2078590 0 1
3 1200430 0 1
3 1578574 0 1
3 1635568 0 1
3 3504280 0 0
3 3691690 0 0
3 2276505 0 0
3 2803845 0 0
3 2491596 0 0
3 3096433 0 0
3 2685364 0 0
3 3657547 0 1
3 1661627 0 0
3 3015673 0 0
3 3747456 0 0
3 3824083 0 0
3 3175224 0 1
3 3082492 0 0
3 3206030 0 0
3 3229059 0 1
3 3322008 0 0
3 3803127 0 0
3 3015439 0 0
3 3175461 0 0
3 2000880 0 0
3 3139595 0 0
3 2981052 0 0
3 3177881 0 0
3 3272913 0 0
3 3756169 1 1
3 3052623 0 0
3 3291424 0 1
3 3852777 0 0
3 1790902 0 1
3 3613976 0 1
3 3486423 0 0
3 1079925 0 0
3 2857245 0 0
3 1395313 0 0
3 1884173 0 0
3 2880268 0 0
3 1519573 0 1
3 3349957 0 0
3 3647711 0 1
3 2194666 0 0
3 2860418 0 0
3 2918840 0 1
3 2860416 0 1
3 3026341 0 0
3 3458199 0 0
3 3815136 0 0
3 3139345 0 0
3 3613708 0 0
3 2409332 0 1
3 3708076 0 0
3 2774290 0 1
3 3396873 0 0
3 3542785 0 0
3 2902217 0 1
3 2409333 0 0
3 2984314 0 1
3 3427892 0 0
3 3177428 0 0
3 3807502 0 0
3 3789076 0 1
3 3876542 0 0
3 3532760 0 1
3 3669556 0 0
3 2740295 0 1
3 3151450 0 0
3 3437273 0 1
3 3815122 0 1
3 2893311 0 0
3 1578589 0 0
3 3441777 0 0
3 3740609 0 0
3 3741933 0 1
3 2629988 0 1
3 2949573 0 1
3 3139336 0 0
3 1382251 0 0
3 2709444 0 1
3 3095130 0 0
3 2443045 0 0
3 3235990 0 0
3 3597069 0 0
3 3669552 0 1
3 3299123 0 0
3 3815120 0 0
3 2918864 0 0
3 2515569 0 0
3 1971640 0 1
3 3639078 0 0
3 2915591 0 0
3 3430646 0 0
3 2803888 0 1
3 3759643 0 1
3 3841696 0 1
3 2740269 0 1
3 2740266 0 1
3 2672084 0 0
3 3429897 0 1
3 3852589 0 0
3 3876714 0 0
3 3249938 0 0
3 3669560 0 1
3 3097568 0 0
3 3500723 0 0
3 3535814 0 0
3 2799065 0 0
3 3557624 0 0
3 1948870 0 0
3 2998526 0 1
3 3527194 0 1
3 3737610 0 1
3 3167805 0 0
3 3567413 0 0
3 1314885 0 1
3 3426370 0 0
3 3737617 0 0
3 3353198 0 1
3 2766888 0 0
3 2988967 0 0
3 3871035 0 0
3 2792674 0 0
3 3099516 0 0
3 3099517 0 0
3 3658209 0 0
3 3208414 0 0
3 3789283 0 1
3 3208641 0 0
3 3806229 0 0
3 3658212 0 1
3 3767014 0 0
3 3608317 0 1
3 3139140 0 0
3 3083533 0 1
3 3451761 0 0
3 2467423 0 1
3 2740002 0 0
3 2740244 0 1
3 2766874 1 1
3 2011516 1 2
3 3649091 0 1
3 1472247 0 0
3 2365393 0 0
3 2872603 0 1
3 3767022 0 1
3 3811804 0 0
3 3795710 0 0
3 2995238 0 1
3 2880697 0 0
3 3329083 0 1
3 3016743 0 0
3 3661872 0 0
3 3767023 1 1
3 3023038 0 0
3 2652028 0 0
3 3779006 0 0
3 3309019 0 0
3 3514912 0 0
3 3616181 0 1
3 3607239 0 0
3 2009435 1 1
3 2804728 0 1
3 3249945 0 0
3 3483333 0 1
3 3568724 0 1
3 3301534 0 0
3 2804729 0 0
3 2892667 1 1
3 2490671 0 0
3 2932949 0 0
3 3095178 0 0
3 3814076 0 1
3 3206442 0 1
3 3501171 0 0
3 154124 0 0
3 2132358 0 0
3 3876596 0 1
3 3749487 0 0
3 3877440 0 1
3 3181976 0 0
3 3354493 0 0
3 3344684 0 1
3 3738353 0 1
3 1240977 0 0
3 2074263 0 1
3 3532912 0 1
3 2562357 0 1
3 3152170 0 0
3 3004139 0 0
3 3604617 0 1
3 2572163 0 0
3 3354494 0 0
3 3664470 0 1
3 3774680 0 0
3 3354497 0 1
3 3331134 0 0
3 3853474 0 0
3 1566514 0 1
3 3473964 0 0
3 3854316 0 1
3 3833636 0 1
3 3156522 0 0
3 2009859 0 0
3 3248876 0 0
3 3846931 0 0
3 3389919 0 0
3 3517523 0 0
3 3679720 0 1
3 3108687 0 0
3 3169865 0 1
3 3574545 0 1
3 3599866 0 0
3 3789932 0 0
3 2075932 0 1
3 3789934 1 1
3 3664480 0 0
3 3741994 0 1
3 3045934 0 0
3 3259318 0 0
3 2811847 0 0
3 3258224 0 0
3 3192412 0 0
3 3427817 0 0
3 3219735 0 0
3 3130373 0 0
3 2843672 0 0
3 3517533 0 0
3 3331110 0 0
3 3542949 0 0
3 3480015 0 1
3 3020403 0 0
3 3259307 0 1
3 3261608 0 0
3 3259544 0 0
3 2841247 0 1
3 2915987 0 1
3 3294748 0 0
3 3389947 0 0
3 3696066 1 1
3 3213183 0 0
3 3600251 0 0
3 3318165 0 0
3 3094685 0 1
3 3303913 0 0
3 2772260 0 0
3 3016144 0 0
3 3776825 0 0
3 3729838 0 0
3 3876310 0 1
3 3144597 0 1
3 3505333 0 0
3 3634221 0 0
3 3350092 0 1
3 3677352 0 0
3 3307468 0 0
3 2071193 0 1
3 3712166 0 0
3 3132372 0 0
3 3542520 0 0
3 3109340 0 0
3 3461711 0 0
3 3227508 0 0
3 2025296 0 0
3 2633327 0 0
3 3604817 0 0
3 2627712 0 0
3 2644692 0 0
3 2698071 0 0
3 1458354 0 1
3 2259367 0 1
3 3830153 0 1
3 3195099 0 0
3 3691645 0 1
3 3831017 0 0
3 3686059 0 1
3 3402108 0 0
3 3339066 0 0
3 3258233 0 0
3 3667799 0 0
3 3389960 0 0
3 3016568 0 0
3 3796422 0 0
3 3578947 0 0
3 64801 0 0
3 2803812 0 0
3 3539336 0 1
3 3665130 0 1
3 3224004 0 1
3 3317254 0 1
3 3505349 1 1
3 3836942 0 0
3 3222068 0 0
3 2948427 0 0
3 3113866 0 0
3 3574101 0 1
3 3795565 0 0
3 3015243 0 0
3 155676 0 0
3 3259358 0 0
3 3199241 0 1
3 1784684 0 0
3 2612685 0 1
3 3199242 0 0
3 2007644 0 1
3 2866550 0 0
3 3214485 0 0
3 2596111 0 1
3 3760220 0 0
3 3222076 0 0
3 3259351 0 1
3 1175057 0 0
3 3170813 0 0
3 3742834 1 1
3 2518696 0 0
3 2667597 0 0
3 3504275 0 1
3 3492682 0 1
3 3632492 0 0
3 3810316 0 0
3 3447679 0 0
3 3485908 0 1
3 1925116 0 0
3 2440807 0 1
3 3122553 0 0
3 3561269 0 0
3 3834987 0 0
3 2769059 0 0
3 3751531 0 1
3 3321533 0 1
3 3553649 0 1
3 3715463 0 0
3 2686081 0 0
3 3064863 0 0
3 3236007 0 0
3 2730627 1 1
3 2783111 0 1
3 3177462 0 1
3 3585210 0 0
3 2769299 0 1
3 3865461 0 0
3 3543600 0 0
3 3234063 0 0
3 3572388 0 1
3 3015251 0 0
3 3875015 0 0
3 2553898 0 0
3 3097756 0 1
3 2765939 0 0
3 3835649 0 1
3 3287967 0 0
3 3879463 0 0
3 2941042 0 0
3 3287964 0 0
3 3835648 0 1
3 3043450 0 0
3 2098752 0 0
3 1160571 0 0
3 3127816 1 1
3 3214347 0 1
3 2912724 0 0
3 3676988 0 0
3 3524457 0 0
3 3162820 0 1
3 2592974 0 0
3 2669550 0 1
3 3534252 0 0
3 1904203 0 1
3 2816235 0 0
3 3051084 0 0
3 3858766 0 1
3 3741471 0 1
3 2769394 0 0
3 2946726 0 1
3 3019599 0 1
3 2946729 0 0
3 2071267 0 1
3 2109988 0 0
3 3251761 0 0
3 2408938 0 0
3 3660167 0 1
3 3512476 0 1
3 2569933 0 0
3 2784782 0 0
3 3377544 0 1
3 2267472 0 0
3 3652788 0 0
3 32312 0 1
3 3652782 0 0
3 3131078 0 0
3 3433337 0 1
3 2878711 0 1
3 2878712 1 1
3 2980649 0 0
3 3295585 0 1
3 2740758 0 0
3 1368989 0 1
3 2878958 0 0
3 3835650 0 0
3 2926907 0 0
3 1459866 0 0
3 2408924 0 1
3 3023867 0 1
3 3526411 0 0
3 1208861 0 0
3 3401707 0 0
3 3162836 0 0
3 3733636 0 0
3 3515513 0 0
3 3642948 0 1
3 1208863 0 0
3 3157440 0 0
3 3428182 0 0
3 3597858 0 1
3 3137840 0 0
3 3056754 0 0
3 3674341 0 1
3 3889048 0 0
3 3791959 0 0
3 2954374 0 1
3 2921693 0 0
3 2798987 0 0
3 3229864 0 0
3 3699849 0 0
3 2706608 0 0
3 3407002 0 0
3 3691905 0 1
3 3879007 1 1
3 3366600 0 0
3 3517709 0 0
3 2071005 0 1
3 2700075 0 0
3 2496697 0 0
3 3798102 0 0
3 1915596 0 0
3 2671649 0 1
3 3835636 0 0
3 3846991 0 1
3 3260251 0 0
3 2373300 1 1
3 2065803 0 0
3 3085068 0 0
3 3179286 0 0
3 2827106 0 0
3 2840556 0 0
3 3215646 0 1
3 3275737 0 1
3 2930167 0 1
3 3185954 0 1
3 3822324 0 0
3 3864171 0 0
3 3137831 0 0
3 3512255 0 1
3 1584227 0 1
3 2385751 0 1
3 3810597 0 0
3 1971490 1 0
3 2885262 0 0
3 3595685 0 0
3 3214308 0 0
3 3637578 0 0
3 3362472 0 0
3 3846101 0 1
3 2600632 0 0
3 3179457 0 1
3 3254848 0 0
3 3634061 0 0
3 3821284 0 0
3 3845259 0 0
3 2249601 0 1
3 3273369 0 1
3 3273367 0 1
3 3263563 0 0
3 3647135 0 1
3 3744713 0 0
3 2854951 0 0
3 2908654 0 1
3 3056730 0 0
3 3173907 0 0
3 3537562 0 1
3 2732070 0 0
3 3442472 0 1
3 3442473 0 0
3 3341788 0 0
3 2586013 0 1
3 2784986 0 1
3 2700491 0 0
3 3457973 0 0
3 3751237 0 0
3 3115646 0 0
3 3265990 0 1
3 3330899 0 0
3 2740954 0 0
3 2732065 0 1
3 3114311 0 1
3 3377584 0 0
3 3600273 0 1
3 3237276 0 0
3 3261398 0 0
3 3015198 0 1
3 3316564 0 1
3 3423774 0 1
3 2531110 0 0
3 2196365 0 0
3 3424869 0 1
3 2025113 1 1
3 3359281 0 0
3 3249271 0 1
3 3764307 0 0
3 2438336 0 0
3 1569037 0 0
3 2278147 0 0
3 3501159 0 0
3 3263546 0 0
3 2278144 0 1
3 2628184 0 0
3 3833481 0 0
3 2943046 0 0
3 2981764 0 0
3 3019338 0 1
3 3424852 0 1
3 1914062 0 0
3 2990464 0 1
3 2474644 0 1
3 2692120 0 1
3 3216937 0 0
3 3021896 0 0
3 3798302 0 0
3 3249267 0 1
3 3377360 0 0
3 3021894 0 1
3 3821277 0 0
3 3492966 0 0
3 2635375 0 1
3 1190165 0 0
3 3307636 0 0
3 1803779 0 0
3 2896587 0 0
3 3697234 0 1
3 2629028 0 0
3 2712495 0 0
3 2610653 1 1
3 3414810 0 2
3 2186338 0 1
3 3570364 0 1
3 1308873 0 1
3 2705726 0 0
3 1253668 0 0
3 1483910 0 1
3 2002419 0 1
3 3663820 0 1
3 3555358 0 0
3 1082912 0 0
3 3420403 0 1
3 3639154 0 1
3 3817816 0 0
3 2000477 0 0
3 3419652 0 0
3 2001323 1 1
3 2990855 0 0
3 2876701 0 1
3 2630932 0 0
3 2876700 0 1
3 3381629 0 0
3 3618450 0 1
3 3730183 0 1
3 2769329 0 1
3 2956708 0 0
3 3050832 0 1
3 3299556 0 1
3 1568362 0 0
3 2876708 0 1
3 3630346 0 0
3 2876707 0 1
3 138681 0 0
3 2700454 0 1
3 3535733 0 0
3 3606484 0 1
3 1570456 0 1
3 3229211 0 0
3 3683425 0 1
3 3415048 0 1
3 3660324 0 0
3 3045463 0 0
3 3519024 0 0
3 2736621 0 0
3 3630330 0 0
3 3768339 0 0
3 3812114 0 0
3 2010275 0 2
3 3296277 0 1
3 3783711 0 0
3 2814228 0 0
3 3502833 0 1
3 3464696 0 1
3 2700224 0 0
3 3172004 0 0
3 3555574 0 0
3 3313041 0 1
3 2233876 2 1
3 3837407 0 0
3 3360479 0 0
3 3363505 0 0
3 3511796 0 0
3 3609961 0 1
3 3827843 0 0
3 1156933 0 0
3 3609962 0 0
3 2841812 0 0
3 2841813 0 0
3 2768211 0 0
3 3113236 0 0
3 3324177 0 0
3 3347491 0 0
3 2687805 0 1
3 3523543 0 1
3 2503966 0 1
3 2712683 0 0
3 3265521 0 0
3 2683441 0 0
3 3519030 1 1
3 2628382 0 1
3 2816851 0 1
3 3681275 0 0
3 2841806 0 1
3 3555588 0 1
3 3388057 0 0
3 3197539 0 0
3 3363735 0 0
3 3507065 1 1
3 1559686 0 0
3 3420614 0 0
3 3616260 1 1
3 2025545 0 1
3 3420617 0 0
3 3507060 0 1
3 2470923 0 0
3 3172010 0 0
3 1464140 0 0
3 2785049 0 0
3 3368184 0 0
3 3188826 0 0
3 2823152 0 0
3 3680178 0 0
3 3812137 0 1
3 1199610 0 0
3 3649160 0 0
3 3353935 0 0
3 1310905 0 0
3 1863421 0 0
3 3420442 0 1
3 2830981 0 1
3 3430489 1 1
3 2671031 0 0
3 2841635 0 0
3 3196872 0 0
3 3594920 0 0
3 3651400 0 1
3 3485125 0 1
3 3484035 0 0
3 3484034 0 0
3 2377073 0 0
3 2708122 0 0
3 2008397 0 1
3 3618650 0 0
3 1382229 0 0
3 2630977 0 1
3 2996190 0 0
3 3599376 0 1
3 3618899 0 0
3 3420433 0 0
3 3316967 0 1
3 3758708 0 1
3 3776159 0 0
3 3636073 0 1
3 2873624 0 0
3 3569557 0 1
3 3484289 1 1
3 3590332 0 0
3 3891388 0 1
3 3519068 0 0
3 3712737 0 1
3 3548636 0 0
3 3649148 0 0
3 138652 0 0
3 3079684 0 0
3 3197500 0 0
3 2862513 0 0
3 3279960 0 1
3 3117630 0 1
3 3420425 0 0
3 2430211 0 0
3 3431794 0 0
3 2650596 0 1
3 2651440 0 0
3 3486436 0 0
3 1501004 0 1
3 1868082 0 1
3 3485102 0 1
3 1526744 0 1
3 3082839 0 0
3 3407444 0 1
3 3266655 0 1
3 3407445 0 0
3 3626255 0 0
3 3841712 0 1
3 2443771 0 0
3 3358599 0 1
3 3359447 0 0
3 3673458 0 0
3 138663 0 0
3 2627258 0 1
3 138661 0 0
3 2718186 0 1
3 3484017 0 1
3 3722541 0 0
3 2700430 0 1
3 3683000 0 0
3 3088377 0 0
3 3315414 0 1
3 2883201 0 0
3 3149216 0 0
3 3420654 0 1
3 2503992 0 0
3 2768642 0 0
3 3515966 0 1
3 3008289 0 0
3 3868168 0 0
3 3114370 0 1
3 2768640 0 1
3 3288682 0 0
3 1420313 0 1
3 2913808 0 0
3 3590355 1 1
3 3322185 0 0
3 3523579 0 1
3 3590356 0 1
3 2817750 0 0
3 3674535 0 0
3 2700439 0 1
3 3502413 0 1
3 3359433 0 1
3 2799007 0 0
3 2799006 0 0
3 3590351 0 1
3 3618646 0 0
3 1475223 0 0
3 2700436 0 1
3 3359438 0 1
3 3873360 0 0
3 3506106 0 0
3 3120860 0 1
3 3279426 0 0
3 2780634 0 0
3 3863558 0 0
3 3621222 0 0
3 3847077 0 0
3 3829880 0 0
3 3771457 0 1
3 3439789 0 1
3 3439304 0 0
3 2740189 0 1
3 3131760 0 1
3 1475218 0 0
3 1781074 0 1
3 2443155 0 1
3 2994496 0 1
3 3094374 0 0
3 3395889 0 1
3 3506107 0 0
3 2649145 0 1
3 2994491 0 0
3 3337873 0 1
3 3667461 0 1
3 2994490 0 1
3 3487864 0 1
3 3873371 0 0
3 1693563 0 1
3 3769144 0 0
3 1968787 1 1
3 3403114 0 0
3 3065814 0 0
3 3530449 0 0
3 3866814 0 0
3 1555585 0 0
3 1876464 0 0
3 2666958 0 0
3 2615009 0 0
3 3635626 1 1
3 2216560 0 0
3 3876644 0 1
3 1156894 0 0
3 3401149 0 1
3 3015566 0 0
3 3326998 0 1
3 2241773 0 0
3 3779396 0 0
3 2803946 0 0
3 3781244 0 0
3 2906932 0 1
3 3268750 0 0
3 3485663 0 0
3 3540000 0 0
3 3733192 0 1
3 2627214 1 1
3 2929613 0 0
3 3073892 0 0
3 3876653 0 1
3 3890720 0 1
3 3876655 0 1
3 3508559 0 0
3 3860018 0 1
3 3475880 0 1
3 1291396 0 1
3 2997975 0 1
3 3452301 0 1
3 2198914 0 1
3 2734748 0 0
3 2734747 0 1
3 3068069 0 0
3 3109839 0 1
3 3710098 0 1
3 3082113 1 1
3 3797815 0 0
3 2567296 0 1
3 2893431 0 1
3 3481076 0 1
3 3660619 0 0
3 3861582 0 0
3 3618043 0 0
3 3718814 0 0
3 1414081 0 1
3 3461000 0 0
3 2364151 0 1
3 2702932 0 0
3 3804146 0 0
3 3207210 0 0
3 3157944 0 1
3 3508566 0 0
3 3199749 0 0
3 2798081 0 0
3 3414046 0 0
3 3016836 0 0
3 1994807 0 0
3 2825314 0 1
3 3259619 0 0
3 3840005 0 0
3 3140038 0 1
3 3543579 0 0
3 3038627 0 1
3 2627679 0 1
3 3097685 0 1
3 3311442 0 0
3 3667021 0 0
3 3579994 0 1
3 3206111 0 0
3 3829215 0 0
3 2838854 0 0
3 3530248 0 0
3 3651929 0 1
3 2517616 0 0
3 3332391 0 1
3 3415124 0 0
3 3440505 0 1
3 3440504 0 0
3 3590970 0 1
3 2783096 0 1
3 1637434 0 0
3 3590974 0 1
3 3701132 0 0
3 3680230 0 0
3 2447946 0 0
3 3579993 0 0
3 3677092 0 0
3 3870073 0 1
3 3195161 0 0
3 3791000 0 0
3 3616297 0 1
3 2244600 0 0
3 2242663 0 0
3 3540282 0 0
3 3409906 0 0
3 3621404 0 0
3 3735336 0 0
3 3713559 0 0
3 3267462 0 0
3 2008694 0 1
3 2740122 0 0
3 2892773 2 1
3 3182093 0 1
3 2491654 0 1
3 2822252 0 0
3 2999721 0 0
3 3343251 0 0
3 2930659 0 1
3 1269453 0 0
3 1750997 0 0
3 3681594 0 0
3 2909169 0 1
3 2687693 0 1
3 2687695 0 1
3 3512619 0 1
3 3833936 0 0
3 64544 0 1
3 3833933 1 0
3 3616064 0 1
3 2803992 0 0
3 3766292 0 1
3 2740138 0 0
3 3004883 0 0
3 3004882 0 0
3 3502815 0 1
3 3289491 0 0
3 3521798 0 1
3 3777188 0 0
3 1557988 0 0
3 2740136 0 1
3 3861380 0 1
3 2948165 0 0
3 3728812 0 0
3 3850014 0 0
3 2816821 0 0
3 2687457 1 1
3 3063220 0 1
3 3573580 0 1
3 3041679 0 1
3 3637413 0 0
3 3603638 0 1
3 1892770 0 1
3 2654340 0 0
3 3866668 0 0
3 2731869 0 0
3 1762394 0 0
3 2783064 0 1
3 2572046 0 1
3 3140077 0 0
3 3424680 0 1
3 3181860 0 0
3 3507834 0 0
3 2687026 0 0
3 3424676 0 1
3 3097805 0 1
3 3282448 0 1
3 3502399 0 0
3 3259402 0 1
3 3354360 0 0
3 3528766 1 1
3 2958331 0 1
3 3063237 0 0
3 2763694 0 1
3 3343246 0 0
3 3842692 0 1
3 3343248 0 0
3 3524162 0 0
3 3198048 0 1
3 2737157 0 0
3 3030774 0 1
3 3603620 0 0
3 1934365 0 1
3 1475844 0 0
3 3018421 0 1
3 3093213 0 0
3 3599740 0 0
3 3639824 0 0
3 3279485 0 0
3 1448691 0 0
3 3088740 0 1
3 3635690 0 0
3 2936317 1 1
3 3295727 0 0
3 3101722 2 1
3 2841371 0 0
3 3463834 0 0
3 3048088 0 0
3 3842688 0 1
3 3295978 0 1
3 3841598 0 0
3 1208906 0 0
3 3788711 0 0
3 2699222 0 0
3 2740323 0 0
3 3625881 0 0
3 3615849 0 0
3 3882928 0 1
3 3095885 0 1
3 3702496 1 0
3 3201083 0 1
3 1945025 0 0
3 3635685 0 0
3 3201085 0 0
3 2705365 0 1
3 2829486 0 1
3 2988180 0 1
3 3590948 0 1
3 3731862 0 0
3 3751457 0 0
3 3531955 0 0
3 3085466 0 0
3 3808793 0 1
3 3481230 0 0
3 3294630 0 0
3 3074330 0 1
3 3482561 0 0
3 3678532 0 1
3 3118379 0 1
3 2584053 0 0
3 3670810 0 0
3 3141370 0 0
3 3613640 0 0
3 151171 0 0
3 3082180 0 0
3 2443193 0 0
3 3797404 0 0
3 2809462 0 0
3 3843590 0 0
3 3716645 0 0
3 3049597 0 0
3 3433120 0 0
3 1260029 0 0
3 3620171 0 0
3 3311606 0 0
3 1550248 0 0
3 2189575 0 0
3 3436637 0 1
3 140039 0 1
3 3657866 0 0
3 2775882 0 1
3 1088941 0 0
3 2740308 0 1
3 3613645 0 0
3 3873169 0 0
3 3403798 1 1
3 3857506 0 0
3 2007759 0 1
3 2843129 0 0
3 2007755 0 0
3 3389846 2 1
3 2740314 0 0
3 3331228 0 0
3 3295547 0 1
3 3085439 0 1
3 1939854 0 0
3 2876698 0 0
3 3294215 0 0
3 1939852 0 0
3 1252637 0 0
3 2361065 0 1
3 3724277 0 0
3 3725366 0 1
3 3764732 0 1
3 3853387 0 1
3 2627817 0 1
3 2774533 0 1
3 3573360 0 0
3 3810202 0 0
3 3582077 0 0
3 201022 2 1
3 2292492 0 0
3 2373291 0 0
3 2413111 0 0
3 2718866 0 0
3 3049133 0 1
3 2839098 0 0
3 3193814 0 1
3 3656556 1 1
3 3168866 0 1
3 3350193 0 1
3 3207834 0 0
3 3852048 0 1
3 3352138 0 1
3 1403791 0 0
3 3345605 0 0
3 3018402 0 1
3 3389864 0 0
3 3880721 0 1
3 3122670 0 0
3 3471406 0 1
3 2604701 0 1
3 3656562 0 1
3 2958359 0 0
3 3237218 0 1
3 2766900 1 0
3 3377400 0 0
3 3063409 0 0
3 3460998 0 1
3 3866671 0 1
3 3726473 0 0
3 2766904 0 1
3 2892705 0 1
3 3687044 0 0
3 2720945 0 1
3 2892707 0 1
3 3786726 1 1
4 3664633 0 0
4 2852695 0 1
4 2071155 0 0
4 2599242 0 1
4 3194774 0 1
4 3749082 2 1
4 3651322 0 1
4 3249339 0 0
4 3350175 0 1
4 2952298 0 0
4 3056414 0 1
4 3572414 0 0
4 1847446 0 1
4 2570823 0 1
4 3150702 0 1
4 3322929 0 0
4 3835761 0 1
4 3225371 0 1
4 3012841 0 1
4 3200050 0 1
4 3329100 0 0
4 3752485 0 0
4 2678139 0 0
4 2785780 0 0
4 3517804 0 0
4 3194761 2 1
4 3653513 0 1
4 2633017 0 0
4 3407152 0 0
4 3844236 0 1
4 3477483 0 0
4 3825978 0 1
4 3135319 0 0
4 3189176 0 0
4 3259122 0 0
4 2797765 0 0
4 3273691 0 0
4 2794498 0 0
4 3442164 0 1
4 3123551 0 0
4 3064252 0 1
4 3275841 0 0
4 3250343 0 0
4 2008933 0 0
4 3625007 0 1
4 3551928 0 0
4 2141139 0 0
4 3262772 0 1
4 3649697 0 1
4 3675313 0 1
4 3294360 0 1
4 1664556 0 1
4 3406278 0 1
4 3294361 0 0
4 2071126 0 0
4 2071361 0 1
4 3878040 0 0
4 2394342 0 0
4 3844458 0 1
4 1906775 0 0
4 2779295 0 1
4 3785158 0 0
4 3826802 0 1
4 2384782 0 0
4 2888895 0 0
4 3228668 0 0
4 1310628 0 0
4 2385632 0 0
4 2464767 0 1
4 3443278 0 0
4 2128347 0 0
4 3204632 0 0
4 2591536 0 1
4 3707411 0 0
4 2374768 0 0
4 2213763 0 0
4 3227341 0 0
4 3638300 0 1
4 3457841 0 1
4 3290813 0 0
4 3699545 0 1
4 3694081 0 0
4 3112241 0 0
4 3573789 2 1
4 3572695 0 0
4 3416909 0 1
4 3565923 0 0
4 3565924 0 0
4 2385423 0 1
4 2726516 0 0
4 3074288 0 0
4 3189389 0 1
4 3000816 0 0
4 3288749 0 0
4 3390432 0 1
4 3665773 0 1
4 3663595 0 0
4 3201580 0 0
4 3551767 0 0
4 3127748 0 1
4 3348051 0 0
4 3349147 0 0
4 3137778 0 0
4 3565913 0 1
4 3663351 0 0
4 3423660 0 1
4 3537672 0 1
4 3534160 2 1
4 137603 0 0
4 3341635 0 0
4 3178029 0 0
4 3284113 0 0
4 3341637 0 1
4 3497044 0 0
4 3538799 0 1
4 3409109 0 0
4 3518705 0 0
4 3701927 0 0
4 3648569 0 0
4 3517619 0 0
4 2566579 0 0
4 2991689 0 0
4 3054653 0 1
4 3183620 0 0
4 3596601 0 0
4 1963326 0 1
4 3194748 0 2
4 1297576 0 1
4 3837720 0 0
4 3411439 0 0
4 3465012 0 1
4 3541931 0 1
4 3053560 0 1
4 2385440 0 0
4 3318896 0 1
4 2726523 0 0
4 3633068 0 0
4 3342739 0 0
4 3497297 0 1
4 3286784 0 0
4 2448492 0 1
4 3518717 0 1
4 2738504 0 0
4 2137097 0 0
4 3513025 0 1
4 2384340 0 2
4 3152734 2 1
4 3555236 0 1
4 3556325 0 0
4 3884537 0 0
4 3420763 0 1
4 3743381 0 0
4 2245957 0 0
4 3152732 0 1
4 2107835 0 0
4 3645951 0 0
4 3231647 0 1
4 2139427 0 0
4 3569642 0 0
4 3882597 0 1
4 3499207 0 1
4 3162786 2 2
4 3354931 0 1
4 3589485 0 0
4 3891079 0 0
4 3263482 0 0
4 2898852 0 0
4 3880170 0 0
4 3375077 0 0
4 1177974 0 0
4 2467409 0 1
4 2681169 0 1
4 3117738 0 0
4 1459933 0 1
4 1459932 0 0
4 3637087 0 1
4 3420510 0 0
4 3695769 0 0
4 3045108 0 1
4 3849523 0 1
4 2694245 0 0
4 2698846 0 0
4 3300079 0 1
4 3637085 0 1
4 3544592 0 0
4 3569638 2 1
4 3891065 0 1
4 3782506 0 1
4 3035542 1 0
4 3057594 2 1
4 3603060 0 1
4 3147130 0 0
4 3122094 0 0
4 3480806 0 1
4 2672469 0 2
4 3868076 0 0
4 2826300 0 0
4 2672220 0 1
4 3278957 0 1
4 3015729 0 0
4 3731174 0 0
4 3734200 0 0
4 3777375 0 0
4 3002897 0 1
4 3219299 0 1
4 2756345 0 1
4 2719199 0 1
4 2701435 0 0
4 2778135 0 1
4 3452149 0 0
4 2797382 0 0
4 2659480 0 0
4 2659484 0 1
4 3104664 0 0
4 3891082 0 1
4 3157155 0 1
4 3504917 0 0
4 3407773 0 0
4 3504916 0 0
4 3522322 0 0
4 1164415 0 1
4 3631521 0 0
4 2669046 0 1
4 3263479 0 0
4 3467867 0 0
4 3547849 0 0
4 2921515 0 0
4 2448089 0 0
4 2965574 0 1
4 2880285 0 1
4 1242033 0 0
4 3485489 0 0
4 2893369 2 1
4 3699943 0 0
4 3626397 0 1
4 3571762 0 0
4 3232543 0 0
4 3741390 0 0
4 3423821 0 0
4 535567 0 0
4 2736943 0 0
4 3401814 0 0
4 3213723 0 1
4 2449160 0 0
4 3160575 0 0
4 3180162 0 1
4 3439359 0 0
4 2911723 0 1
4 3267656 0 0
4 3219266 0 0
4 3019032 0 0
4 2366074 0 0
4 3872524 0 1
4 2073913 0 0
4 3495262 0 1
4 3025967 0 0
4 3319903 0 0
4 3014834 0 1
4 2712529 0 0
4 3522130 0 1
4 3064058 0 0
4 2998473 0 0
4 3162761 0 0
4 3490800 0 0
4 2008297 0 0
4 3766205 0 1
4 3358238 0 0
4 3232565 0 1
4 3088014 0 1
4 3828623 0 0
4 3292802 2 1
4 3544370 0 0
4 3786287 0 0
4 3369119 0 0
4 3161442 0 1
4 3263273 0 0
4 3162536 0 0
4 3677928 0 1
4 2276236 0 1
4 2637283 0 0
4 2615375 0 1
4 2962781 0 0
4 3554543 0 0
4 3872153 0 1
4 3174128 0 0
4 3564105 1 1
4 2771801 0 1
4 3589643 0 1
4 2893321 0 1
4 3781147 0 0
4 3094010 0 1
4 3094252 0 0
4 2631744 0 0
4 3485560 0 1
4 2941604 0 0
4 1586195 0 0
4 2385170 0 1
4 2637293 0 1
4 3127149 0 1
4 2377328 0 0
4 3589639 0 0
4 2939518 0 0
4 3592828 0 1
4 2022650 0 0
4 2856383 0 1
4 3120998 2 1
4 2856380 0 1
4 2674451 0 0
4 3301796 0 0
4 3487759 0 0
4 2631757 0 0
4 3818614 0 1
4 1084250 0 1
4 2733992 0 1
4 2827807 0 1
4 3291424 0 0
4 3838481 2 1
4 2691805 0 0
4 2733993 0 1
4 3670993 0 1
4 2700615 0 0
4 3359777 0 0
4 3615913 0 1
4 2663564 0 1
4 3538046 0 0
4 2700613 0 1
4 2850843 0 0
4 3817761 0 0
4 2857245 0 0
4 3212703 2 1
4 3234656 0 0
4 3349957 0 0
4 3381378 0 0
4 3693650 0 0
4 3750892 0 0
4 2526401 2 1
4 3807990 0 1
4 2526403 0 0
4 2732450 0 0
4 3002374 0 0
4 3546902 0 0
4 2732452 1 1
4 2847873 0 1
4 1475558 0 1
4 2964705 0 1
4 3119976 0 0
4 3304619 0 1
4 3541217 0 0
4 3208205 0 0
4 3206012 0 0
4 2838910 0 1
4 3276022 0 1
4 3692797 0 1
4 2871786 0 0
4 2526417 2 1
4 2180272 0 0
4 3303515 0 0
4 3852513 0 0
4 1175023 0 0
4 3463786 0 0
4 3724134 0 0
4 3724136 0 1
4 3512708 0 1
4 3299190 0 1
4 3853439 0 0
4 3407625 0 0
4 3621548 0 0
4 3714741 0 1
4 3022152 0 1
4 3660999 0 0
4 3440856 0 1
4 2010645 0 0
4 3702112 0 0
4 2902432 0 1
4 3702351 0 1
4 3098415 0 0
4 2876172 0 1
4 3808853 2 1
4 3510775 0 1
4 2799065 1 0
4 3558714 0 1
4 3808857 0 0
4 3808856 0 0
4 2136589 0 0
4 3322441 0 0
4 3772877 0 1
4 3294731 0 0
4 1978022 0 0
4 3702343 0 0
4 3723462 0 1
4 3852576 0 0
4 3722376 0 0
4 3205375 0 0
4 3792693 0 1
4 3282974 2 1
4 3874550 0 0
4 2266719 0 0
4 3206223 0 1
4 3282976 0 0
4 3622858 0 1
4 2667516 0 0
4 3472229 0 1
4 3235783 2 1
4 3221140 0 1
4 3015647 0 0
4 2329657 0 1
4 3220059 0 0
4 3110960 0 0
4 3519597 0 0
4 3671671 0 0
4 2170449 1 1
4 2846342 0 1
4 2191351 0 1
4 3425032 2 2
4 3097588 2 1
4 2600291 0 0
4 3014791 0 0
4 3425034 2 2
4 2964744 0 0
4 2687571 0 0
4 3809969 0 0
4 3329082 0 0
4 3329083 0 0
4 2729474 0 1
4 3795717 0 1
4 2206462 0 0
4 3758326 2 1
4 2740016 0 0
4 3247765 1 1
4 3247766 0 0
4 3543206 0 0
4 2409363 0 1
4 3039604 0 0
4 3163221 0 0
4 3424171 0 0
4 3036577 0 0
4 3129340 0 1
4 3033063 0 0
4 2443007 0 1
4 3359712 0 0
4 3505772 0 1
4 2688232 0 0
4 3561230 0 0
4 2007666 0 0
4 1553435 0 0
4 2658824 0 0
4 2717439 0 1
4 3152170 0 0
4 3109786 0 1
4 3334647 0 0
4 3644066 0 1
4 1576315 0 0
4 2124978 0 1
4 3687590 0 1
4 3132335 0 0
4 2887037 0 0
4 3076426 0 0
4 3334646 0 1
4 3816041 0 1
4 2668620 0 0
4 2902079 0 1
4 3451952 0 0
4 3154349 0 1
4 3546090 0 1
4 3582163 0 1
4 3737496 0 0
4 1334206 0 1
4 2542998 0 1
4 3460411 0 0
4 2721938 0 1
4 3514494 0 1
4 3478176 0 0
4 3679720 0 1
4 3504217 0 1
4 3663391 0 0
4 3446131 0 1
4 3259313 2 1
4 3623109 0 0
4 3627708 0 1
4 2789077 0 0
4 2008536 0 0
4 3867854 0 0
4 2816295 0 1
4 3784477 0 0
4 2246263 1 1
4 3352056 0 0
4 3622013 0 1
4 3245399 0 1
4 503388 0 0
4 3224453 0 0
4 3637516 0 1
4 3634249 0 1
4 3615968 0 1
4 3424782 0 1
4 2833861 0 0
4 3424774 0 1
4 3772255 0 1
4 3796684 0 1
4 2910290 0 1
4 3715267 0 0
4 2868789 0 0
4 2957103 0 1
4 2844755 0 1
4 2630042 0 1
4 2908827 0 0
4 3602671 0 0
4 2635975 0 0
4 3781197 0 1
4 3354461 0 1
4 3659912 0 0
4 3094683 2 1
4 3128056 0 0
4 3206418 0 1
4 3702368 0 0
4 2578976 0 1
4 3354466 0 1
4 3039004 0 1
4 3599400 0 0
4 3446146 0 0
4 3776825 0 0
4 2693867 1 1
4 3339058 0 0
4 3505571 0 1
4 3281022 0 0
4 3770042 0 0
4 3555834 0 0
4 3389959 0 0
4 3585487 0 0
4 3524099 0 0
4 3698053 0 1
4 3274729 0 0
4 3585484 0 0
4 3461711 0 1
4 2801629 0 1
4 3820356 0 0
4 3662093 0 0
4 2803809 0 1
4 3665121 0 1
4 3376648 0 1
4 2829187 0 0
4 2813616 0 1
4 3573492 0 1
4 3402108 0 0
4 3632031 0 0
4 3320427 0 0
4 3307210 0 0
4 1831475 0 1
4 3738549 0 0
4 3585471 0 0
4 3341380 0 0
4 2291039 0 0
4 3800735 0 0
4 3317255 0 0
4 3447652 0 0
4 3575672 0 1
4 3015243 0 0
4 2649923 0 0
4 3123632 0 0
4 1482682 0 0
4 2807148 2 1
4 1166581 0 1
4 3841034 0 0
4 3782012 0 0
4 3619047 0 0
4 2621154 0 0
4 3517571 0 1
4 3015242 0 0
4 1458347 0 0
4 3552552 0 0
4 3632492 2 1
4 3156547 0 0
4 3632495 0 0
4 3152188 0 1
4 3175046 0 0
4 3321530 0 1
4 3033903 0 0
4 3005218 2 1
4 1471781 0 0
4 3542514 0 1
4 3708702 0 0
4 2386005 0 0
4 2831247 2 1
4 3020337 0 0
4 2828460 2 1
4 2837179 0 0
4 2931480 0 1
4 3020335 2 1
4 1160573 0 0
4 3845691 0 0
4 3251532 0 1
4 3327028 0 1
4 2980897 0 1
4 3327025 0 1
4 2224981 0 0
4 3334801 0 1
4 1379641 0 0
4 3327020 0 1
4 3514400 0 0
4 3601170 0 0
4 3830194 0 0
4 3002912 0 0
4 1868024 0 1
4 3180493 0 1
4 3204303 0 0
4 2804020 0 1
4 2923627 0 1
4 3217846 0 1
4 3889039 0 0
4 2807536 0 1
4 3605556 0 0
4 3509063 0 0
4 3727182 0 1
4 2384649 0 0
4 3573618 0 1
4 3656900 0 1
4 3109374 0 1
4 3115843 0 0
4 3675404 0 0
4 2982829 0 0
4 3034976 0 0
4 3487198 2 1
4 3261597 0 1
4 3834322 0 1
4 3798364 0 1
4 3444223 0 0
4 3616209 0 0
4 3066556 0 1
4 3023866 0 0
4 3459969 0 0
4 2841416 0 0
4 3006050 0 0
4 2693642 0 1
4 3672160 0 0
4 2735164 0 0
4 2908436 0 0
4 3824738 0 0
4 3545138 0 0
4 2798987 0 0
4 2945662 0 0
4 3893553 0 0
4 2908435 2 1
4 3317002 0 1
4 2071006 0 0
4 3215409 0 0
4 3687640 0 0
4 3092415 0 0
4 1781429 0 0
4 3585810 0 0
4 2496697 0 0
4 2822906 0 1
4 3824743 0 0
4 2804003 0 1
4 1183200 0 1
4 2244596 0 0
4 3603128 0 0
4 3470992 0 0
4 3544059 0 1
4 3478231 0 0
4 2660514 0 0
4 3236166 0 1
4 3524466 0 1
4 2850188 0 1
4 3034991 0 1
4 3285529 0 0
4 3126768 0 1
4 3584557 0 0
4 3847674 0 0
4 3115870 0 0
4 2650972 0 0
4 3086146 0 1
4 2438311 0 1
4 2873238 0 1
4 3376483 0 0
4 442117 0 0
4 1502153 0 0
4 2729906 0 0
4 3115637 0 1
4 3507913 0 0
4 2607021 0 0
4 3890466 0 0
4 3443570 0 1
4 2722022 0 0
4 3403954 0 1
4 3665658 0 1
4 3878101 0 0
4 2808664 0 0
4 3721600 0 0
4 2293968 0 0
4 3242609 0 0
4 2784504 0 0
4 1764009 0 0
4 2737759 0 1
4 2784984 0 1
4 3111041 0 1
4 3848519 0 0
4 3258191 0 0
4 3323099 0 1
4 3626688 0 0
4 3625593 2 1
4 3114552 0 1
4 3652101 0 1
4 3836304 0 0
4 2556666 0 0
4 3836300 0 0
4 2886329 0 1
4 3502481 0 0
4 3228333 0 1
4 3689637 0 0
4 2861023 0 1
4 2635124 0 1
4 2007922 0 0
4 3648447 0 0
4 3760182 0 1
4 3275526 0 1
4 1892556 0 0
4 2267487 0 1
4 3452297 0 0
4 3784159 0 0
4 2908876 0 1
4 3162801 0 0
4 3056714 0 0
4 3572316 0 0
4 1852906 0 0
4 1852903 2 1
4 3616859 0 0
4 2737781 2 1
4 2908875 2 2
4 2831897 1 1
4 3591276 0 1
4 2828472 0 0
4 3021899 0 1
4 2635376 0 0
4 2767156 0 1
4 2913645 0 0
4 3749176 0 0
4 2911467 0 0
4 2769330 2 1
4 3232603 0 1
4 2910374 0 0
4 2896582 0 1
4 3630912 0 1
4 2629028 0 0
4 3264882 0 0
4 3493804 0 0
4 3264881 2 1
4 2949813 0 0
4 3555598 0 0
4 3177914 0 1
4 3576294 0 0
4 1524788 0 1
4 3511774 0 0
4 3609741 0 0
4 3644746 0 1
4 3104537 0 1
4 3490506 0 0
4 3519258 0 1
4 2384813 0 1
4 3490505 1 1
4 1156909 2 1
4 3548821 0 0
4 2953660 0 0
4 3139886 0 0
4 3590129 2 1
4 3857272 0 0
4 3700773 0 0
4 3055045 0 1
4 2813127 0 0
4 2366155 0 1
4 3481807 0 1
4 3177920 0 0
4 3658245 0 1
4 2479996 0 0
4 3580304 0 0
4 3399391 0 1
4 2952328 0 0
4 2841824 0 0
4 3621635 0 0
4 1280401 0 0
4 3847228 0 0
4 2770545 0 0
4 2816880 0 1
4 3465542 0 1
4 3628264 0 1
4 3813202 0 1
4 2687830 0 0
4 3465544 0 0
4 3872692 0 0
4 3068572 0 0
4 2136498 0 0
4 3163528 0 0
4 3420628 0 1
4 3714961 0 0
4 2687807 0 0
4 2873454 0 0
4 3164621 0 0
4 2011155 0 0
4 2797018 0 0
4 3289979 2 1
4 1434757 0 0
4 2840956 0 0
4 2659366 0 0
4 1592487 0 0
4 3849624 0 1
4 3254655 0 0
4 3068105 0 1
4 1464384 0 0
4 3136102 0 1
4 2687814 2 1
4 1464381 0 0
4 2687815 0 0
4 2011142 0 0
4 2760722 0 0
4 1885437 0 1
4 2073818 0 1
4 3350425 0 0
4 3358146 0 0
4 1434751 0 0
4 2881064 0 0
4 3659120 0 0
4 3357283 0 0
4 1090580 0 1
4 3317824 0 0
4 3830831 0 1
4 3351739 0 0
4 3891391 0 1
4 2806879 0 0
4 3891390 0 0
4 1579223 0 1
4 3289782 0 1
4 3098373 0 1
4 2954310 0 0
4 3409401 0 0
4 3891393 2 1
4 3351987 0 0
4 3625184 0 0
4 416478 0 0
4 2010004 0 0
4 2816679 0 0
4 3090653 1 1
4 2640782 0 0
4 2779317 0 1
4 2859338 0 0
4 3318902 0 1
4 2732466 0 0
4 2735733 0 1
4 2931430 0 1
4 3065056 0 1
4 3734755 2 2
4 3301476 0 1
4 3488881 0 0
4 2662798 0 0
4 514719 0 0
4 2730282 0 0
4 3452219 0 0
4 3170265 0 1
4 3683498 0 0
4 2941260 0 1
4 3792613 0 1
4 2771822 0 1
4 3439243 0 0
4 3607983 0 0
4 2771826 0 1
4 1839760 0 1
4 2385968 0 1
4 3674303 0 0
4 3466869 2 1
4 3826559 2 1
4 3806508 0 1
4 1550823 0 0
4 2663437 0 1
4 3829827 0 0
4 3533144 0 1
4 1568587 0 0
4 1977684 0 0
4 3370327 2 1
4 3662563 0 1
4 2070990 0 0
4 3419668 0 1
4 3662569 0 1
4 2840751 0 1
4 2740095 0 0
4 3590354 0 1
4 3778792 0 1
4 2850309 0 1
4 3732591 0 1
4 3429466 0 0
4 2661248 0 0
4 2799007 0 0
4 2799006 0 0
4 2940168 0 1
4 3827461 0 0
4 3034062 0 0
4 3426467 0 0
4 3533960 0 0
4 3232573 2 1
4 3888619 0 0
4 2206511 0 1
4 3888614 0 0
4 2997766 0 0
4 2414821 0 1
4 3025344 0 1
4 1784589 0 1
4 3349853 0 1
4 3797604 0 1
4 3888612 2 1
4 3084565 0 1
4 3759329 0 0
4 3088918 0 1
4 3541113 0 1
4 3337635 0 1
4 3637815 0 0
4 3004658 0 0
4 2649144 0 0
4 3722288 0 0
4 3599577 0 0
4 3748667 0 0
4 3771225 0 0
4 3195175 0 1
4 2687673 0 0
4 3195172 0 1
4 3533951 0 1
4 3807844 0 1
4 3121722 0 1
4 3245400 0 1
4 3118317 0 0
4 3610109 0 0
4 3841526 0 1
4 1266394 0 0
4 3315623 2 1
4 3446097 2 1
4 3667004 0 1
4 3281960 0 0
4 2195633 0 0
4 3369203 0 0
4 2241773 0 0
4 3415795 0 1
4 2586628 0 0
4 3419918 0 0
4 3485663 0 0
4 3594901 0 0
4 3058012 0 0
4 3539048 0 1
4 3544609 0 0
4 3484577 0 0
4 3395409 0 0
4 2120060 0 0
4 3825272 0 0
4 3509401 0 0
4 3001171 0 0
4 2824875 0 1
4 3561184 2 0
4 2809019 0 1
4 2074192 0 0
4 3717729 0 0
4 2824878 0 1
4 3263074 0 1
4 3005773 0 1
4 3385619 0 0
4 3385618 2 1
4 2567299 0 0
4 2632988 0 1
4 3493263 0 0
4 2584629 0 0
4 2974205 0 0
4 3590957 0 0
4 3564025 2 1
4 425582 0 1
4 1852683 0 1
4 2840941 0 0
4 2790127 2 1
4 3599538 0 0
4 3630144 0 0
4 2790124 0 1
4 3876830 0 0
4 3598686 2 1
4 3875984 0 0
4 3017930 0 1
4 3206356 0 0
4 3345222 0 1
4 3369898 0 0
4 3438422 0 0
4 3451631 0 1
4 2410251 0 1
4 3407750 0 0
4 3461428 0 1
4 2900126 0 0
4 3701132 0 0
4 2790130 0 1
4 2941756 0 0
4 3469389 1 1
4 3461421 0 1
4 3539056 0 0
4 2780818 0 0
4 2040151 0 0
4 2665694 0 0
4 3579742 0 0
4 3446054 0 1
4 3403367 0 1
4 3827008 0 0
4 1942180 0 0
4 2803981 0 1
4 2999724 0 0
4 2950013 0 0
4 3734005 0 1
4 2117940 0 0
4 3354396 0 1
4 3175325 0 0
4 3616067 0 1
4 3414011 0 0
4 2150975 0 1
4 2632782 0 1
4 3246798 0 0
4 3464717 0 1
4 3139259 0 0
4 2447967 0 0
4 2949848 0 1
4 3880734 0 1
4 2670825 0 0
4 3470580 0 0
4 3084169 0 0
4 3434253 0 0
4 3054995 0 0
4 3486932 0 0
4 1821330 0 0
4 3387609 0 0
4 3823700 0 0
4 3214188 0 0
4 3140077 0 1
4 3159937 0 1
4 3445146 0 0
4 2727116 0 0
4 2774585 0 0
4 2131138 0 1
4 2111548 0 1
4 2646726 1 1
4 2783055 0 0
4 2783054 0 0
4 3214171 0 0
4 1866232 0 0
4 3337800 0 0
4 3885191 0 0
4 3052582 0 1
4 156660 0 0
4 3021845 0 0
4 3612332 0 0
4 2625438 0 1
4 3474968 0 0
4 3469372 0 0
4 3529645 0 0
4 3722906 0 1
4 3034916 0 0
4 3549451 0 1
4 3290042 0 0
4 3625882 0 1
4 3699448 0 0
4 3724088 0 1
4 3784118 0 0
4 1192792 0 1
4 2096525 0 1
4 3608083 0 1
4 3366323 0 0
4 3633266 0 1
4 2238757 0 1
4 2752797 0 1
4 2691514 0 0
4 3600136 0 1
4 3266188 0 1
4 3517424 0 1
4 2709962 0 0
4 3118137 0 0
4 3520826 0 0
4 3819682 2 1
4 3819680 2 1
4 3891404 0 0
4 3538583 0 0
4 3793292 0 1
4 2644320 0 1
4 3701397 0 1
4 3832880 0 1
4 1852285 0 0
4 3413594 1 1
4 3843590 0 0
4 3783481 0 1
4 2658740 0 1
4 3458412 0 0
4 3708850 0 0
4 2682614 0 1
4 3848807 0 0
4 2845791 0 1
4 3336903 0 1
4 3580901 0 1
4 3890744 0 1
4 3228957 0 1
4 3596663 0 1
4 3586449 0 0
4 2727312 0 0
4 3284666 2 2
4 2959221 0 1
4 3415761 0 1
4 2936323 0 0
4 3343683 0 0
4 2247276 0 1
4 3252812 0 0
4 3276805 0 1
4 3652181 0 1
4 3417704 0 0
4 3575318 0 1
4 2877789 2 1
4 3658965 0 0
4 3112414 0 0
4 3595104 0 1
4 3013186 0 0
4 3282214 0 1
4 3688388 0 0
4 3772322 0 1
4 2132017 0 0
4 3771473 0 1
4 3120245 0 0
4 3809217 2 1
4 2726499 0 0
4 3715333 0 1
4 3519638 0 0
4 2527496 0 1
4 3102616 0 0
4 3412243 0 1
4 2782156 0 1
4 3102615 2 1
4 3843572 0 1
4 3215216 0 0
4 3751665 0 1
4 3800409 0 0
4 3135503 0 1
4 3474918 0 1
4 3354554 0 1
4 3163180 2 1
4 2887127 0 0
4 3771485 0 1
4 2689473 0 0
4 3350181 0 0
4 1852294 0 1
4 2596461 0 1
4 2775859 0 1
4 2842257 0 0
4 2906723 0 1
4 2613406 0 0
4 3397234 0 0
4 3239630 0 0
4 1994671 0 1
4 3878887 0 0
5 2943109 0 0
5 3683398 0 0
5 3342549 0 0
5 3878254 0 1
5 3878496 0 0
5 2211302 0 1
5 3878251 0 0
5 2769280 0 0
5 3322934 0 0
5 2810817 0 0
5 2873394 0 0
5 3561510 0 0
5 3551713 0 0
5 2769286 2 1
5 3696471 0 1
5 2117003 0 1
5 3606513 0 0
5 3868699 0 0
5 3413832 0 0
5 3845578 0 0
5 3249337 2 0
5 1388246 0 0
5 2945520 0 0
5 3538730 0 0
5 3833587 0 0
5 2464778 0 0
5 3506900 0 0
5 2837048 0 0
5 3563701 0 1
5 2180729 0 0
5 2632162 0 1
5 2781159 0 0
5 3342550 0 1
5 3614380 0 0
5 2769276 0 0
5 3432333 0 1
5 2991659 0 0
5 3673581 0 1
5 2222673 0 1
5 3132043 0 0
5 2714572 0 0
5 3273697 0 0
5 3162710 0 1
5 3262568 0 0
5 3558356 0 0
5 2726549 0 1
5 2707802 0 0
5 2794498 0 0
5 2981853 0 0
5 3174928 0 1
5 3377429 0 0
5 3019007 2 0
5 1413549 1 0
5 3090107 0 0
5 3200284 0 0
5 3663320 0 0
5 1112595 0 0
5 1280927 0 0
5 1112598 0 0
5 3276933 0 1
5 3784075 2 1
5 3276935 0 0
5 3775118 1 0
5 2657235 0 1
5 3791839 0 1
5 3276928 0 0
5 1469559 1 0
5 3030047 0 1
5 3276929 0 0
5 2760694 0 0
5 3134698 0 0
5 1131908 1 0
5 3598820 0 0
5 2360582 0 0
5 3598821 0 0
5 3406278 0 0
5 3445446 2 0
5 1253515 0 0
5 2518014 0 0
5 2707811 0 0
5 2908798 0 0
5 3113998 0 0
5 31339 0 0
5 3095803 0 0
5 3423841 0 1
5 3639886 0 0
5 2073546 0 0
5 3641960 0 0
5 1065094 0 1
5 3021334 0 0
5 3488385 0 1
5 3023754 0 1
5 3042019 0 1
5 1679810 1 0
5 1781780 1 0
5 3641729 0 1
5 3193698 0 0
5 2140058 0 1
5 3134683 0 1
5 3134684 0 0
5 3785158 0 0
5 3874924 0 0
5 3488388 0 1
5 3075148 0 1
5 2646345 0 1
5 3678816 0 0
5 2726511 0 0
5 2769480 0 0
5 1751060 1 1
5 3124463 0 1
5 2690073 0 0
5 2807440 0 1
5 3515415 0 1
5 3562643 0 1
5 3379870 0 0
5 3750274 0 0
5 1781795 1 0
5 3457600 0 0
5 2118137 0 1
5 3415813 0 1
5 3516980 0 0
5 1175911 2 0
5 2978244 0 0
5 3237145 0 0
5 3189145 0 1
5 3572695 0 1
5 2628084 0 0
5 3463053 0 1
5 3487024 0 1
5 3804823 0 1
5 2292750 0 0
5 3350135 0 1
5 2429967 0 0
5 3502108 1 1
5 3664446 0 0
5 3341425 0 0
5 3487274 0 0
5 3638531 0 1
5 2657241 0 0
5 2695771 2 0
5 2821515 0 0
5 3431046 0 1
5 3453494 0 0
5 2931399 0 0
5 3074270 0 1
5 3168459 0 0
5 2222237 2 1
5 3201100 0 0
5 3463042 1 1
5 2920273 2 1
5 3350126 0 0
5 3409130 2 1
5 3463047 0 0
5 3729689 0 0
5 2670007 0 0
5 2693567 0 1
5 3064453 0 1
5 1784604 0 0
5 3064452 2 1
5 2771785 0 0
5 2448025 0 1
5 2939901 0 1
5 2934212 0 0
5 3423659 0 1
5 3732623 0 1
5 2933125 0 0
5 3262570 0 0
5 3262572 0 0
5 2384359 0 0
5 2639604 0 1
5 3647233 0 0
5 2921133 0 0
5 2923796 0 0
5 3837720 0 0
5 3261489 0 0
5 2890912 0 0
5 3263668 0 0
5 3706379 0 0
5 1044781 0 0
5 3168462 0 0
5 3420376 0 1
5 3762010 0 1
5 3286784 0 0
5 3649648 0 1
5 2424060 0 0
5 3523055 0 0
5 3110299 0 0
5 3678614 0 1
5 3010642 0 1
5 1435760 0 1
5 3227136 0 0
5 3685380 0 1
5 3000846 0 1
5 3371944 0 0
5 3745931 0 0
5 2795166 0 0
5 3151403 0 0
5 2700565 0 1
5 3151405 0 0
5 3291708 0 1
5 3863839 0 1
5 3884537 0 1
5 1940263 2 0
5 2244628 1 1
5 2701411 0 0
5 3420763 0 0
5 2245957 0 0
5 3847592 0 0
5 2700561 0 0
5 2984298 0 0
5 2672442 2 1
5 3847353 0 1
5 3882597 0 0
5 2001686 0 1
5 3542161 0 0
5 3348008 0 0
5 3404270 0 0
5 3544587 0 0
5 3136496 0 0
5 2927493 0 1
5 3043171 0 0
5 3410721 0 0
5 3833183 0 1
5 3268931 0 1
5 3305527 0 0
5 3410720 0 0
5 3152729 0 0
5 3160360 0 1
5 2479635 0 0
5 2244618 0 0
5 2818706 0 0
5 3682695 0 0
5 2984288 0 1
5 2657285 0 2
5 2657284 0 1
5 3606122 0 0
5 3884541 0 0
5 3361213 0 0
5 3606126 0 0
5 3325356 1 1
5 3362303 0 1
5 3490884 0 0
5 2217250 0 1
5 3446927 0 1
5 2668171 0 0
5 3125360 0 0
5 3129960 0 0
5 3268705 0 0
5 3031187 0 0
5 3628143 0 1
5 3153808 0 0
5 3618104 0 1
5 3681363 0 0
5 2797375 0 0
5 3336243 0 1
5 3102012 0 0
5 2048992 0 0
5 2769425 0 0
5 3888913 2 1
5 2790738 0 0
5 3384802 0 1
5 2978822 0 0
5 3227160 0 0
5 3161475 2 1
5 2873338 0 0
5 2359996 1 1
5 3410700 0 0
5 2761945 0 0
5 3856285 0 0
5 3671115 2 0
5 1065004 1 1
5 2627179 2 1
5 3339755 0 0
5 2409727 0 0
5 2700593 0 0
5 3521473 0 0
5 3512777 0 1
5 2672212 0 1
5 2650680 0 0
5 3160397 0 0
5 2361843 0 1
5 3268920 0 0
5 3866074 0 0
5 3465201 0 0
5 3789359 0 0
5 2125476 0 0
5 3037981 0 1
5 3743341 0 1
5 2206392 1 1
5 3719234 2 1
5 2921519 0 0
5 2576164 2 1
5 2807848 0 1
5 3794937 0 0
5 3881221 0 0
5 3792511 0 0
5 2672247 0 0
5 2672246 0 0
5 2699965 0 1
5 2707160 0 0
5 3779771 0 0
5 3632848 0 1
5 2385820 1 0
5 2567289 0 0
5 2734531 0 0
5 3699701 0 0
5 3775175 0 0
5 3592626 0 0
5 3409526 0 0
5 3395961 0 0
5 3626391 0 1
5 3649270 0 1
5 3336229 0 0
5 535548 0 1
5 2720379 0 0
5 2367394 0 0
5 2687743 0 0
5 3152527 0 1
5 3616125 0 0
5 3153853 0 0
5 3861449 0 1
5 3092958 0 0
5 2699974 0 1
5 2829621 1 0
5 2929490 0 0
5 3113186 0 0
5 2694288 0 1
5 2829622 0 0
5 3113185 0 0
5 2933732 0 1
5 3606326 1 1
5 2361869 0 1
5 3160575 0 0
5 3733300 0 1
5 524672 0 0
5 3061803 0 0
5 3083816 0 1
5 2526518 0 0
5 1567365 0 0
5 3743337 0 1
5 2409543 1 1
5 2366074 0 0
5 3488523 2 0
5 2816327 0 1
5 3239171 0 0
5 3639699 0 1
5 3334021 0 0
5 3744454 0 0
5 3199803 0 0
5 3461290 0 1
5 3808802 0 1
5 2276480 0 0
5 3255438 0 0
5 1989755 2 0
5 3409508 0 0
5 2151774 0 1
5 2996293 0 0
5 3163854 0 0
5 194433 0 1
5 3162763 0 1
5 1987337 2 1
5 2140887 0 0
5 3501674 0 0
5 2702964 0 0
5 1550946 1 0
5 1568462 1 0
5 2922876 0 0
5 3497213 0 1
5 3090317 0 1
5 3502773 0 1
5 3685545 0 0
5 2599294 2 0
5 3195434 0 1
5 2672258 0 0
5 2672256 0 0
5 3015939 0 0
5 3734890 0 1
5 3671146 0 0
5 3405157 2 1
5 137223 1 1
5 2989756 0 1
5 3148242 0 0
5 3781830 0 0
5 3611781 0 0
5 2815825 0 0
5 2918823 0 1
5 3283800 0 0
5 3276035 0 1
5 3808824 0 0
5 2994134 0 0
5 3015667 0 1
5 2078590 0 1
5 3841890 0 0
5 3767072 2 1
5 2276505 0 0
5 3759689 0 0
5 2803845 0 0
5 2923171 0 1
5 3725431 0 0
5 2448722 0 0
5 3514081 0 0
5 3517591 0 0
5 2918831 0 1
5 3725448 0 0
5 2860403 1 1
5 3470297 0 1
5 2730248 0 1
5 3665179 0 1
5 3803125 0 0
5 2918838 0 0
5 2698203 0 1
5 3349988 0 0
5 2500261 0 1
5 2698204 0 1
5 3682975 0 0
5 2074098 0 0
5 2672274 0 1
5 3104489 0 1
5 1697806 0 0
5 2575604 0 0
5 3733069 0 0
5 2844379 0 1
5 2672273 0 0
5 3464619 0 0
5 2707001 0 0
5 3291424 0 1
5 3003213 0 1
5 3003214 0 0
5 3368485 1 1
5 3373988 1 1
5 2984325 0 0
5 2631758 0 0
5 2850844 0 0
5 3809936 0 0
5 3129533 0 0
5 2517969 0 1
5 3866926 0 0
5 3349957 0 0
5 1820987 0 0
5 2860418 0 0
5 2194668 0 0
5 3113193 0 0
5 3740616 0 0
5 2850857 0 1
5 3301586 0 1
5 2762079 0 0
5 3002374 0 0
5 3045096 0 0
5 2871551 0 0
5 2964707 2 1
5 3335556 0 1
5 3665183 0 1
5 2918854 0 0
5 3793571 0 0
5 3745295 0 0
5 1180854 2 0
5 3633780 0 0
5 3016307 0 1
5 3589852 0 1
5 2939533 0 0
5 2629982 0 0
5 3543882 0 0
5 3876309 1 2
5 3102086 0 0
5 3724375 0 0
5 2850863 0 1
5 3038794 0 0
5 1519159 0 0
5 1314890 0 0
5 3368213 0 0
5 3391195 2 1
5 1315984 0 0
5 2733966 0 1
5 3085970 0 0
5 2804733 0 0
5 2918863 0 0
5 3660999 0 0
5 3841695 0 1
5 3500728 0 1
5 2605761 0 0
5 2672084 0 1
5 2975892 0 0
5 3516060 0 0
5 3669561 0 0
5 3209998 0 0
5 2876172 0 0
5 3556531 0 0
5 1569821 0 1
5 2799065 0 1
5 3790043 0 0
5 2615326 0 0
5 3357550 0 0
5 3291459 0 0
5 3806430 0 1
5 1913514 0 0
5 3713668 0 0
5 2629964 2 1
5 3756360 0 0
5 2629965 0 0
5 3427222 0 0
5 3658208 0 0
5 2794850 0 0
5 3208414 0 1
5 2387156 0 1
5 1868926 0 1
5 2938495 0 0
5 3491184 0 0
5 3789283 0 1
5 3068139 0 1
5 3531006 0 0
5 3788190 0 0
5 3853897 0 1
5 3405669 0 0
5 2020460 2 0
5 3531001 0 0
5 3871041 0 1
5 2936076 0 1
5 2467420 0 1
5 2835690 0 1
5 3693450 0 0
5 3789280 2 1
5 3223569 0 0
5 3163218 0 0
5 2718108 0 0
5 3248865 0 0
5 3586394 0 0
5 3108676 2 1
5 3097588 0 0
5 3658216 0 1
5 3671434 0 0
5 3217590 0 0
5 2448948 0 1
5 3854980 0 0
5 2715073 0 0
5 2516432 0 0
5 3641369 0 1
5 3299160 0 1
5 3658220 1 0
5 3329083 0 1
5 3445096 0 1
5 3872384 2 1
5 3015896 0 1
5 3016743 0 0
5 3355351 2 1
5 3658225 0 0
5 1702348 0 1
5 3063932 0 0
5 3712110 0 1
5 1524974 0 0
5 2740013 0 0
5 2490672 0 1
5 3003678 0 0
5 2740015 0 0
5 2804729 0 0
5 2805817 0 0
5 3233371 0 0
5 3314604 0 0
5 3222000 0 0
5 2490671 0 1
5 3163221 0 0
5 3280315 0 1
5 2664477 0 0
5 3227933 0 1
5 3483577 0 0
5 3814076 0 0
5 3878774 0 0
5 3549590 0 0
5 3639712 0 0
5 3878531 0 1
5 3632087 0 0
5 2727489 0 1
5 3354493 0 1
5 3344685 0 0
5 1784620 0 0
5 3052454 0 0
5 3623122 0 1
5 3152170 0 0
5 3785589 0 0
5 2856538 0 1
5 3763794 0 1
5 1033756 0 0
5 3400351 0 1
5 2212471 0 1
5 3684086 1 1
5 3614664 0 0
5 3427827 0 0
5 2615763 0 0
5 2856542 0 1
5 3530725 0 0
5 1824715 2 1
5 3820321 0 0
5 3156761 0 0
5 3750226 0 0
5 3337929 0 0
5 1533819 1 0
5 3679963 1 0
5 3679720 0 1
5 3224442 0 1
5 2532955 0 0
5 3702388 0 1
5 3169864 0 1
5 1971672 0 0
5 3469224 1 0
5 2924432 0 1
5 2974906 0 0
5 3829103 0 0
5 2853042 0 1
5 3354470 0 0
5 3383153 0 1
5 3527347 0 1
5 2957572 0 0
5 3646226 0 0
5 3245395 0 1
5 3524075 0 0
5 3777932 0 1
5 3530759 0 0
5 1533805 0 0
5 2599425 0 0
5 3357508 0 1
5 3513175 0 1
5 3697146 0 0
5 3320492 0 0
5 2741533 0 0
5 3245399 0 1
5 2926867 0 0
5 3259551 0 0
5 3542949 0 0
5 2774694 0 0
5 3345529 0 0
5 3810756 0 0
5 3038394 0 0
5 3639921 0 1
5 3805168 0 0
5 3424779 0 1
5 1780053 0 0
5 1097749 1 0
5 2841247 0 1
5 3385346 0 0
5 3652043 0 0
5 2846933 0 0
5 3628802 0 0
5 3461766 0 1
5 3652045 0 1
5 1784650 0 1
5 3301733 0 0
5 1780052 0 1
5 1277817 0 0
5 1994592 0 0
5 3559148 0 1
5 3354466 0 1
5 3520703 0 0
5 1602206 0 0
5 3712160 0 0
5 3015225 1 0
5 2443076 0 0
5 3809316 0 0
5 1282576 1 0
5 3563698 0 1
5 2176139 0 0
5 2330030 0 1
5 2824745 0 1
5 3027454 0 0
5 2330032 0 0
5 3461711 0 0
5 3789906 0 0
5 3109347 0 1
5 3517557 0 0
5 3517554 0 0
5 3876317 0 1
5 3789901 0 1
5 3876312 0 0
5 153482 0 0
5 3874379 0 0
5 2266901 0 0
5 2936680 0 0
5 3410193 0 0
5 2688280 0 0
5 554981 0 0
5 3690792 0 0
5 3649949 0 0
5 3563462 0 1
5 1201178 1 0
5 3868702 0 1
5 3458782 0 0
5 2841068 0 0
5 2900082 0 1
5 3137810 0 0
5 3647520 0 0
5 3484605 2 1
5 3665130 0 1
5 2443069 0 1
5 3317011 0 1
5 3113866 0 1
5 2576976 0 1
5 3671804 0 0
5 3388642 0 0
5 3015243 0 0
5 3259355 0 0
5 2633340 0 1
5 3858709 0 1
5 3519516 0 0
5 2633342 0 1
5 2783122 0 0
5 3655108 0 0
5 3274713 0 0
5 3410188 0 0
5 3516242 0 0
5 1824745 0 0
5 3680301 0 0
5 1824744 0 0
5 3619046 0 1
5 2075500 0 0
5 2075501 0 1
5 3234052 0 0
5 2082032 0 0
5 2479244 0 0
5 3379937 0 0
5 3015242 0 0
5 3354434 0 1
5 3786616 0 1
5 2693611 0 0
5 3015255 0 1
5 3750689 0 1
5 3258019 0 1
5 3772697 0 1
5 2857854 0 0
5 3830149 0 0
5 3584125 0 0
5 3866318 0 0
5 3648833 0 0
5 3199233 0 0
5 1976906 0 1
5 3750688 0 1
5 3251624 0 1
5 3517589 0 0
5 3350064 0 0
5 3094002 0 1
5 3220902 0 1
5 3542514 0 0
5 3658866 0 0
5 3632018 0 0
5 3485910 0 0
5 3671823 2 1
5 2576756 0 1
5 3110337 0 0
5 2765939 0 0
5 3542519 0 1
5 1513255 0 0
5 3087275 0 1
5 3362033 0 0
5 3286878 0 0
5 2071038 0 0
5 3204541 0 0
5 3560787 0 1
5 2729942 0 0
5 3835406 0 0
5 3513313 0 0
5 3430047 0 0
5 2599363 0 0
5 3605542 0 0
5 2808613 0 0
5 2138298 0 0
5 2385505 0 0
5 2874368 0 0
5 2438353 0 0
5 3299954 0 1
5 1906866 0 0
5 3002912 0 1
5 1277869 0 0
5 3653868 0 0
5 3387584 0 0
5 3718230 1 0
5 3260236 0 1
5 3538602 0 1
5 3789894 0 0
5 3789895 0 0
5 2827125 0 1
5 3477366 0 0
5 3512476 0 0
5 3459714 0 0
5 3638692 0 1
5 3236149 0 0
5 1892149 0 0
5 2784782 0 0
5 3137850 0 0
5 3871998 0 0
5 3271399 0 1
5 3477363 0 0
5 2599355 0 0
5 3797273 0 1
5 1602198 1 0
5 3789899 0 1
5 2946721 0 1
5 3855244 0 0
5 3446883 0 0
5 2374628 0 0
5 3738093 0 0
5 3168384 0 1
5 2408924 0 1
5 3023867 0 0
5 3182208 0 0
5 3251794 0 0
5 3236157 0 0
5 3303088 0 0
5 2449031 0 1
5 3675670 0 0
5 2267201 0 0
5 3428182 0 1
5 2137186 0 1
5 2934536 0 0
5 3113870 0 0
5 3184633 0 0
5 2954374 0 1
5 3236153 0 0
5 2850177 0 0
5 2798987 0 1
5 2908671 0 0
5 3407245 0 0
5 3319422 0 1
5 3655825 0 1
5 2769370 0 0
5 3617997 0 0
5 3420695 0 0
5 3420455 0 1
5 2496697 0 0
5 2396649 0 1
5 3122596 0 1
5 3126719 0 0
5 3148967 0 0
5 3304164 0 0
5 3605530 0 1
5 2739517 0 1
5 2957620 0 1
5 2478803 0 0
5 2827106 0 0
5 3087249 0 1
5 3734730 0 0
5 3756980 0 1
5 3730371 0 0
5 3350022 0 0
5 3113881 0 0
5 3333708 0 0
5 2601994 0 0
5 3864172 0 0
5 3200155 0 0
5 2909991 0 1
5 2361560 0 0
5 3047819 0 1
5 3444002 2 1
5 3146132 0 1
5 1481535 0 0
5 3385195 0 0
5 3214307 0 1
5 3640983 0 0
5 2214730 0 0
5 2861002 0 0
5 2988179 0 1
5 2737768 0 0
5 3086146 0 1
5 3400438 0 0
5 1469412 0 1
5 3193760 0 1
5 2908659 0 0
5 3350497 0 0
5 2518155 0 1
5 2908657 0 1
5 3080831 0 0
5 3054316 0 0
5 3190489 0 0
5 3600284 2 1
5 2800934 0 2
5 2887870 0 0
5 3781903 0 0
5 3146131 0 0
5 3687422 0 1
5 2448111 0 0
5 2650988 0 0
5 2650986 0 0
5 2475515 0 1
5 3326369 0 1
5 1764004 2 1
5 3552737 0 1
5 3493829 0 1
5 2856907 0 0
5 3629711 2 1
5 2385776 0 0
5 2737754 2 1
5 3273374 0 0
5 3443576 0 0
5 3273373 0 0
5 2909732 0 0
5 3424871 0 1
5 2518148 0 0
5 3273370 1 1
5 2531110 0 1
5 3124324 0 1
5 2706800 2 1
5 3318779 0 1
5 1481515 1 1
5 3102333 0 0
5 2967696 0 0
5 2213664 0 1
5 3552941 0 0
5 3552947 0 0
5 1635700 0 0
5 1634854 0 0
5 1634852 0 1
5 3653687 0 0
5 2737789 0 1
5 3656710 0 0
5 3297551 0 0
5 3506849 0 0
5 2678081 0 1
5 2628184 0 0
5 3833481 0 0
5 3890009 0 1
5 2909964 0 0
5 3542903 0 1
5 1783648 0 0
5 3716033 0 1
5 3358189 0 0
5 2474642 0 1
5 2635376 0 0
5 2840598 0 1
5 3775200 0 1
5 2589544 0 1
5 2745147 0 1
5 2772988 0 0
5 2933475 0 0
5 2268108 0 0
5 3423769 0 0
5 3821277 0 0
5 2394261 0 0
5 3751499 0 1
5 2474649 0 0
5 2896582 0 1
5 1791015 0 0
5 3697233 0 1
5 3763229 0 0
5 2896587 0 0
5 3034953 0 1
5 3697236 0 1
5 1920505 0 0
5 3570364 0 1
5 3117807 0 1
5 3529718 0 0
5 2904264 0 1
5 2732082 0 1
5 2909950 0 1
5 2186339 0 0
5 2628177 0 0
5 3555599 0 1
5 2700443 0 0
5 2700440 0 1
5 2769324 0 0
5 1524788 1 1
5 3754399 0 1
5 3141717 0 0
5 2769322 0 1
5 3437089 0 1
5 2613915 0 1
5 3592785 0 0
5 2788527 0 1
5 3484077 0 0
5 3298226 0 1
5 3469914 0 0
5 2769329 0 1
5 3840844 0 1
5 3875701 2 1
5 3469910 0 0
5 1479417 0 0
5 3298225 0 0
5 3804504 0 0
5 3440498 0 0
5 3668277 0 1
5 1065101 0 0
5 2700453 0 1
5 3249280 0 1
5 3059891 0 0
5 3606484 0 0
5 2206489 0 1
5 3868187 0 0
5 3639143 0 1
5 3860677 0 1
5 3106943 0 1
5 3257901 0 0
5 3421969 0 1
5 2769310 0 1
5 3141704 0 0
5 3667190 0 0
5 2767138 2 1
5 2769317 0 0
5 2872575 0 0
5 3203843 0 0
5 1750965 1 0
5 3070675 0 1
5 2409626 0 0
5 2702879 0 1
5 3602090 0 0
5 3783711 0 0
5 2813139 0 0
5 3502833 0 1
5 3600709 0 1
5 3022139 0 1
5 3198636 0 1
5 3609960 0 1
5 3022137 0 1
5 3607782 1 0
5 2553184 0 0
5 3558845 0 0
5 2840961 0 0
5 2206499 0 0
5 3254666 0 1
5 3134172 2 0
5 3194035 0 1
5 3519038 0 0
5 3115658 0 0
5 2899804 0 0
5 3117831 0 0
5 3523543 0 1
5 2996377 0 0
5 3265521 0 0
5 1550867 1 0
5 3147240 0 1
5 3616029 0 1
5 2479734 0 0
5 3555588 2 1
5 3683440 0 1
5 3021299 0 0
5 1592487 0 1
5 3254655 0 0
5 3420614 0 1
5 2025547 0 1
5 2139754 0 0
5 2629465 0 1
5 2791725 0 0
5 1464140 1 0
5 2629468 0 1
5 1464381 1 0
5 2823152 0 1
5 3099218 0 0
5 2686960 0 1
5 3724771 0 0
5 2479970 0 1
5 3673888 2 1
5 1310905 0 0
5 57813 0 1
5 2684304 2 1
5 1863421 0 0
5 2631818 0 0
5 2045103 2 1
5 2830981 0 0
5 3480906 0 1
5 468908 1 1
5 2721585 0 0
5 3863515 0 1
5 3279506 0 1
5 2876903 2 1
5 3628459 0 1
5 3649157 0 0
5 3519058 0 0
5 3751081 0 0
5 2708122 0 0
5 3852629 0 1
5 3305603 0 0
5 3219397 0 1
5 3571887 2 0
5 3056330 0 0
5 2010481 0 0
5 3098378 0 0
5 3500686 0 0
5 1187869 0 0
5 2151880 0 0
5 2901617 0 0
5 3420433 0 0
5 3088393 0 0
5 3409659 0 0
5 3755437 0 0
5 2881009 0 1
5 3047842 0 1
5 3628469 0 0
5 1766022 0 0
5 2911602 0 0
5 2952120 0 0
5 2997277 0 0
5 3088390 0 1
5 3502875 0 1
5 2647177 1 1
5 3488881 0 0
5 2830978 0 0
5 2907399 0 1
5 2011563 0 0
5 2907398 0 0
5 3590570 0 1
5 3298012 0 1
5 3464653 0 0
5 2639561 0 0
5 3617789 0 0
5 2072943 0 0
5 3258820 2 1
5 3015800 0 1
5 3560720 0 1
5 3117630 0 1
5 2802012 0 0
5 3384962 0 1
5 2917397 0 1
5 2825138 0 0
5 2956963 0 0
5 1236937 0 0
5 3485102 0 1
5 3384959 0 0
5 1523235 0 0
5 3266655 0 1
5 3432854 0 0
5 3649137 0 1
5 2361751 0 0
5 3275124 0 0
5 3351968 0 0
5 3351966 0 1
5 3842809 0 0
5 2700432 1 0
5 3745893 0 0
5 3423921 0 0
5 2503992 0 1
5 2771810 0 0
5 3108942 2 1
5 2772900 0 0
5 3114371 0 1
5 2887806 2 1
5 3713602 1 1
5 3322185 0 0
5 3322180 0 1
5 2589386 0 0
5 3714937 0 0
5 3754364 0 0
5 1421401 0 0
5 3841703 0 0
5 2799007 0 0
5 3751090 0 0
5 3893345 0 0
5 2799006 0 0
5 3851981 0 0
5 3893347 0 0
5 3426468 0 0
5 3015305 0 0
5 3819838 0 1
5 3349853 0 1
5 3474785 0 0
5 2848624 0 1
5 3263087 1 1
5 3439304 0 0
5 2694193 0 1
5 3819837 0 1
5 3841534 0 0
5 3575129 0 1
5 1781075 1 0
5 3841536 2 0
5 2731464 0 1
5 30705 0 0
5 3131766 0 0
5 2649145 1 1
5 3598244 0 0
5 3357009 2 1
5 3395649 0 0
5 3184056 0 1
5 3015310 0 0
5 3573171 2 1
5 3015558 0 0
5 3533951 0 0
5 2942805 0 0
5 1876465 0 1
5 3825056 0 0
5 2597732 0 0
5 2630300 0 0
5 2906941 2 1
5 2576816 0 1
5 3782346 0 1
5 2691928 0 0
5 2569011 0 0
5 3441877 0 1
5 2987954 0 0
5 549073 0 0
5 2993150 0 0
5 3131759 0 0
5 3208579 0 0
5 2882564 0 0
5 3700478 0 0
5 1817699 0 0
5 3332163 0 0
5 3529248 0 0
5 3530237 0 0
5 3277469 0 1
5 3646985 0 0
5 2151856 0 0
5 3190510 0 1
5 2241773 0 0
5 2586628 0 0
5 3084303 0 1
5 2801527 0 0
5 3190504 0 0
5 3412048 0 0
5 1977480 0 1
5 3485663 0 0
5 3245435 0 0
5 3716627 0 1
5 3815018 0 1
5 3541576 0 1
5 2780608 0 0
5 3665061 0 1
5 3728845 0 0
5 1393263 0 0
5 3477826 0 0
5 3700468 0 1
5 2762181 0 1
5 3327834 0 0
5 2762186 0 1
5 3001171 0 0
5 3713368 0 0
5 3001173 0 0
5 2528951 0 0
5 3109837 0 0
5 3538185 0 1
5 3481075 0 1
5 2008024 0 1
5 2803956 0 1
5 3095252 0 0
5 2567299 0 0
5 3339806 1 1
5 3841746 0 0
5 3355033 0 0
5 2940889 0 0
5 3039763 2 1
5 3538187 0 0
5 3039762 0 0
5 3509409 0 0
5 3805477 0 0
5 3451623 0 0
5 3806322 0 1
5 3705747 0 1
5 1891804 0 0
5 3157943 0 0
5 343284 0 0
5 3605187 0 1
5 3712681 0 1
5 2749195 0 0
5 3015508 0 0
5 3256109 0 0
5 3348722 0 0
5 2254639 0 1
5 3099620 0 0
5 3038627 0 1
5 2222802 0 0
5 3311447 0 1
5 3757580 0 1
5 1414028 1 1
5 3407757 0 1
5 1034072 0 0
5 3369412 0 1
5 3451631 0 0
5 3655295 0 0
5 3529253 0 1
5 1414021 1 0
5 3539053 2 0
5 3613818 0 0
5 2117957 0 0
5 2741488 0 1
5 3569714 0 0
5 2276892 0 0
5 2626579 0 0
5 3724670 1 1
5 2900127 0 0
5 2253790 0 0
5 3484568 0 1
5 3426013 0 1
5 3598696 0 1
5 3017702 0 0
5 3106378 0 0
5 2244600 0 0
5 2881438 0 0
5 2999722 0 1
5 2881437 0 0
5 3644764 0 1
5 2803987 0 0
5 3535729 0 1
5 3144608 0 0
5 3521326 0 0
5 2740129 0 1
5 2930656 0 0
5 3371490 0 1
5 1440773 0 0
5 2606953 0 0
5 2974661 0 0
5 2999720 0 0
5 3318098 0 0
5 3371497 0 0
5 2777882 0 0
5 3557722 0 0
5 270625 0 0
5 3789394 0 0
5 3794985 0 0
5 3203060 0 1
5 3101915 0 0
5 3677088 0 0
5 3536809 0 0
5 3144603 0 0
5 2800003 0 1
5 3144607 0 1
5 1557508 0 0
5 3107690 0 0
5 2567096 1 1
5 3004882 0 0
5 2740139 0 1
5 3485871 0 1
5 2569032 0 0
5 3130682 0 1
5 3373200 0 0
5 3892098 0 1
5 61035 0 0
5 1064123 1 0
5 3040585 0 0
5 3016478 0 0
5 2448681 0 0
5 3589925 0 1
5 3004490 0 0
5 2868877 0 1
5 3736056 0 0
5 3828396 0 0
5 2588628 0 0
5 3189109 0 0
5 1986825 0 0
5 2868875 1 0
5 2719730 0 0
5 3016470 0 0
5 2384371 0 0
5 3638505 0 0
5 2667411 0 0
5 3445145 2 1
5 3795016 0 0
5 3021832 0 0
5 3259402 0 0
5 2010948 0 0
5 3781093 0 0
5 270682 0 0
5 3032707 0 1
5 3347843 2 1
5 3459797 0 0
5 3886281 0 0
5 3257460 0 1
5 3763687 0 0
5 1082354 0 0
5 156660 0 0
5 2426673 1 1
5 2346510 0 0
5 3279489 0 0
5 3633277 0 1
5 3877581 0 0
5 3085233 0 1
5 3738259 0 0
5 2481481 0 1
5 3773459 1 1
5 3835909 0 0
5 2679411 0 0
5 2528306 0 1
5 3788711 0 0
5 2699222 0 0
5 2740323 0 0
5 3623460 0 0
5 3118368 0 1
5 3771272 0 0
5 2791036 0 0
5 3616937 0 0
5 3724088 0 1
5 3113913 0 0
5 3354357 0 1
5 3480136 0 0
5 3424654 0 0
5 2096525 0 0
5 2259431 0 1
5 3283754 0 1
5 3736063 0 0
5 2691517 0 1
5 3721825 0 0
5 2988180 0 1
5 3731867 0 0
5 3736066 0 0
5 3109679 0 0
5 3192521 0 1
5 3083049 0 0
5 3335608 0 1
5 3378931 0 1
5 3292451 0 0
5 2698144 0 1
5 2698143 0 1
5 3815081 0 0
5 3133999 0 1
5 3818592 0 0
5 2905431 0 1
5 3324918 0 1
5 2448640 0 0
5 2809462 0 0
5 3184092 0 0
5 3517437 0 1
5 3046087 0 0
5 3736015 0 0
5 3459741 0 0
5 3541793 0 0
5 2598878 1 0
5 2987927 0 1
5 2518550 0 0
5 2050141 0 0
5 3542887 1 1
5 2938519 0 1
5 2845793 0 1
5 3758035 0 0
5 3596662 2 1
5 3521949 0 1
5 3830270 1 1
5 3853397 0 1
5 3633019 0 0
5 3504375 0 0
5 3669617 2 1
5 3204573 0 0
5 2583389 0 0
5 3058085 0 1
5 2751444 0 0
5 3748462 0 1
5 2843129 0 0
5 3343682 0 0
5 2876696 1 0
5 3736001 0 0
5 3268184 0 0
5 2740314 0 0
5 2716677 0 0
5 3053630 1 1
5 3736008 0 0
5 3758267 0 0
5 2716679 0 0
5 3191848 0 1
5 3296638 0 0
5 2225469 0 0
5 2740311 0 0
5 2803937 0 0
5 3159900 0 0
5 3825933 0 1
5 3758260 0 0
5 3159904 0 0
5 3355653 0 0
5 3853387 0 1
5 2627819 0 1
5 3282456 0 1
5 2385283 0 0
5 3250660 0 0
5 3087613 0 0
5 3677011 0 1
5 3102859 0 0
5 3412243 0 1
5 3736039 0 0
5 3543950 0 2
5 3786976 1 0
5 2803902 0 1
5 3267069 0 0
5 3049133 0 1
5 3378720 0 1
5 3577729 0 0
5 3583160 0 0
5 3654137 0 0
5 2904793 0 1
5 3285716 0 0
5 3513093 0 0
5 3880723 0 1
5 3304080 0 0
5 2726487 0 1
5 3771482 0 1
5 3527017 0 0
5 3810434 0 0
5 3250652 0 0
5 3751893 0 0
5 3622346 0 1
5 2481451 0 0
5 2007536 0 0
5 3236128 0 0
5 2009954 0 1
5 3101755 0 0
5 3179762 0 1
5 3471642 0 0
5 3736027 0 0
5 3787813 0 0
5 2659845 0 0
5 1609165 2 1
5 1087869 0 0
5 3341480 0 1
5 2892705 0 1
5 2386120 0 0
5 3818157 0 1
6 2851121 0 1
6 2873395 0 0
6 2827498 0 1
6 2844821 0 1
6 3012837 0 1
6 3193683 0 0
6 3606758 0 0
6 3629867 0 0
6 2763746 0 0
6 2763745 0 0
6 3297411 2 1
6 3317586 0 0
6 2592614 0 0
6 2448275 0 0
6 3142082 0 1
6 2844818 0 0
6 3012842 0 0
6 3238209 0 1
6 3419122 0 0
6 3626369 0 0
6 2385853 2 0
6 3350163 0 0
6 3696247 0 0
6 3752484 0 0
6 57751 0 0
6 1550576 1 0
6 3696248 0 1
6 2763732 0 1
6 2614953 0 0
6 3765345 0 0
6 3385281 0 1
6 3420590 0 0
6 2794498 0 0
6 3703078 0 1
6 2449158 0 0
6 3214685 0 0
6 2453658 1 1
6 1664553 0 0
6 2879954 0 1
6 3468567 0 0
6 2763729 0 0
6 2453643 0 1
6 3819292 0 1
6 3821110 0 0
6 3193698 0 0
6 3401837 0 0
6 3459610 0 0
6 3379867 0 1
6 3294359 0 0
6 2888895 0 0
6 3499274 1 0
6 3765322 0 1
6 3389660 0 0
6 3663347 0 0
6 3616991 1 0
6 2768156 0 0
6 3848642 2 0
6 3595977 0 0
6 1904360 1 1
6 3189145 0 1
6 3575963 2 1
6 3416909 0 0
6 1435993 0 0
6 3263204 1 0
6 3708339 0 1
6 3166022 0 0
6 3765783 0 0
6 3127748 0 0
6 3674472 0 1
6 3476114 0 0
6 2923782 0 1
6 3639626 2 1
6 3316201 0 0
6 3752477 0 1
6 3752475 0 0
6 3012806 0 0
6 3517611 0 0
6 3752470 0 0
6 3184713 0 0
6 2982972 0 0
6 2770452 0 0
6 3616979 1 0
6 3878479 0 0
6 2887527 0 0
6 2887526 0 1
6 3191476 0 0
6 3253404 0 0
6 3253405 0 0
6 2441622 0 0
6 3763108 0 1
6 3294399 0 0
6 2591732 0 0
6 3541700 0 0
6 3129957 0 0
6 3012438 0 1
6 1079864 1 1
6 3443649 0 0
6 3445826 0 0
6 3102471 0 1
6 2467409 0 0
6 3481924 0 0
6 3571948 0 0
6 2467417 0 0
6 2848339 0 0
6 3481933 0 0
6 3579430 1 0
6 2276213 0 0
6 2442120 0 1
6 3415156 0 0
6 3016816 0 0
6 3016814 0 0
6 3772918 0 1
6 3443661 0 1
6 2640888 0 0
6 3080571 0 1
6 1523324 0 0
6 2954407 0 0
6 2245960 0 1
6 2671124 0 1
6 3452143 0 0
6 3713762 0 0
6 3760951 0 1
6 3778233 0 0
6 3866074 0 0
6 2660475 0 1
6 3724890 0 1
6 2987777 0 0
6 3781875 0 0
6 2409965 0 0
6 3760952 0 1
6 2780677 0 0
6 3080564 1 1
6 2650692 0 0
6 3047971 2 0
6 2713835 0 0
6 2665719 0 1
6 2776170 0 0
6 3699701 0 0
6 3591536 0 0
6 3760925 0 0
6 3760924 0 0
6 3130997 0 1
6 3130998 0 0
6 3766228 0 0
6 3891039 0 0
6 2453666 1 0
6 2940264 0 1
6 3047965 1 1
6 3045305 0 0
6 2710336 0 0
6 2840896 0 2
6 2829622 0 0
6 3369138 1 1
6 3113182 0 0
6 3326881 0 1
6 3371528 0 0
6 3868276 0 0
6 3371531 0 1
6 2723667 2 0
6 2686636 1 0
6 3339713 0 1
6 3296170 0 0
6 3124298 1 1
6 2570408 0 1
6 2859477 0 1
6 3862511 0 0
6 3047986 1 0
6 2211778 1 1
6 3047985 1 0
6 1501116 0 0
6 2827428 0 0
6 3362964 0 1
6 3697993 0 0
6 3651313 0 0
6 3626385 2 1
6 3872300 0 0
6 3745288 0 1
6 3279540 0 1
6 3040862 0 0
6 3199427 0 1
6 2856373 0 0
6 1079905 0 1
6 3623763 0 0
6 2856371 0 1
6 2226001 0 0
6 2844387 0 0
6 2374280 0 0
6 2803845 0 0
6 3415699 0 0
6 3125195 0 1
6 3667341 0 0
6 3851456 1 0
6 2868350 0 0
6 2984337 0 0
6 3037213 0 0
6 3670525 0 1
6 3495376 0 1
6 3848272 0 0
6 3199417 0 1
6 3529577 0 0
6 2377328 0 0
6 3326847 0 1
6 1947981 0 0
6 2856382 0 1
6 3417860 0 1
6 3495379 2 1
6 2248288 0 0
6 3740824 0 0
6 3292996 0 0
6 3139357 0 0
6 3735483 0 0
6 2700617 0 0
6 3852773 0 0
6 1947954 2 0
6 3198116 0 0
6 2778413 0 0
6 3015445 0 0
6 3691475 0 0
6 2740280 0 1
6 3662910 0 1
6 3113193 0 0
6 3292981 0 0
6 3543877 0 0
6 2468312 0 0
6 2803828 0 1
6 2271036 0 0
6 3853603 0 0
6 3819729 0 1
6 3662920 0 1
6 3108626 0 0
6 3199434 0 1
6 3543884 0 0
6 3443716 0 0
6 3643341 0 0
6 2443045 0 0
6 3701671 0 0
6 3610447 0 0
6 2443049 0 0
6 3701675 0 0
6 3784866 1 0
6 3146931 0 0
6 3658433 2 1
6 2952779 0 0
6 3814067 0 0
6 2680953 0 0
6 2822156 0 1
6 3312658 0 0
6 3784859 0 0
6 3816241 1 1
6 2447834 0 0
6 3312650 0 1
6 2983030 0 0
6 3116297 1 0
6 2803896 0 0
6 3081358 1 0
6 2998520 1 0
6 2556099 0 0
6 3206221 0 0
6 3472229 0 1
6 2248298 0 0
6 3616170 0 0
6 2651165 0 0
6 3108672 0 0
6 3215178 0 1
6 3542105 0 0
6 2329656 0 1
6 2740243 0 1
6 3161273 0 1
6 3016743 0 0
6 1630706 0 0
6 3259500 0 1
6 3794628 0 0
6 2740253 0 0
6 3534506 0 0
6 3024361 0 0
6 3141698 0 1
6 2733971 0 1
6 2804729 0 0
6 3407612 0 0
6 2490671 0 0
6 3599449 0 0
6 3096029 0 0
6 2615771 0 1
6 2118050 1 1
6 2692977 0 0
6 3663388 0 2
6 3342021 0 0
6 3344685 0 0
6 3385316 0 1
6 3497945 0 0
6 3497942 0 0
6 2740226 0 0
6 3051127 0 0
6 2613580 1 1
6 2647932 0 0
6 2693835 0 0
6 1624848 0 0
6 1323318 0 0
6 1832125 0 1
6 2561010 0 0
6 3867869 0 0
6 3604621 0 0
6 3679720 0 2
6 1936423 0 1
6 2613589 0 1
6 2693828 0 0
6 2693829 0 0
6 3663391 0 0
6 2561009 0 1
6 3383153 0 1
6 3157602 1 0
6 3627706 0 0
6 2994518 0 1
6 2483552 0 0
6 2741533 0 0
6 2613578 0 1
6 3517533 0 0
6 3527348 0 0
6 2124710 1 1
6 3612215 0 0
6 3504232 0 0
6 3088851 0 0
6 3180413 0 0
6 3056805 0 0
6 3094681 0 1
6 1459474 1 0
6 3520703 0 1
6 3691899 2 0
6 2693865 0 1
6 3492210 0 1
6 2693868 0 0
6 3504246 0 0
6 3883088 0 0
6 2824745 0 0
6 3038108 0 1
6 2494662 0 1
6 3385360 0 0
6 3667313 0 1
6 3713268 0 0
6 3520722 0 0
6 1802740 2 0
6 2803816 0 1
6 3667310 0 1
6 3293000 0 0
6 2797962 0 1
6 2879849 0 0
6 3447652 0 0
6 2914441 0 0
6 3492672 0 0
6 3853250 0 0
6 3307242 0 0
6 2762433 0 0
6 3623783 0 1
6 3516242 0 0
6 3656678 0 0
6 2797977 0 0
6 2857609 0 1
6 3808237 0 1
6 3810558 0 0
6 3041762 0 0
6 3219928 0 0
6 2025067 0 0
6 3329004 0 1
6 3532726 0 0
6 3053735 0 0
6 2765939 0 0
6 3835646 0 1
6 3766782 0 0
6 3236134 0 0
6 3478225 0 0
6 2875454 0 0
6 3734701 0 1
6 2518350 0 1
6 3630980 0 0
6 3505938 0 0
6 2518355 0 1
6 3858766 0 0
6 3833478 0 0
6 1562439 0 1
6 3662109 2 0
6 3778775 0 1
6 3604222 0 0
6 3778777 0 1
6 1619898 0 0
6 3808013 0 0
6 317368 0 0
6 3076376 0 0
6 3407032 0 0
6 2518342 0 1
6 3115843 0 0
6 3778772 0 0
6 3271397 1 0
6 3199095 0 1
6 2518347 1 0
6 3697219 0 1
6 2729726 1 0
6 2126290 0 0
6 3006050 1 0
6 3481864 0 0
6 3798354 0 0
6 3481865 0 0
6 2906497 0 1
6 3076368 0 1
6 1781427 0 0
6 1781429 0 0
6 3706209 0 0
6 2569912 0 0
6 3560772 1 0
6 3044791 0 1
6 3236161 0 0
6 3392709 0 1
6 2323000 0 0
6 3464078 0 0
6 3488028 0 1
6 1559691 1 0
6 3043411 0 0
6 3401767 1 1
6 3128700 0 1
6 1481539 0 0
6 1781431 0 0
6 3043410 0 0
6 3776547 0 0
6 3304358 0 1
6 2737765 0 0
6 3046918 0 0
6 3537557 2 1
6 3674590 0 0
6 3790836 0 1
6 3227237 0 1
6 2291310 0 0
6 2556666 0 0
6 3200136 0 0
6 3481819 0 0
6 2887898 0 1
6 2784973 0 1
6 419368 0 1
6 3054538 0 0
6 2904273 0 0
6 3833481 0 0
6 1345699 0 0
6 3716030 0 1
6 1624823 1 0
6 2646029 0 1
6 3401756 0 0
6 3581257 2 1
6 2853650 0 1
6 3401751 2 0
6 3721868 0 0
6 2752918 0 1
6 2767154 0 1
6 3099090 0 0
6 2034049 0 0
6 2906445 1 1
6 3409236 0 1
6 3090283 0 0
6 2646027 0 1
6 2904264 0 0
6 3113206 0 0
6 2186339 0 0
6 2767145 0 0
6 3479950 0 1
6 3477772 0 1
6 3046560 0 2
6 3644747 1 1
6 3284291 0 1
6 3519255 0 1
6 3519250 0 1
6 3781548 1 1
6 3519253 0 0
6 3519251 0 1
6 3479949 0 1
6 3701852 0 0
6 3872681 2 1
6 3872680 0 1
6 3198605 0 1
6 3509468 0 0
6 3012324 0 0
6 3481803 0 0
6 2769315 0 0
6 2767137 0 1
6 3754388 0 0
6 2852748 0 1
6 3754381 0 0
6 3754380 0 1
6 3546898 0 0
6 2747548 0 0
6 3435913 0 0
6 3519260 0 0
6 3628261 0 0
6 2646042 2 1
6 2815795 0 1
6 3701851 0 1
6 2914084 0 0
6 3172481 0 0
6 2687807 0 0
6 3347493 0 0
6 3265521 0 0
6 2852753 0 0
6 150570 1 1
6 2899806 1 0
6 3557992 0 0
6 3488899 0 1
6 3390118 0 0
6 2268945 0 0
6 3284289 0 1
6 3284288 0 1
6 2852764 0 0
6 3056362 0 0
6 1863421 0 0
6 2045104 0 0
6 2830981 0 1
6 3830833 0 0
6 3060830 0 0
6 1579220 0 0
6 2842961 0 0
6 3830836 0 1
6 2546468 1 1
6 3691090 0 0
6 3671015 0 0
6 3314558 0 0
6 1266362 0 0
6 3172432 0 0
6 1266355 0 0
6 3195534 0 1
6 3666903 0 1
6 3138102 1 0
6 3409655 0 1
6 3594936 0 0
6 2907399 0 0
6 3555379 0 1
6 3479936 0 1
6 3270907 2 1
6 3847256 0 1
6 3778789 0 0
6 3400814 0 0
6 3841950 0 0
6 3111099 0 0
6 3524676 0 1
6 3757881 0 1
6 2807708 0 1
6 3125253 0 0
6 3722782 0 1
6 3500229 0 0
6 2740090 0 0
6 3014962 0 1
6 3150201 0 1
6 3420415 0 1
6 3778797 0 1
6 1592685 0 0
6 2788594 0 0
6 2001555 0 0
6 2792616 0 0
6 3056326 0 0
6 3299326 0 1
6 3778795 0 0
6 3296298 0 0
6 3555380 0 1
6 3780627 0 0
6 3314564 0 0
6 3443991 0 0
6 3793483 0 1
6 3533960 0 0
6 3824192 0 0
6 1784103 0 0
6 2740183 0 0
6 2740182 0 1
6 3144829 0 0
6 3162268 0 0
6 3217058 0 0
6 2984455 2 1
6 3700494 0 0
6 2940872 2 0
6 3015310 0 0
6 3152448 0 0
6 3195171 0 0
6 3358560 0 0
6 1977251 0 0
6 3051894 0 0
6 3168814 0 0
6 1865541 0 1
6 3508548 0 0
6 2740163 0 0
6 2905609 1 1
6 3654174 0 0
6 3472143 0 1
6 2136896 0 0
6 2671092 0 1
6 3419918 0 0
6 2603003 0 0
6 3130650 0 0
6 3162281 0 1
6 3542426 0 0
6 2684375 0 0
6 3162280 0 1
6 3687094 2 1
6 3657208 0 0
6 3147088 0 1
6 544835 1 0
6 3657210 0 1
6 2808165 0 0
6 2671089 0 0
6 3052714 2 1
6 2671087 0 1
6 2432047 0 0
6 3691584 0 0
6 3771205 0 0
6 3850458 0 0
6 3357214 2 0
6 2685239 2 0
6 3850454 0 1
6 2929622 0 1
6 3451623 0 0
6 3555310 0 0
6 3405327 0 0
6 3657222 0 1
6 3469394 0 0
6 3657224 0 1
6 2654541 0 1
6 3320393 0 0
6 3108775 0 0
6 3582928 0 1
6 3426268 0 0
6 2595767 0 0
6 2448802 1 1
6 3508578 0 0
6 2584630 0 0
6 3498724 0 0
6 2678974 0 0
6 3221016 0 0
6 3265077 0 0
6 3570945 0 1
6 3440503 0 0
6 3713307 0 0
6 3657239 0 1
6 2988849 0 0
6 3557981 0 0
6 3818773 0 0
6 3405309 2 1
6 2096713 1 1
6 3205498 0 0
6 3405308 0 0
6 2941781 2 1
6 1402299 0 0
6 3657244 0 1
6 153533 1 0
6 3590977 0 0
6 2244600 0 0
6 3293506 0 1
6 2766751 0 0
6 2734715 0 0
6 2613252 0 1
6 3588211 0 0
6 1034064 0 0
6 3115059 0 0
6 3821947 0 0
6 3402273 1 1
6 3481027 0 1
6 3221028 2 1
6 3508117 0 1
6 3428419 0 1
6 3528189 0 0
6 3508110 1 1
6 3621651 0 0
6 3713321 0 0
6 2412891 0 0
6 2739158 0 0
6 3816136 0 1
6 2764564 1 0
6 2972490 2 0
6 3816138 0 0
6 2008221 0 0
6 535933 0 0
6 61032 0 0
6 3162253 0 0
6 3633295 0 1
6 3468023 0 0
6 2729302 0 1
6 2806392 0 0
6 3712083 2 0
6 2806395 0 0
6 3582053 0 0
6 3245494 0 0
6 3787648 0 0
6 3425771 0 1
6 3806357 1 1
6 3856612 0 0
6 516788 0 0
6 3507601 0 0
6 2858844 0 0
6 3505421 0 0
6 3649627 0 0
6 2225420 0 0
6 3108320 0 0
6 2740112 0 0
6 2963920 2 1
6 2238766 1 0
6 3324737 0 0
6 3877581 0 1
6 3601239 0 1
6 3738259 0 0
6 3623460 0 1
6 2350146 1 1
6 3639812 0 0
6 2721844 0 0
6 3482795 0 1
6 3358954 0 0
6 3891412 0 1
6 2131599 0 0
6 3529877 0 1
6 3192522 0 0
6 1636720 1 0
6 3054988 0 1
6 2946585 2 1
6 3228943 0 1
6 2946589 0 0
6 3378935 0 0
6 3787617 0 0
6 3198258 0 0
6 3808107 0 1
6 3665244 0 0
6 3503277 0 1
6 2809462 0 0
6 2823760 0 0
6 1087859 0 0
6 2924349 0 0
6 3062582 0 0
6 2952802 0 1
6 2373287 0 1
6 3533918 0 0
6 2784587 0 0
6 3101735 0 0
6 3492104 0 0
6 3647401 0 0
6 3764970 0 0
6 1584242 0 0
6 3317136 2 0
6 2180977 0 0
6 3102610 0 1
6 3481419 0 1
6 3101761 0 0
6 2136853 0 0
6 2100429 0 1
6 3251757 0 0
6 3363028 0 0
6 3753842 0 0
6 1654185 0 0
6 3820216 0 1
6 2698171 0 0
6 3350198 0 1
6 3496907 0 0
6 3843339 0 0
6 2793018 0 0
6 3248587 0 1
6 3481424 0 0
6 3670623 0 1
6 3481422 0 0
6 3481420 0 0
6 3646539 0 0
6 2841164 0 1
6 3377641 0 1
6 3822403 0 0
6 3724056 0 0
6 2395425 0 0
6 3194770 0 1
6 3389875 0 0
6 3101782 0 0
6 3172500 0 0
6 2726553 0 0
6 3052290 0 0
6 2810817 0 0
6 2874484 0 1
6 2117004 0 0
6 3194771 0 0
6 3030027 0 0
6 2912845 0 0
6 3573501 1 0
6 3446515 0 0
6 3728146 0 0
6 3010891 1 1
6 3169333 0 1
6 1343576 2 1
6 1994045 1 1
6 3339139 0 0
6 2706950 0 0
6 2774628 2 0
6 2718935 0 0
6 3411404 0 0
6 3653752 0 0
6 3259362 2 1
6 2759005 0 0
6 2857910 0 0
6 3411405 0 0
6 2943574 0 0
6 3745954 2 0
6 2981853 0 0
6 3834683 0 0
6 3320538 0 0
6 3881447 0 0
6 3424703 0 0
6 3559658 0 0
6 2991647 0 0
6 3477275 0 0
6 2222229 0 0
6 3262532 0 0
6 3465299 0 0
6 3559654 0 0
6 3534391 0 0
6 3400742 0 0
6 2637873 0 0
6 3878280 0 1
6 2999595 0 0
6 3785158 0 0
6 3134686 0 0
6 2384782 1 1
6 3032694 0 1
6 3172526 0 0
6 2726511 0 0
6 3316456 0 0
6 2946658 0 0
6 2174471 1 1
6 2782212 0 1
6 3611060 0 1
6 3431057 0 0
6 3137781 0 0
6 1828725 0 0
6 2952095 0 0
6 2385662 2 2
6 2690070 0 0
6 3201580 0 0
6 2374535 0 0
6 3673382 0 0
6 3809270 0 0
6 2270795 0 0
6 2758596 2 0
6 3709898 0 0
6 3878227 0 0
6 1994026 0 0
6 1855052 0 0
6 2822819 0 0
6 3447825 0 0
6 1781572 1 1
6 3809295 0 1
6 1963326 0 1
6 3514345 0 0
6 3858662 0 0
6 3016174 0 0
6 3572671 0 1
6 2592818 0 0
6 1779268 0 0
6 3420376 0 1
6 3785593 1 0
6 3178279 0 1
6 3457637 0 1
6 2893191 0 0
6 2694423 0 0
6 3298518 0 0
6 3444328 0 0
6 3699537 0 1
6 2628050 0 1
6 3444327 0 0
6 2384340 1 1
6 3557414 2 0
6 2126354 0 0
6 3276791 0 0
6 3522317 0 1
6 2883350 0 0
6 3353844 0 0
6 3103558 1 0
6 3148469 0 0
6 2621408 0 1
6 2931511 0 0
6 2873547 0 0
6 3628388 0 0
6 3036638 0 0
6 1471802 0 0
6 3229584 0 0
6 3198754 0 0
6 3362773 0 1
6 2366049 0 0
6 2826300 0 0
6 3712665 0 1
6 3760704 0 0
6 3097146 2 1
6 1475384 0 0
6 2797384 0 1
6 3533459 0 1
6 3276783 0 0
6 2797382 0 0
6 2859278 0 0
6 3276784 0 1
6 3276787 0 0
6 3710499 0 0
6 3116872 0 0
6 3554370 0 0
6 3708105 1 0
6 3465204 0 0
6 3649282 0 0
6 149412 0 0
6 3607889 2 0
6 2707396 0 0
6 3699945 0 1
6 2669075 0 0
6 3132932 0 1
6 2796077 0 0
6 3585913 0 0
6 3660484 0 0
6 3725923 0 0
6 3153853 0 1
6 3509389 0 1
6 2825021 0 0
6 2699731 0 0
6 3021110 1 0
6 3382416 0 0
6 2526510 0 0
6 3627015 0 0
6 3699954 0 0
6 3699953 0 0
6 2868169 0 0
6 2077356 0 0
6 3394864 0 0
6 2366074 0 0
6 2661585 0 1
6 3168064 0 0
6 3163609 0 0
6 3292813 0 1
6 3849315 0 0
6 3626139 0 0
6 3827521 0 0
6 2713614 0 1
6 3119938 0 0
6 2684217 0 0
6 3817756 0 1
6 149426 1 0
6 149427 1 0
6 3829705 0 0
6 2666822 0 0
6 1065049 0 0
6 3699929 0 0
6 3699928 0 0
6 3743366 1 1
6 2702964 0 0
6 2955538 0 0
6 3497216 0 0
6 1513328 0 0
6 3507551 0 0
6 3622678 0 0
6 2276505 0 0
6 3048580 0 1
6 3817776 0 1
6 1661620 0 0
6 2792863 0 0
6 2409359 0 0
6 2615123 0 0
6 3229059 0 0
6 3332074 0 0
6 2939516 0 0
6 1500968 2 0
6 2672274 0 1
6 1166571 1 0
6 2939514 0 0
6 2949791 0 1
6 2569135 0 1
6 2697592 0 1
6 3618189 0 0
6 1533899 0 1
6 3334254 0 0
6 3373984 0 1
6 3545848 0 0
6 3197026 0 0
6 3349718 0 0
6 3506244 2 0
6 3229068 0 0
6 3797949 0 0
6 3740616 0 0
6 3756199 0 0
6 3003223 0 0
6 3168945 0 0
6 2596792 0 0
6 2964948 0 0
6 2124559 0 0
6 2664208 0 1
6 2903548 0 0
6 3337735 0 0
6 3097544 0 1
6 2219960 0 1
6 2448507 2 1
6 3814282 0 1
6 3740610 0 0
6 3492086 0 0
6 3229076 0 0
6 3423047 0 0
6 2835640 0 0
6 3507100 0 1
6 3748564 0 0
6 3587677 0 0
6 2939537 0 0
6 3884169 0 1
6 1037001 1 0
6 2918610 0 0
6 2654875 0 0
6 3812090 0 1
6 3337746 0 0
6 3269978 0 0
6 3282934 0 0
6 3393117 0 0
6 3426551 1 1
6 3724136 0 1
6 1698946 0 0
6 3451989 0 0
6 3767276 0 0
6 3853439 0 0
6 2847699 0 0
6 3046361 0 0
6 3448330 0 1
6 3461792 0 1
6 3830793 0 0
6 3283856 0 1
6 2799065 0 0
6 2644628 0 0
6 2999614 0 0
6 3267373 0 0
6 3322685 0 1
6 1978022 0 0
6 2010632 0 0
6 1618804 0 1
6 3545406 0 0
6 3178704 0 1
6 3173014 0 0
6 3853898 0 0
6 2628868 0 0
6 2613378 0 1
6 3608314 0 1
6 3224658 0 1
6 3520595 0 0
6 2228009 0 0
6 1661648 0 0
6 3224657 2 1
6 3673859 0 0
6 2880694 0 0
6 3658220 0 0
6 3015652 0 0
6 2627528 1 1
6 2932940 0 0
6 3783730 0 1
6 1661653 0 0
6 150384 0 0
6 2901793 0 0
6 3505772 0 1
6 3610292 0 0
6 1824726 2 0
6 3532918 0 1
6 1824728 0 0
6 3437640 0 1
6 3152170 0 1
6 3290187 0 1
6 3517753 0 0
6 3684080 0 1
6 3544906 0 0
6 2858720 0 0
6 3834722 1 0
6 2857874 0 0
6 2857873 0 0
6 1819368 0 0
6 3427829 0 0
6 3366229 0 0
6 3539531 0 0
6 3760298 0 0
6 3664483 0 1
6 3834720 0 1
6 3740665 0 1
6 3077500 0 0
6 3482224 0 0
6 3292343 0 1
6 3602200 0 0
6 1794454 0 0
6 3517774 0 0
6 503388 0 0
6 3573445 0 0
6 3227724 0 0
6 3834703 0 1
6 3654220 0 0
6 3389949 0 1
6 2711924 0 0
6 3649729 0 0
6 3769085 1 0
6 3649727 0 0
6 2654479 0 0
6 2599894 0 1
6 3410136 0 1
6 3679987 0 1
6 3189474 0 0
6 2578976 0 0
6 3517780 0 0
6 3830340 0 1
6 2563008 0 0
6 3692506 0 0
6 2750224 0 1
6 3770043 1 0
6 3585487 0 0
6 2783149 0 0
6 3884177 0 1
6 2822318 0 1
6 3524099 1 1
6 3806282 0 0
6 3308313 0 1
6 2565667 0 1
6 2822312 0 1
6 3789905 0 0
6 3866344 0 0
6 3272791 0 0
6 3375799 0 0
6 3012194 0 1
6 2666475 0 0
6 3124996 0 1
6 3017895 0 0
6 3402108 0 0
6 3225571 0 0
6 3225573 0 0
6 2649919 0 0
6 3757055 0 0
6 3680992 0 1
6 2879604 0 0
6 3726331 0 0
6 153495 1 0
6 3015243 0 0
6 2448541 2 2
6 3152194 0 0
6 2807148 0 0
6 3015242 0 0
6 2831243 0 1
6 2686083 0 0
6 2769296 0 0
6 2834752 0 0
6 3020603 0 1
6 2807152 0 1
6 2807154 0 0
6 3461717 0 0
6 3678694 0 1
6 3152183 1 1
6 3770039 0 1
6 3152182 1 0
6 1247395 0 0
6 3660937 0 1
6 2571066 0 0
6 2797749 0 0
6 3500919 0 1
6 2571064 0 1
6 3234063 0 0
6 3094007 0 0
6 3229958 0 0
6 3229957 0 1
6 1033927 0 0
6 2834756 0 0
6 2292427 0 1
6 2948919 0 0
6 3503993 0 0
6 3385397 0 0
6 3065000 0 0
6 3362038 1 0
6 3603117 0 0
6 1379641 0 0
6 1891284 0 0
6 3765699 0 0
6 3766543 0 0
6 3350058 0 0
6 3591297 0 1
6 2311280 0 0
6 3538607 0 0
6 3723820 0 0
6 2928084 0 0
6 3215421 0 0
6 3247021 0 0
6 3470974 0 0
6 2933896 0 1
6 3251526 0 1
6 2784782 0 0
6 3834563 0 0
6 1971271 0 0
6 3434429 0 1
6 3705133 0 0
6 3741233 0 1
6 3120191 0 1
6 3665865 1 1
6 3145465 0 1
6 3776323 1 1
6 3276811 0 1
6 3606612 0 0
6 3428182 0 0
6 3597857 0 0
6 1174960 0 1
6 2798987 0 0
6 3504870 0 0
6 3517709 0 0
6 1459877 1 0
6 1971255 0 0
6 3663694 0 0
6 3085068 0 0
6 3665879 0 1
6 3581450 0 0
6 3193573 0 0
6 3603123 0 0
6 2831607 0 1
6 3137835 0 0
6 3064111 0 1
6 2700246 0 0
6 3668912 0 1
6 2565389 0 0
6 3375150 0 1
6 2374881 0 0
6 2326726 2 1
6 3665880 0 0
6 2922325 0 0
6 3552977 0 0
6 3607930 0 0
6 3751478 0 0
6 3430071 0 0
6 3652101 0 1
6 3535134 1 2
6 3220845 0 1
6 3103668 0 0
6 3500067 0 0
6 3814528 0 1
6 1634853 0 0
6 3452297 0 0
6 3628830 1 0
6 1629026 1 1
6 3413979 0 1
6 3112109 0 0
6 2826297 0 0
6 3499354 0 0
6 2365968 0 1
6 3583672 0 0
6 2874339 0 0
6 2591610 0 0
6 2292424 1 1
6 3505767 0 1
6 3202531 0 1
6 3352644 0 1
6 3560943 0 0
6 3560944 0 0
6 3765299 0 0
6 3766144 0 0
6 2780354 0 0
6 3210141 0 0
6 2919991 0 0
6 3068595 0 0
6 3329853 0 0
6 2847135 0 0
6 3114343 0 1
6 3629344 0 1
6 3352635 0 0
6 3747868 1 1
6 3298220 0 0
6 2990843 0 0
6 3212799 0 0
6 3790249 0 0
6 3596912 0 1
6 3673860 0 0
6 3814533 0 1
6 3298212 0 0
6 2475394 0 1
6 3276896 0 1
6 3512883 0 0
6 3477554 0 0
6 3499307 0 0
6 3770622 0 0
6 2385926 0 0
6 3114322 2 0
6 3163773 0 0
6 2873453 0 0
6 2895206 0 0
6 2895205 0 1
6 3875965 0 1
6 3875967 0 1
6 3792882 0 1
6 3658260 0 1
6 1464384 0 0
6 2708199 0 0
6 1464381 0 0
6 2823152 0 0
6 3671228 0 0
6 3838985 0 0
6 3839833 0 1
6 3503945 0 1
6 3745698 0 0
6 1369002 1 0
6 2479703 1 1
6 2838226 0 1
6 3379594 0 1
6 3884850 1 0
6 3290776 0 0
6 3379595 1 0
6 2881019 0 0
6 3730144 0 0
6 2442424 0 0
6 3184652 0 0
6 3180292 0 0
6 3114388 0 1
6 2335289 0 1
6 3169496 0 0
6 2449046 0 0
6 3472272 0 0
6 3108924 0 0
6 3730157 0 0
6 2999696 0 0
6 3223953 0 0
6 3843908 0 0
6 3701645 0 0
6 3726902 0 0
6 3495385 0 1
6 3287104 0 1
6 3380126 1 0
6 3139669 0 0
6 3607989 0 0
6 1175853 1 1
6 3052193 0 1
6 1568346 0 0
6 3125011 0 0
6 3184670 0 0
6 3464687 0 0
6 2503992 0 0
6 3482081 0 1
6 2478847 1 1
6 3692194 0 0
6 3591686 0 0
6 2503996 0 1
6 3495392 0 0
6 2324130 0 0
6 2799007 0 0
6 2799006 0 0
6 3449106 0 0
6 1564048 0 0
6 3667229 0 0
6 2678708 0 0
6 2515409 2 0
6 3863558 0 0
6 3679696 0 0
6 2008477 0 0
6 1555578 0 0
6 3635635 0 0
6 3635634 0 0
6 3596070 0 0
6 2858201 0 1
6 3567970 0 0
6 3860035 0 1
6 3441638 0 0
6 3543543 0 0
6 2809281 0 1
6 2538530 0 1
6 1621059 0 0
6 2687677 0 1
6 2515428 1 1
6 2832020 1 0
6 3429954 0 1
6 3392144 0 0
6 2241773 0 0
6 3108514 2 1
6 3533748 1 0
6 3048003 0 0
6 3779396 0 0
6 2822213 0 0
6 2708224 0 0
6 2385088 0 0
6 3221226 0 1
6 3332168 0 0
6 2515417 1 0
6 3452307 0 0
6 3529232 0 1
6 3730937 0 0
6 2757601 0 0
6 3025377 0 0
6 3109836 0 1
6 3026696 0 0
6 3221233 0 0
6 3221237 0 1
6 3099618 0 1
6 3554227 2 0
6 3015504 0 0
6 3420725 0 0
6 3556408 0 0
6 3420726 0 1
6 2565700 0 0
6 3081498 0 0
6 2948152 0 0
6 3843512 0 0
6 3011142 0 0
6 3013334 0 0
6 2780822 0 0
6 3434063 0 0
6 3108522 0 0
6 3290257 2 1
6 3745119 0 1
6 3610305 0 0
6 3486983 0 1
6 2710509 0 0
6 3751822 0 0
6 2705158 0 0
6 2742540 0 0
6 3015527 0 0
6 2732776 0 1
6 3409903 0 0
6 3325862 0 0
6 2845378 0 1
6 2822256 0 1
6 3081469 1 0
6 3118328 0 0
6 2890357 0 0
6 3681113 0 1
6 3681594 0 0
6 3313870 0 0
6 3474996 0 1
6 2840913 0 0
6 2646708 0 0
6 3309375 0 1
6 3759774 0 1
6 3681108 0 0
6 2783071 0 0
6 3108543 0 1
6 2908067 0 0
6 3599566 0 0
6 3751448 0 1
6 3235444 0 0
6 3087675 0 1
6 3273725 0 1
6 2740343 1 0
6 3514125 0 0
6 2740344 0 0
6 3529626 0 0
6 2575552 0 0
6 3180773 0 0
6 2833776 0 1
6 3689887 0 0
6 3284862 0 0
6 3122895 1 0
6 3749113 0 0
6 3122893 1 1
6 3122899 1 1
6 3749590 0 1
6 3438860 0 1
6 3632191 1 0
6 2868883 0 0
6 3889310 0 1
6 3267056 0 1
6 3337804 0 0
6 2994881 0 1
6 2579921 0 0
6 3310784 0 1
6 3876014 0 0
6 3876013 0 1
6 3889325 2 0
6 3307169 0 1
6 3699686 0 0
6 3889324 2 0
6 2699222 0 0
6 2740323 0 0
6 3102808 0 2
6 3537269 2 1
6 3446019 0 0
6 3167335 0 0
6 3537266 2 1
6 1852090 1 0
6 2827062 0 0
6 3693922 0 0
6 3632172 1 0
6 2645418 0 0
6 3284842 0 1
6 1566656 1 1
6 3236321 0 0
6 3562675 0 0
6 2800841 0 0
6 2992207 0 1
6 3546197 1 0
6 3108582 0 0
6 3133512 0 1
6 3573796 0 0
6 2811973 0 0
6 2880967 0 0
6 3410085 0 0
6 2007982 1 1
6 1959239 0 0
6 2810690 0 1
6 3819473 0 1
6 3830270 0 0
6 2775875 0 1
6 2886258 0 0
6 3305391 0 0
6 3401135 0 0
6 3322723 1 1
6 2843129 0 0
6 3462906 0 0
6 2782169 0 0
6 3410075 2 0
6 3048015 0 0
6 3276804 0 1
6 3652182 1 1
6 2740314 0 0
6 3680636 0 0
6 3191848 0 1
6 2385019 0 1
6 3093012 0 0
6 3632158 0 0
6 3398309 0 0
6 1586213 0 0
6 3771476 0 0
6 1564427 0 0
6 3749103 0 0
6 2994431 0 0
6 3800884 2 0
6 3843570 0 0
6 3840064 0 1
6 2800872 0 1
6 3088942 0 0
6 3661901 0 1
6 3820459 0 0
6 3410066 0 0
6 1794136 2 0
6 3003149 1 1
6 3088938 0 0
6 2547098 0 1
6 3786971 0 1
6 3142036 1 1
6 3707746 0 0
6 2385047 1 1
6 3142033 1 0
6 2941941 0 1
6 3445124 0 0
6 3451810 0 0
6 2856400 0 1
6 1241737 0 0
6 3088930 0 1
6 3377402 0 0
6 3377881 0 1
6 3088928 0 0
6 3681982 0 1
6 3514192 0 0
6 3038235 0 0
6 3377404 0 0
6 3853365 0 0
7 1241786 0 0
7 2614960 0 1
7 3172501 0 0
7 1469570 0 0
7 1892013 0 0
7 3493986 0 1
7 2566553 0 0
7 3412984 0 1
7 2385623 0 0
7 3653741 0 0
7 3202489 0 0
7 3833341 0 1
7 2749439 2 1
7 3573984 0 0
7 3573983 0 1
7 3833342 0 1
7 3023739 0 1
7 3852098 0 1
7 3146202 0 0
7 3068880 0 1
7 2656591 2 1
7 1468472 0 1
7 2671741 0 0
7 2976035 0 0
7 3655930 0 1
7 3594693 0 0
7 3740266 0 1
7 1851705 0 0
7 2277386 0 0
7 3116818 0 0
7 2324208 0 0
7 2773760 0 1
7 3884958 0 1
7 2671777 0 1
7 3197820 0 0
7 3172520 0 0
7 3475099 0 0
7 2671773 2 1
7 3604797 0 0
7 3309508 0 1
7 3172516 0 0
7 3503657 0 1
7 3570452 0 1
7 3400742 0 0
7 3560658 0 0
7 2966694 0 0
7 3100220 0 0
7 1664563 2 1
7 2970950 2 1
7 2626919 0 1
7 3170591 0 1
7 2430545 0 0
7 3170592 0 0
7 3574805 0 0
7 3184501 2 1
7 3513220 0 0
7 3574802 0 0
7 3512375 0 0
7 2888895 0 0
7 3465288 0 1
7 3252781 0 0
7 3820078 0 1
7 3137781 0 0
7 3848641 0 1
7 1592154 2 0
7 3328434 0 0
7 3512381 0 0
7 3328431 0 0
7 3745928 0 0
7 2222246 0 0
7 3009622 2 1
7 3298787 0 0
7 194858 0 1
7 3565925 0 0
7 3181648 0 0
7 2232037 0 0
7 3418072 0 0
7 3836426 0 0
7 3181888 2 1
7 3181887 2 1
7 3503683 0 0
7 2899993 0 0
7 2671780 0 1
7 3452169 0 0
7 3179584 0 0
7 3479868 0 0
7 3127748 0 0
7 3674472 0 1
7 420462 0 1
7 1594562 0 1
7 3871835 0 0
7 3871834 0 0
7 3674474 0 1
7 2871168 0 1
7 3564821 0 1
7 3261277 0 0
7 3480886 0 0
7 3388350 0 0
7 3765547 0 0
7 3839907 0 1
7 2262910 0 0
7 3763571 0 1
7 1693912 0 1
7 3479895 0 0
7 3549892 0 0
7 420474 0 1
7 3567087 0 1
7 3674021 0 0
7 2542367 2 0
7 3650299 0 0
7 3697100 0 0
7 549544 0 1
7 3517611 0 0
7 2459156 0 0
7 3296346 0 0
7 3349594 0 0
7 3505636 0 0
7 2796007 0 1
7 3565907 0 1
7 3404901 0 0
7 3229797 0 1
7 3420378 0 1
7 1779267 0 0
7 3146226 0 0
7 1139843 0 0
7 2566567 0 1
7 3012823 0 0
7 3730455 0 0
7 1502048 0 0
7 2246210 0 0
7 3412751 0 1
7 1033641 0 0
7 2921140 2 1
7 2518282 0 0
7 3850933 0 0
7 2978470 0 0
7 2050631 0 0
7 3465001 0 0
7 3766858 0 0
7 2796013 0 1
7 2918303 0 0
7 2918304 0 0
7 2796021 0 1
7 3560823 0 1
7 3530179 0 0
7 379314 0 0
7 3655085 0 0
7 3637095 0 1
7 1036341 0 0
7 2736519 0 0
7 2987569 0 0
7 1087494 2 0
7 2467409 0 0
7 2796026 0 0
7 3353603 0 0
7 3168091 0 0
7 3653908 0 0
7 3485051 0 1
7 3080591 0 0
7 3136248 2 1
7 3375088 2 1
7 3485054 0 0
7 3814897 0 1
7 3872321 0 0
7 3182389 2 1
7 3531494 0 0
7 3220767 0 0
7 3406222 0 1
7 3495090 0 0
7 1325049 2 1
7 2796043 0 0
7 3012210 0 0
7 2826300 0 0
7 3012218 0 0
7 2918322 0 1
7 3212423 0 1
7 2687928 0 0
7 3668172 0 0
7 2846146 0 1
7 2796047 0 1
7 3620407 0 0
7 3660220 0 0
7 1940252 2 0
7 2556322 0 1
7 3091845 0 0
7 3660222 0 1
7 2695551 0 0
7 2174449 0 0
7 3452147 0 0
7 3757316 0 0
7 3849983 0 1
7 3161003 0 0
7 3096061 0 1
7 3136228 0 0
7 2376090 0 1
7 2687932 0 1
7 3557457 2 0
7 3170124 0 0
7 3534576 0 1
7 3176902 2 1
7 2713835 0 0
7 2607302 0 0
7 3140314 0 0
7 2996077 0 1
7 3752054 0 0
7 2034573 0 0
7 3777352 0 1
7 2567045 0 0
7 3011303 0 0
7 3777354 0 0
7 3440572 0 1
7 3616128 0 1
7 2637252 0 0
7 3722415 0 0
7 3327977 0 1
7 3430596 0 0
7 3186940 0 0
7 2151759 0 1
7 3176909 0 0
7 161797 2 1
7 3560600 0 0
7 3383756 0 0
7 3462143 0 0
7 3501674 0 0
7 2663556 0 0
7 1325244 0 0
7 2964467 0 0
7 2531078 0 0
7 3498785 0 1
7 546419 0 0
7 3615012 0 0
7 2391270 0 0
7 2928181 0 1
7 3514997 0 0
7 2583965 0 0
7 3405392 2 1
7 2589264 0 0
7 3627470 2 1
7 2724509 0 1
7 3168079 2 0
7 3405397 2 1
7 2604263 0 0
7 2778437 2 1
7 2962781 0 0
7 2467486 0 0
7 2844387 0 0
7 2033566 0 1
7 2896835 0 0
7 3334009 0 0
7 3565206 0 1
7 3657544 0 0
7 2685129 0 0
7 3830763 0 0
7 3695802 0 0
7 2834574 0 0
7 2092422 0 1
7 2377328 0 0
7 2981052 0 1
7 3660726 0 1
7 3711047 0 0
7 2718137 0 0
7 2701946 0 1
7 3573057 0 0
7 3841648 0 0
7 1564177 0 0
7 2660296 0 0
7 2902465 0 0
7 3765901 0 0
7 3038531 0 0
7 2649037 0 0
7 3015686 0 0
7 3773973 0 0
7 3056194 0 0
7 3350949 0 1
7 165438 0 1
7 3642024 0 0
7 3589626 0 0
7 2697325 0 1
7 2228683 0 0
7 3654292 0 0
7 3002375 0 0
7 3736117 0 0
7 2628663 0 0
7 3031932 0 0
7 3292982 0 0
7 3488812 0 0
7 3031933 0 0
7 2753354 0 1
7 2927798 0 1
7 2687521 0 0
7 2515300 0 0
7 3826000 0 0
7 3181904 0 0
7 3642018 0 1
7 3181901 0 0
7 3383320 0 1
7 3384893 0 0
7 3181900 0 0
7 3622424 0 1
7 3826008 0 1
7 3863886 0 1
7 3178512 0 0
7 2914256 0 1
7 3590432 0 0
7 2654633 0 0
7 3094285 2 0
7 3441776 0 0
7 3681666 0 0
7 3702521 0 0
7 1569401 0 0
7 2644612 0 0
7 2837657 0 0
7 3235766 0 1
7 3451744 0 1
7 3449426 0 1
7 3850162 0 0
7 2987885 0 0
7 3210747 0 0
7 3451746 0 1
7 3883248 0 0
7 2082655 0 0
7 2591287 0 1
7 2903525 0 0
7 1386660 0 0
7 3666055 0 1
7 2994175 0 0
7 3311563 0 0
7 2147413 0 0
7 2889009 0 1
7 2266746 0 1
7 2799065 0 0
7 2216008 0 0
7 2858520 0 0
7 3216032 0 0
7 2595874 0 0
7 3493390 0 0
7 2837649 0 0
7 3012374 0 1
7 3654090 0 0
7 2089060 2 1
7 2614465 0 0
7 1519138 0 0
7 2170450 0 0
7 3384440 0 0
7 1994947 0 1
7 3384446 0 0
7 3534519 0 0
7 3267342 0 1
7 3215178 0 1
7 3342281 0 0
7 3373553 0 0
7 3109523 0 1
7 3373552 2 1
7 1769486 0 1
7 3568739 2 1
7 2928448 0 0
7 2687566 0 0
7 3817354 0 0
7 1568758 0 0
7 3451775 0 0
7 3473306 0 1
7 3661872 0 0
7 2595410 0 0
7 3324881 2 2
7 3800916 0 1
7 3670570 0 1
7 1769477 0 0
7 3541269 0 0
7 3546951 0 1
7 2492850 0 0
7 1661658 0 0
7 3134924 0 1
7 2216835 0 0
7 3772027 0 0
7 3492011 0 0
7 3669924 0 1
7 3753506 0 0
7 2132358 0 0
7 3772026 0 0
7 3876590 0 1
7 3665565 0 0
7 3495769 0 1
7 3560387 0 0
7 3737022 0 0
7 2572160 0 0
7 3842585 0 1
7 2548046 0 0
7 3269106 0 0
7 3517753 0 0
7 3646245 0 0
7 3765973 0 0
7 3181740 2 0
7 3665578 0 1
7 3688436 0 1
7 1832124 0 1
7 2248201 0 1
7 3513164 0 0
7 3679720 0 1
7 3760296 2 1
7 1502062 0 0
7 2448556 0 0
7 2943177 0 1
7 3181971 2 1
7 3740665 0 0
7 3694900 2 1
7 1829161 0 0
7 2671813 0 0
7 3560121 0 0
7 3118243 0 1
7 2726176 0 0
7 3346845 0 1
7 1576333 0 0
7 2717458 0 1
7 2719637 0 0
7 3221187 0 1
7 2717212 0 0
7 3565822 0 1
7 3728563 0 0
7 3598543 0 0
7 1705499 0 1
7 3119585 0 1
7 3181746 0 1
7 3235113 2 1
7 3181745 2 0
7 2913568 0 0
7 3384258 0 1
7 2589624 0 0
7 2630042 0 0
7 3862394 0 1
7 3215365 0 1
7 2635975 0 0
7 3744806 0 0
7 1810534 0 1
7 1472670 0 1
7 3073123 0 0
7 3039003 0 0
7 3018975 0 0
7 3097717 0 1
7 3554980 0 1
7 3016314 0 1
7 3041996 0 0
7 3585487 0 0
7 2137601 0 0
7 3747020 0 0
7 3517558 0 0
7 3821201 0 1
7 3178760 0 0
7 2824986 0 1
7 3560182 2 1
7 3644260 0 0
7 3765938 0 0
7 3008936 0 0
7 2822794 0 0
7 2646647 0 1
7 3466152 0 1
7 2831024 0 0
7 3402108 0 0
7 3830168 0 1
7 3181922 0 0
7 3821211 0 0
7 3031938 0 0
7 1794228 0 0
7 2823654 0 0
7 3514299 0 1
7 3477044 0 0
7 3031940 2 1
7 2479275 0 0
7 2646642 0 0
7 3331104 0 0
7 3330255 0 0
7 3527384 0 0
7 3554961 0 0
7 3122544 0 0
7 3403886 0 0
7 2808471 0 1
7 3122543 2 0
7 3426527 0 0
7 3554962 0 0
7 3448519 0 1
7 3682966 0 0
7 3765915 0 0
7 3846723 0 0
7 3108275 0 0
7 2865463 0 0
7 3517578 0 0
7 2246062 0 0
7 2890872 0 0
7 3679799 0 1
7 3810321 0 1
7 2759016 0 0
7 3181960 0 1
7 3327081 0 1
7 2738353 0 1
7 3202493 0 1
7 2992125 0 2
7 3086871 0 0
7 3181703 0 0
7 3505368 0 0
7 2725270 0 1
7 3491115 0 1
7 2881943 2 1
7 2881949 0 0
7 3148928 2 0
7 3272789 0 1
7 3372078 0 0
7 2787945 0 1
7 2879869 2 1
7 3021925 0 1
7 3263836 0 0
7 3108260 2 1
7 3345936 0 1
7 3443362 0 1
7 1971047 0 0
7 3243905 0 1
7 2970840 0 1
7 3341333 0 0
7 3332868 0 0
7 3605789 2 0
7 2717953 0 0
7 2734055 0 0
7 2738416 0 0
7 2785897 0 0
7 1379641 0 0
7 3034985 0 0
7 3270297 0 0
7 3444217 0 1
7 3557370 0 1
7 3859854 0 0
7 3169452 0 0
7 3481640 0 0
7 3420481 0 0
7 1183226 2 1
7 3386015 0 1
7 1858696 0 1
7 3848950 0 1
7 1845151 0 0
7 3115843 0 0
7 3162834 0 0
7 3236383 0 0
7 1298312 0 0
7 3549769 0 0
7 3379960 0 1
7 3173958 0 0
7 3082809 2 0
7 3834322 0 0
7 3598932 0 0
7 3630971 0 1
7 3293164 0 0
7 3741235 0 0
7 1584230 2 1
7 3489580 0 1
7 3467595 0 1
7 3029171 0 0
7 3471615 0 0
7 3493845 0 1
7 3843012 0 0
7 1139519 0 1
7 3843016 0 1
7 3293155 0 0
7 2265260 0 0
7 3019121 0 0
7 2770135 0 0
7 2851027 0 1
7 3708876 0 0
7 2759333 0 0
7 3634073 0 1
7 2851030 0 0
7 2496697 0 0
7 2836296 0 0
7 2373782 0 1
7 2784764 0 0
7 317342 0 0
7 2918299 0 0
7 2840559 0 1
7 3349287 0 1
7 3430492 0 0
7 2911428 0 0
7 3031240 0 0
7 3878577 0 0
7 3839807 0 1
7 3878575 0 1
7 3688526 0 0
7 2851681 0 0
7 3181779 2 0
7 3181778 0 1
7 3181777 0 1
7 3191585 0 0
7 1318453 0 0
7 2656288 2 1
7 3514449 0 0
7 3214546 0 0
7 3012908 2 0
7 3032763 0 1
7 3410006 0 0
7 3630947 0 0
7 2644292 0 0
7 2661876 0 1
7 2910348 0 0
7 2954396 0 1
7 2635349 0 0
7 3776541 0 1
7 1550404 0 0
7 3126760 0 0
7 2607263 0 0
7 3630942 0 1
7 3689601 0 0
7 1240387 0 0
7 3662142 0 1
7 3181767 2 1
7 1764009 0 1
7 3568063 0 1
7 3569157 0 1
7 3125208 0 0
7 3630934 0 1
7 3600033 0 1
7 3630935 0 0
7 3573898 0 0
7 3630936 0 1
7 3695280 0 1
7 3542930 0 0
7 3630937 0 0
7 3249247 0 0
7 1716160 2 0
7 3016282 0 0
7 3181775 2 0
7 3181773 2 1
7 2556664 0 0
7 3181772 2 1
7 3766758 0 1
7 2518387 0 0
7 3181770 2 1
7 2517059 0 1
7 2518147 0 1
7 2515901 2 1
7 2924526 2 1
7 3504423 0 1
7 3612492 0 0
7 3667848 0 0
7 1797808 0 0
7 3242647 0 0
7 3315261 0 0
7 3833481 0 0
7 3181562 2 0
7 3122380 0 0
7 3315257 0 1
7 2211497 0 1
7 2970879 2 1
7 3613594 0 1
7 3012941 0 0
7 2656294 0 1
7 3545187 0 1
7 2611980 0 0
7 3191598 2 0
7 3477101 0 1
7 2791917 0 0
7 1803776 0 1
7 3658907 0 0
7 2877604 0 0
7 2913649 0 1
7 2517072 0 0
7 2887642 0 1
7 3181795 0 1
7 3468878 0 1
7 3444686 0 0
7 3420490 0 0
7 3113209 0 0
7 3420492 0 1
7 1434505 2 0
7 3745444 0 0
7 1434506 0 0
7 3420400 0 0
7 2453113 0 1
7 3276432 0 0
7 3534410 0 0
7 2515925 0 1
7 3012798 0 0
7 3678088 0 1
7 3880052 0 1
7 3012558 2 1
7 3068595 0 0
7 2138451 0 0
7 2755150 0 1
7 3825209 0 0
7 2008193 0 0
7 2685404 0 0
7 3530294 0 0
7 2695217 0 1
7 2766280 0 0
7 3172479 0 1
7 2515918 0 1
7 1661590 0 0
7 2695211 0 1
7 3788165 0 0
7 3773923 0 0
7 2075491 0 0
7 3298219 0 1
7 2570550 0 0
7 3446808 0 0
7 2327222 0 1
7 3760618 2 1
7 2755165 0 0
7 3519263 0 1
7 2755164 0 1
7 3032180 0 0
7 3312196 0 1
7 3046348 0 0
7 2938294 2 0
7 2553185 0 1
7 2938296 0 1
7 3642540 0 0
7 3512884 0 0
7 3046346 0 1
7 3663608 0 0
7 2768214 0 1
7 3694100 0 1
7 2955625 0 0
7 1088007 0 1
7 3039818 0 0
7 2769306 0 0
7 2990828 0 1
7 2933606 0 0
7 3265521 0 0
7 3123271 2 0
7 3003629 0 0
7 3833287 0 0
7 3410809 0 0
7 3016703 0 0
7 1315350 0 0
7 3885530 0 1
7 2990820 0 0
7 1519183 0 0
7 2895691 0 1
7 2329860 0 0
7 1592480 0 0
7 1550631 0 0
7 2872355 0 0
7 3444888 0 0
7 1199611 2 1
7 2755147 0 1
7 2908021 0 1
7 3032179 0 0
7 3022319 0 1
7 3662776 0 0
7 3500680 0 1
7 3878177 0 1
7 3878174 2 1
7 3775057 0 1
7 2767345 2 1
7 2919794 0 1
7 2174511 0 0
7 2919795 0 0
7 3230235 0 0
7 2919798 0 0
7 3098373 0 0
7 2952377 0 1
7 2590592 0 1
7 3305603 0 0
7 3671015 0 0
7 1518904 0 0
7 2847172 0 0
7 3742136 0 0
7 1838423 0 0
7 2939397 0 0
7 3278665 0 0
7 3534444 0 0
7 3560754 0 1
7 2827563 0 0
7 1151653 0 0
7 3543180 0 0
7 3793952 0 0
7 3605114 0 0
7 2228297 0 0
7 2729295 0 1
7 3849445 0 0
7 3410632 0 1
7 1088011 2 1
7 1474397 0 0
7 1456982 0 0
7 3266209 0 0
7 3282913 0 0
7 3146198 0 0
7 2990873 0 0
7 3555377 0 1
7 1456957 0 0
7 2640798 0 0
7 3317609 0 0
7 3420668 0 0
7 3512687 0 0
7 3686769 2 0
7 1965464 0 1
7 3792617 0 0
7 3643832 0 0
7 2631841 0 0
7 3811092 0 0
7 3139664 0 0
7 2695460 0 0
7 3011203 2 1
7 2270822 2 1
7 3555371 0 0
7 2595823 0 0
7 3361991 0 0
7 3014964 0 1
7 3845061 0 1
7 3775046 0 0
7 2695231 0 1
7 3363933 0 0
7 3420417 0 1
7 3687846 0 0
7 3776379 0 0
7 2235848 0 1
7 2695233 0 0
7 3235717 0 0
7 2732008 0 1
7 3420418 0 0
7 3641406 0 1
7 3564099 0 1
7 2500004 0 0
7 3549946 0 0
7 3311058 0 0
7 2861844 0 0
7 3553333 2 1
7 3553575 0 0
7 3178608 0 0
7 2265726 0 0
7 2605208 0 1
7 3715754 0 0
7 3141319 0 0
7 2426818 0 1
7 2927890 0 0
7 3883161 0 0
7 2094705 0 1
7 3096313 2 1
7 3395405 0 1
7 2048943 0 0
7 3210897 2 1
7 3495012 0 0
7 3195175 0 0
7 3666389 0 1
7 1705513 0 1
7 2854084 0 0
7 3771226 0 1
7 2699657 0 0
7 3888620 0 0
7 2845584 0 1
7 3147093 0 1
7 2426820 0 1
7 549076 0 1
7 3034298 0 0
7 3763843 0 0
7 3315621 0 0
7 3079191 0 1
7 3795402 0 1
7 3657443 0 0
7 3257653 0 1
7 2768737 0 1
7 3442737 0 1
7 3371452 0 0
7 2895602 0 0
7 2515898 0 0
7 2757601 0 0
7 2808165 0 0
7 2745863 0 0
7 3750520 0 0
7 3531319 0 0
7 2846895 0 0
7 2768965 2 1
7 3447191 0 1
7 2515893 0 1
7 1181818 0 0
7 2515895 0 0
7 3372558 2 1
7 3441892 0 0
7 2071911 0 0
7 3605182 0 0
7 3195149 2 1
7 3195148 2 1
7 425585 0 1
7 2930874 0 0
7 3522873 0 0
7 3545994 0 0
7 3313869 0 0
7 3670442 0 0
7 3870297 0 1
7 2654309 0 1
7 3670444 0 0
7 509421 0 0
7 2987524 0 1
7 3279475 0 0
7 3882048 0 0
7 3235659 2 1
7 1574288 0 0
7 3219664 0 0
7 3219665 0 0
7 1769378 0 1
7 2783094 0 1
7 3416699 0 1
7 3542016 0 0
7 3816593 0 0
7 3249806 0 0
7 1564027 0 0
7 3253099 0 1
7 3809850 0 0
7 3417531 0 0
7 1079843 0 1
7 2955942 2 1
7 3195167 0 0
7 2740127 0 1
7 2990906 0 1
7 2615437 0 0
7 2685268 0 0
7 3224772 0 1
7 3374526 0 0
7 2987505 0 1
7 3012262 0 0
7 3313870 0 0
7 3701359 0 0
7 2646705 0 1
7 2909161 0 0
7 3749970 0 0
7 2909162 0 0
7 3439772 0 0
7 3081466 0 1
7 3195159 0 1
7 3242199 0 0
7 2254627 2 1
7 2749191 0 0
7 3590997 0 0
7 1564030 0 0
7 3278360 0 0
7 3821958 0 1
7 3256148 0 0
7 3181858 0 0
7 2670825 0 0
7 3833507 0 0
7 1779399 0 0
7 3181855 0 0
7 3738473 0 0
7 3679850 0 1
7 1188062 0 0
7 3651286 0 1
7 3256142 0 0
7 3573582 0 0
7 2834624 0 1
7 3504573 0 1
7 3666545 0 1
7 3835939 0 0
7 3155790 0 0
7 2866461 0 0
7 3653237 0 1
7 2569097 0 0
7 3502159 0 0
7 3000907 0 0
7 3326919 0 1
7 3446010 0 1
7 3181878 0 1
7 3703349 0 0
7 3181876 2 0
7 3517418 0 0
7 3345875 0 0
7 2656305 0 1
7 2936319 0 0
7 2628700 0 0
7 3314936 0 0
7 3559497 0 0
7 3570054 0 0
7 3181885 2 1
7 3703346 0 1
7 2887179 0 1
7 3181883 2 1
7 3665220 0 0
7 3181882 2 1
7 3206544 0 1
7 2031887 2 1
7 2096525 0 0
7 3419066 0 1
7 3181869 2 1
7 3181626 0 1
7 3181867 2 1
7 3466094 0 0
7 2131114 0 0
7 2246136 0 0
7 3123969 2 1
7 3482563 0 0
7 1188051 2 1
7 1939835 0 0
7 3461647 2 1
7 3181873 0 0
7 3261730 0 0
7 3181872 2 1
7 3335845 0 0
7 1459115 0 0
7 3181871 2 1
7 3205688 2 1
7 3058071 0 1
7 2590902 0 1
7 3507871 0 0
7 2726471 0 0
7 3654353 0 0
7 2972421 0 1
7 3246141 0 0
7 2656328 0 1
7 3724261 0 0
7 3293137 0 0
7 3227864 0 0
7 2448647 0 0
7 3226531 0 1
7 3078921 0 0
7 1635416 0 1
7 2820028 0 1
7 3388759 0 1
7 3246139 0 1
7 3646790 0 0
7 3682805 0 0
7 2656315 2 1
7 3433378 0 1
7 3445118 0 0
7 3613419 0 0
7 2669860 0 1
7 3658966 0 1
7 3013171 2 1
7 3890975 0 0
7 2975916 0 0
7 2585577 0 0
7 2951745 0 1
7 1352384 0 0
7 2824842 0 0
7 2951743 0 1
7 3514185 0 1
7 3008836 0 0
7 2716442 0 0
7 3655224 0 1
7 3142278 0 0
7 2386135 0 1
7 3135503 0 0
7 3574454 0 1
7 2645685 0 0
7 2904791 0 0
7 3480574 0 1
7 2996606 0 1
7 3687048 0 1
7 3772336 0 1
7 3466291 0 1
7 3560058 0 0
7 3283551 0 0
7 2656332 2 1
7 2972415 2 1
7 3155572 0 1
7 3440918 0 0
7 2656333 0 1
7 165592 0 1
7 3025172 0 0
7 3573116 0 0
7 3114818 0 1
7 2494993 2 0
7 3608291 0 1
8 3171650 0 1
8 3062097 0 0
8 3339374 0 0
8 3490472 0 0
8 3389871 1 1
8 3662214 0 1
8 3665962 0 0
8 2783106 0 0
8 3568150 1 1
8 3790776 0 0
8 3022870 1 1
8 3478585 0 1
8 3639671 0 1
8 3824631 0 1
8 3777793 0 0
8 3629863 0 0
8 2141351 0 0
8 3446994 0 1
8 2694645 0 1
8 2449121 0 0
8 1216331 1 1
8 3172513 0 0
8 3512356 0 0
8 2955317 0 0
8 3850907 1 1
8 2976035 0 0
8 2781151 0 0
8 2518220 0 1
8 1174872 0 0
8 3745958 1 1
8 3296552 2 1
8 3535693 0 0
8 1518837 0 0
8 1513597 1 0
8 2031918 0 0
8 3420100 0 1
8 3389899 0 1
8 3420586 0 1
8 3170346 0 1
8 2924848 0 1
8 3581107 0 1
8 3784074 0 1
8 2806537 2 1
8 3733998 0 1
8 3757727 0 0
8 3846886 1 1
8 3340342 2 1
8 3871406 0 1
8 2955588 0 0
8 3054213 0 0
8 3606735 0 1
8 3477275 0 0
8 1474901 0 0
8 3777773 1 1
8 3572634 0 0
8 1664553 0 0
8 1664556 0 0
8 3407125 0 1
8 3392815 0 1
8 3413816 0 0
8 3265806 1 1
8 3638556 0 1
8 2806542 0 1
8 3420576 0 1
8 3024602 0 0
8 2475418 0 0
8 3776212 0 1
8 3422757 0 0
8 3074290 0 0
8 3009697 0 1
8 2806543 0 1
8 2935976 0 0
8 3605411 0 1
8 3770910 0 1
8 3696463 0 0
8 3785158 0 0
8 3646179 0 1
8 2888895 0 0
8 3200034 0 1
8 3835511 0 1
8 3830061 0 1
8 3090365 0 0
8 3655958 1 0
8 3407132 0 0
8 2448484 0 0
8 1240497 0 0
8 3342504 0 0
8 3663347 0 0
8 3763592 0 0
8 3101343 0 0
8 3732605 0 0
8 3181656 0 1
8 3750275 0 0
8 2110401 0 0
8 1287504 0 1
8 1781552 0 0
8 3252302 0 1
8 3454573 0 1
8 2133520 0 0
8 3009627 0 0
8 1906781 1 1
8 2842443 0 1
8 3570038 0 1
8 3171844 0 0
8 3570033 0 1
8 3711917 0 1
8 3565925 0 0
8 2795135 0 1
8 3466321 0 0
8 3711918 0 0
8 2752812 0 0
8 3464372 0 1
8 3688879 0 0
8 3762274 0 1
8 3784283 0 1
8 3340570 2 1
8 3784285 0 1
8 3162908 0 0
8 3365615 0 0
8 3674472 0 1
8 3777767 1 1
8 3381722 0 1
8 3777769 0 0
8 3674474 0 1
8 3548359 0 0
8 3303139 0 0
8 3849968 0 0
8 3112497 0 0
8 2576332 2 1
8 3181896 0 1
8 3811103 0 0
8 2660653 0 0
8 3572680 0 0
8 1794627 1 1
8 3201105 0 0
8 2447176 0 1
8 3170540 0 1
8 2447179 0 0
8 3611040 0 1
8 3876052 0 0
8 2622763 0 1
8 3043318 0 1
8 3731534 0 0
8 3739027 0 1
8 3006376 0 1
8 3673173 0 1
8 3776403 1 0
8 2808512 1 1
8 3478569 0 1
8 3842089 1 0
8 3179593 0 0
8 2018707 0 1
8 3238497 2 1
8 1044303 0 0
8 3170535 0 1
8 3837720 0 0
8 3169556 2 1
8 3664451 0 1
8 3420378 0 0
8 2950920 0 1
8 2911583 0 1
8 3514352 1 1
8 3328441 0 1
8 3332937 0 0
8 3299601 0 0
8 3572425 0 0
8 2518049 0 0
8 3616987 0 0
8 3578350 1 1
8 3289626 0 0
8 3414089 1 1
8 2800177 0 0
8 2806951 0 1
8 3885624 0 1
8 2139665 0 0
8 2916125 0 1
8 3541073 0 1
8 2039826 0 1
8 3757300 0 0
8 2894019 0 0
8 3243637 1 1
8 3298102 0 0
8 3489883 1 1
8 2467409 0 1
8 3319920 0 0
8 3804629 0 1
8 3575076 0 1
8 3800011 0 0
8 3883218 0 0
8 3575072 0 1
8 3129962 0 1
8 2642800 0 0
8 3420514 0 0
8 3420756 0 0
8 3778259 0 0
8 3420516 0 1
8 3796907 0 1
8 2769430 1 1
8 2805630 0 0
8 2453229 0 1
8 3885875 1 1
8 3778250 1 1
8 2686868 2 1
8 3078276 0 0
8 2747426 0 0
8 3317768 0 0
8 2366049 0 0
8 3123158 0 0
8 3286335 1 1
8 3420742 0 0
8 2771986 0 1
8 2859021 0 0
8 3420744 1 1
8 3794958 1 1
8 3452137 0 0
8 3232515 0 1
8 3286330 1 1
8 3788272 0 0
8 2591145 0 0
8 2951383 0 1
8 3788279 0 0
8 2756345 0 1
8 3840703 0 0
8 2940257 0 1
8 3835584 1 1
8 2909247 0 0
8 3249182 0 0
8 3360341 0 0
8 3102244 0 1
8 3102242 0 1
8 2174449 0 0
8 2873320 0 1
8 2582677 0 0
8 3420738 0 0
8 3452142 0 0
8 3195234 0 1
8 3212896 0 1
8 3628128 0 1
8 3162575 0 0
8 3243642 0 1
8 3469807 0 1
8 2873323 0 1
8 3469802 0 0
8 3446941 0 0
8 3724894 0 1
8 3390269 0 0
8 2536546 0 0
8 3395958 0 1
8 2841518 0 1
8 3207058 0 1
8 3885824 1 0
8 2989304 0 1
8 3152534 0 0
8 2737803 0 1
8 3349538 0 0
8 3112085 0 1
8 3286154 0 0
8 3885820 0 0
8 2607544 2 0
8 3112088 0 0
8 3104450 0 0
8 3483062 0 1
8 2756566 0 1
8 3699946 0 1
8 3172539 0 0
8 2591329 0 0
8 2366066 2 1
8 3317931 0 0
8 2880279 0 0
8 3509147 0 0
8 2857279 1 1
8 3315517 0 0
8 2589488 0 0
8 3104685 2 0
8 2449163 0 0
8 2526511 0 0
8 3757735 0 0
8 3792989 0 0
8 3792504 1 1
8 2366070 0 1
8 2366074 0 0
8 3893443 0 1
8 3336236 1 1
8 3012892 0 0
8 3014830 0 1
8 3340943 0 1
8 3685797 0 0
8 3807715 1 1
8 2642859 0 0
8 2955306 0 0
8 1805428 0 1
8 3432970 0 0
8 2115248 0 1
8 1933540 0 0
8 3818844 1 1
8 2639208 2 1
8 2257968 0 0
8 2323392 0 1
8 2686876 0 1
8 3582863 0 1
8 3420774 0 1
8 3128898 0 0
8 3087163 1 0
8 3685548 0 1
8 3513425 0 1
8 2672014 2 1
8 3653731 0 0
8 3714811 0 0
8 3261098 0 0
8 1876804 0 0
8 1567438 0 1
8 2957192 0 1
8 3405649 0 1
8 3207131 0 1
8 3153662 0 1
8 3748791 0 1
8 314400 0 0
8 3648828 0 1
8 2915796 1 1
8 3889822 0 0
8 3092070 0 1
8 1578577 1 1
8 3049671 0 1
8 3185269 0 1
8 1139178 0 1
8 3361858 0 0
8 2719214 0 1
8 2008591 0 0
8 1586195 0 0
8 2719210 0 1
8 3575002 0 0
8 2718120 2 1
8 3037213 0 0
8 3573064 1 1
8 3853870 0 1
8 3337512 0 0
8 3207124 0 1
8 2377328 0 0
8 3631142 0 1
8 3690350 1 1
8 2024832 0 1
8 3711047 0 0
8 3004541 0 0
8 3784882 0 0
8 3449232 0 0
8 3852777 0 0
8 2663564 0 0
8 3038533 1 0
8 3374831 0 0
8 3486423 1 0
8 3315741 0 0
8 3851671 0 0
8 3181915 2 1
8 3015204 1 1
8 3129533 0 1
8 2938459 1 1
8 2788140 0 0
8 3589623 0 0
8 2740280 0 0
8 3181918 1 1
8 3327721 0 0
8 3144937 0 1
8 3654292 0 0
8 2848723 0 1
8 3713239 0 0
8 3458199 0 0
8 3782692 0 0
8 3311149 1 1
8 2949589 2 1
8 3576798 0 1
8 3366293 0 0
8 2687521 0 0
8 3693409 0 1
8 3276020 0 1
8 3527175 2 1
8 3426797 0 1
8 3527178 0 0
8 3211848 0 0
8 3841621 1 1
8 2135671 0 1
8 3613718 0 1
8 3852757 0 1
8 3852513 0 0
8 3185275 0 0
8 3282934 0 1
8 1868710 1 0
8 3188784 0 0
8 3853434 0 1
8 3853439 0 0
8 2644619 0 0
8 3589207 0 1
8 3347756 1 1
8 3660999 0 0
8 2589195 0 0
8 3292568 2 1
8 3041901 1 1
8 3610658 1 1
8 2902432 0 0
8 3650713 0 0
8 2746806 0 1
8 3500723 0 0
8 3554598 0 0
8 3620229 0 0
8 2799065 0 0
8 2920713 0 0
8 3013215 0 0
8 3139154 0 1
8 2526479 0 0
8 2626691 0 1
8 3439636 0 0
8 2008322 0 0
8 2626699 0 0
8 3283605 0 0
8 3689166 0 1
8 3212901 0 0
8 3430626 1 1
8 3506042 0 1
8 3828217 0 0
8 2677798 2 1
8 2677799 1 1
8 2883978 0 0
8 3621767 0 0
8 2650076 0 0
8 3324893 0 1
8 3621765 0 0
8 2740008 0 1
8 2008575 0 0
8 3215178 0 0
8 2952791 0 1
8 3038529 1 1
8 3758332 0 1
8 2515588 0 1
8 3446186 0 1
8 3804038 0 1
8 2859874 0 0
8 1524733 0 1
8 3820980 0 0
8 2591290 0 0
8 3369514 0 0
8 2704191 0 0
8 2741580 0 0
8 3029800 0 0
8 3734373 0 0
8 3726751 0 1
8 2664237 0 0
8 3726752 0 0
8 2987858 2 1
8 3527560 2 1
8 2854356 2 1
8 1624838 0 0
8 3282795 0 1
8 3443081 0 1
8 3560387 0 0
8 3718744 0 1
8 2330074 0 0
8 2909945 0 0
8 3760049 0 0
8 2864151 2 1
8 3434377 0 0
8 3478183 0 0
8 1510947 0 1
8 3152170 0 0
8 2909944 0 1
8 3604616 0 1
8 3317060 0 1
8 3100729 0 1
8 1252727 1 0
8 2424119 0 0
8 2905582 0 0
8 3572378 0 0
8 3240922 0 1
8 2573019 0 1
8 3447215 0 1
8 3017697 0 0
8 3686256 0 0
8 3797311 0 1
8 2118280 0 1
8 3651174 0 0
8 3497958 0 1
8 2749045 1 1
8 3887259 0 0
8 3654207 0 0
8 2171702 0 1
8 3411485 0 1
8 3517523 0 0
8 3679720 0 1
8 3158975 0 0
8 3573459 0 0
8 3740665 0 0
8 3654209 0 0
8 3663391 0 0
8 3369968 0 0
8 3693815 0 1
8 3401669 0 0
8 2773124 2 2
8 3562549 0 1
8 2448346 0 0
8 3122986 0 1
8 3551416 0 0
8 3552988 0 0
8 2629918 0 0
8 1475713 0 0
8 3181763 0 1
8 3330267 1 1
8 3331357 0 0
8 3385582 0 1
8 1894829 0 1
8 3022826 0 1
8 2615740 0 0
8 3139171 1 0
8 3234026 0 0
8 3506891 0 0
8 3551421 0 1
8 3747074 0 0
8 2474603 0 1
8 3715024 0 0
8 3246471 0 0
8 1705495 0 0
8 2630042 0 0
8 3219720 0 0
8 3010601 0 0
8 3181754 0 0
8 3331121 0 0
8 3711903 0 0
8 3889690 0 0
8 3572102 0 1
8 1978045 0 0
8 3512092 0 0
8 3585487 0 0
8 3551238 1 0
8 3713254 0 0
8 2189692 0 0
8 3654472 0 1
8 3174167 0 1
8 3389956 2 1
8 2693862 0 1
8 3774648 0 1
8 3332669 0 0
8 3053742 0 1
8 3331337 0 0
8 3626830 0 0
8 3087508 1 1
8 2890893 2 1
8 3054833 0 0
8 3310634 1 1
8 3622231 1 1
8 3717617 0 0
8 3262750 0 1
8 3310635 0 0
8 3012190 0 0
8 2923374 0 1
8 2851291 0 0
8 3451910 0 1
8 2851292 0 1
8 1563447 1 1
8 2851297 1 1
8 3087988 0 1
8 3806272 0 0
8 2480022 0 1
8 3517569 0 0
8 3621157 0 1
8 3154385 0 1
8 3433013 0 0
8 3621150 0 0
8 3625995 0 0
8 2246031 2 1
8 3373146 0 1
8 3048370 0 1
8 3822304 0 1
8 3262762 0 0
8 3195090 0 0
8 3610268 0 0
8 3665371 0 1
8 2646658 1 0
8 3747049 0 1
8 2772233 0 1
8 3693614 1 0
8 3506440 0 1
8 2995885 0 0
8 3181713 2 0
8 3505356 2 1
8 3820572 0 1
8 3415873 0 0
8 2565404 0 1
8 2007886 0 0
8 3463910 0 0
8 3785524 0 0
8 3841278 0 1
8 2228402 0 1
8 2801848 0 1
8 3759024 0 1
8 3170810 0 1
8 3572156 0 0
8 2667597 0 1
8 3354676 0 1
8 3834987 0 1
8 2995872 0 0
8 3236486 0 0
8 3622466 0 1
8 2801850 0 0
8 3181709 0 1
8 3178790 0 0
8 3785512 1 0
8 3581091 0 0
8 3331562 0 0
8 1343569 0 1
8 3521838 0 0
8 3468599 0 1
8 2944799 1 1
8 2889858 0 0
8 3165095 0 1
8 3580398 0 1
8 3580399 0 1
8 3744750 0 0
8 3858768 0 1
8 2775846 0 1
8 2804011 0 1
8 3100570 0 1
8 2374601 0 0
8 2621138 0 1
8 3546000 0 0
8 3237227 0 1
8 2565347 0 1
8 3080874 0 0
8 2565341 0 1
8 1379641 0 0
8 2980650 0 0
8 2876787 0 1
8 3745849 0 1
8 1298325 1 1
8 2638813 2 1
8 3859850 0 0
8 2408940 2 1
8 3331530 0 0
8 2705504 1 0
8 3420473 0 0
8 3400645 0 1
8 3122372 0 1
8 3275751 0 1
8 2565333 0 0
8 3776358 0 0
8 2842517 0 0
8 3068520 0 1
8 3400648 0 0
8 1316067 2 1
8 2842514 0 1
8 2954344 0 0
8 3115843 0 0
8 3777684 0 1
8 2570714 0 0
8 3873931 1 1
8 2705509 0 0
8 3534485 0 0
8 3558470 0 1
8 1044232 0 0
8 3617539 0 0
8 1459868 2 1
8 3045897 0 1
8 3162836 0 0
8 3306114 0 0
8 3869687 1 1
8 3718248 1 1
8 3296425 0 1
8 2759338 2 1
8 3019362 0 0
8 2759336 2 1
8 2770135 0 0
8 2798987 0 0
8 2832701 0 1
8 3391622 0 1
8 3087487 2 1
8 3341569 0 0
8 3492760 0 1
8 1781429 0 0
8 3585810 0 0
8 3086151 0 1
8 3361152 0 1
8 2656493 0 1
8 3269050 2 1
8 1925150 0 0
8 2840556 0 1
8 3880487 0 0
8 3693083 0 1
8 1633730 0 0
8 3865260 0 1
8 3744521 0 0
8 3182441 0 0
8 3087473 1 1
8 3877004 0 1
8 3714062 0 1
8 3559119 0 0
8 3250487 0 1
8 3285580 0 1
8 3714069 0 0
8 3410003 2 1
8 3646286 0 1
8 2684515 0 0
8 3646287 0 1
8 3776541 0 0
8 3173907 0 0
8 2854956 0 1
8 3409001 0 0
8 2211476 0 1
8 2924519 0 0
8 3614466 0 0
8 2700015 0 0
8 3614464 0 1
8 3275793 0 0
8 1764009 0 1
8 2957200 0 0
8 1859984 0 1
8 3457973 1 1
8 2062508 0 0
8 2874558 0 1
8 3644099 0 0
8 3506838 0 0
8 3535374 0 0
8 3708448 1 0
8 3498281 0 1
8 3108084 0 2
8 3203885 0 0
8 3339227 0 1
8 2799634 0 2
8 3466462 0 1
8 2515905 0 0
8 3612492 0 0
8 3500066 0 0
8 3518825 0 1
8 3178148 1 0
8 2246105 0 0
8 3518829 0 1
8 2981767 0 1
8 2661898 1 1
8 2000292 0 0
8 2761866 0 1
8 2854973 0 0
8 3572554 0 1
8 3634049 0 1
8 3833481 0 0
8 2854977 0 0
8 3039167 1 1
8 3714092 0 1
8 2799645 0 0
8 3039165 0 1
8 455683 0 0
8 2967467 0 1
8 2799647 0 0
8 3039162 1 1
8 3039161 2 0
8 3039160 0 1
8 2845803 0 0
8 3377360 0 1
8 3470713 1 1
8 3732755 0 0
8 3089623 0 0
8 3517743 0 0
8 2686928 1 1
8 3517741 0 0
8 3518831 0 1
8 3518830 0 1
8 3634039 0 0
8 3181795 0 0
8 2628175 0 1
8 3315012 0 0
8 2628177 0 1
8 2860358 1 1
8 3197527 0 0
8 3615182 0 1
8 3848568 0 0
8 3408518 0 0
8 3580793 0 1
8 2990856 0 0
8 2954990 0 0
8 3059648 0 1
8 3059645 0 1
8 3145082 0 1
8 3579798 0 1
8 1888726 0 1
8 3047888 0 1
8 3694558 0 0
8 3569994 0 1
8 3825696 0 0
8 3045463 0 0
8 3160011 2 0
8 3618463 0 1
8 3059654 0 1
8 3669376 0 0
8 3783717 0 1
8 3392787 0 0
8 3313041 0 1
8 3338781 0 0
8 3806701 0 0
8 3682128 0 1
8 1929122 0 1
8 2854937 0 1
8 2854938 2 1
8 3398099 0 1
8 151666 2 1
8 2851664 0 0
8 2647148 0 0
8 3835463 2 1
8 3352852 0 1
8 1885431 0 1
8 2760719 1 1
8 3363978 0 0
8 3779449 0 1
8 3617350 1 0
8 3800390 0 0
8 3657171 0 1
8 3657172 0 1
8 3884204 0 1
8 1464384 0 0
8 3569973 0 1
8 3330834 0 0
8 2852764 0 0
8 3799273 0 0
8 2994181 0 0
8 3555582 0 0
8 3674738 0 1
8 2128213 0 0
8 3807810 0 0
8 1781834 0 0
8 3315403 0 0
8 1781836 0 0
8 2941483 0 1
8 3045435 0 0
8 3420686 0 1
8 3702515 0 0
8 2673214 0 1
8 3061920 0 0
8 2263063 1 1
8 3183319 0 1
8 3733896 0 0
8 3733895 0 1
8 3591410 0 1
8 3712962 0 0
8 2647163 0 1
8 1637267 0 0
8 2840540 0 1
8 3731470 0 1
8 3555392 0 1
8 3519051 0 0
8 2630977 0 1
8 3395843 0 0
8 2442429 0 0
8 2442427 1 0
8 2687621 0 1
8 3814340 0 0
8 2131854 0 0
8 3336351 0 0
8 2024879 0 0
8 3863508 0 1
8 3252254 0 0
8 3278424 0 0
8 3452200 0 0
8 3826107 0 0
8 1559621 2 0
8 3661458 0 1
8 3422616 1 2
8 3423946 1 0
8 3325431 1 0
8 2011569 0 0
8 3519068 0 1
8 2009013 0 1
8 3697412 0 0
8 3157093 0 1
8 2628118 0 1
8 3546216 0 0
8 3570545 0 1
8 3599149 0 0
8 3744549 0 1
8 2702832 1 1
8 3766118 0 1
8 3055013 0 0
8 3661462 0 0
8 3235940 1 1
8 3830811 0 0
8 2988313 0 0
8 3102178 0 1
8 3171359 1 1
8 3420423 0 1
8 3884631 0 1
8 2581659 1 1
8 2581654 1 1
8 3543395 0 1
8 3580331 0 0
8 3860463 0 0
8 3099001 0 0
8 3267982 0 1
8 2852717 0 0
8 3590346 0 1
8 3668090 0 0
8 3011205 0 0
8 3524677 0 0
8 3590347 0 0
8 3590348 0 0
8 3409625 0 1
8 3649379 0 0
8 3625161 0 1
8 3500470 1 1
8 3683000 0 0
8 2235848 0 1
8 3868168 1 1
8 3485111 0 0
8 3624087 0 0
8 3026935 2 1
8 3811089 0 0
8 3242237 0 0
8 3689257 0 1
8 3853996 0 1
8 3556847 0 1
8 3159098 0 1
8 3349853 0 0
8 3586491 1 0
8 3266358 0 0
8 3369462 0 0
8 3141320 0 1
8 3401160 0 1
8 2811103 0 1
8 3787804 0 1
8 3132858 0 0
8 3359427 1 0
8 3011193 0 0
8 3527033 0 1
8 2689851 0 1
8 3392138 0 0
8 2447983 0 0
8 2247070 0 0
8 3151599 1 0
8 3508533 0 1
8 3749992 0 0
8 3773881 0 1
8 3151598 0 0
8 3806514 0 1
8 3416892 0 0
8 3888620 0 0
8 2770823 0 0
8 3567976 0 0
8 3567975 0 1
8 2821394 0 0
8 2386147 0 0
8 3874468 0 1
8 2987955 1 1
8 3872046 1 1
8 3463884 1 1
8 2385296 0 1
8 3128590 0 0
8 3769352 0 1
8 3657200 0 1
8 3667007 0 0
8 2672189 0 1
8 3621687 0 0
8 2672188 2 1
8 2698776 0 0
8 1693557 2 1
8 2914367 0 1
8 3796735 0 0
8 3233447 0 0
8 2914366 0 1
8 2008015 0 1
8 3858182 0 0
8 3442737 0 0
8 3485663 0 0
8 3733199 0 1
8 2595582 0 0
8 3343292 0 1
8 3569904 0 1
8 3599113 0 0
8 3098999 0 1
8 3689034 0 1
8 1774568 0 0
8 3332168 0 0
8 3197137 0 1
8 3657692 2 1
8 2757601 0 0
8 3177789 1 1
8 3253045 0 0
8 3657696 0 1
8 3328927 0 1
8 3751850 0 0
8 3791279 0 0
8 3565772 0 0
8 2577927 0 1
8 3618043 0 1
8 3140201 0 1
8 3644794 0 1
8 3657698 0 0
8 1808500 0 1
8 3487850 0 1
8 3851542 0 1
8 2663463 2 1
8 3172025 0 0
8 2685044 0 1
8 3533762 0 0
8 2855368 0 1
8 3119676 0 0
8 3331292 0 0
8 2080348 0 1
8 3347879 0 1
8 3458017 0 1
8 3569961 0 1
8 3309367 0 1
8 1899521 0 0
8 3182073 0 0
8 3860086 1 1
8 3880091 1 1
8 2591166 0 0
8 3569969 0 1
8 2601047 0 1
8 3079175 0 0
8 3405324 1 0
8 3704898 0 0
8 3642360 0 1
8 3097205 0 1
8 2939431 0 1
8 1351204 0 1
8 2706239 0 0
8 2715190 0 1
8 3448228 0 1
8 2727399 0 1
8 3079161 0 0
8 3308020 1 1
8 3380196 0 0
8 3639184 0 1
8 3049746 0 1
8 3308023 1 1
8 2800028 0 0
8 3520689 0 0
8 3370157 0 1
8 3224521 1 1
8 3610305 0 0
8 1436032 0 1
8 3872007 0 1
8 3610301 0 1
8 3809854 0 0
8 3333690 0 0
8 3403125 0 1
8 3025327 0 1
8 2690857 2 1
8 3620553 0 1
8 3709095 0 0
8 2777409 0 1
8 3236994 0 0
8 3661986 0 1
8 3735339 1 1
8 3420707 0 1
8 3806583 1 1
8 2656502 0 0
8 3482594 0 1
8 3131540 0 1
8 3778266 0 1
8 3371494 0 1
8 3709085 0 0
8 3778267 0 0
8 3011169 0 1
8 3403123 0 0
8 3632543 0 1
8 3281774 0 1
8 3381060 0 0
8 3658581 0 0
8 3326948 0 1
8 2706255 0 0
8 3713320 0 1
8 3788067 0 1
8 3866834 0 1
8 2074152 0 0
8 2525487 0 0
8 2525489 0 0
8 2631691 0 1
8 2215050 0 0
8 3249821 0 0
8 3187538 0 1
8 3746227 0 0
8 3855775 0 0
8 3829248 0 1
8 2670825 0 0
8 3366352 0 1
8 3492138 1 0
8 3221040 0 0
8 3089616 0 0
8 3273719 0 1
8 3236534 0 0
8 3777834 1 1
8 2822634 0 0
8 3410288 0 1
8 2187197 1 1
8 2719735 0 0
8 3266198 0 1
8 2868875 0 0
8 3249611 0 0
8 3463813 1 1
8 2657619 0 1
8 3541516 0 1
8 2795853 0 1
8 2811980 2 1
8 3181860 0 0
8 3597555 1 1
8 2811984 0 1
8 3495893 0 1
8 3664368 0 0
8 3181848 2 1
8 3664367 2 0
8 3216359 0 1
8 3198286 0 0
8 3531933 0 1
8 3777846 0 1
8 3374793 0 0
8 2720968 0 1
8 3695083 0 1
8 3516555 0 0
8 3109410 1 0
8 3181853 0 0
8 3181851 0 1
8 3816151 0 1
8 3506998 1 0
8 3570061 0 1
8 3203031 0 0
8 3829224 0 0
8 3282897 0 1
8 3638962 0 1
8 2827074 0 0
8 3810644 0 1
8 3548365 0 1
8 2496988 1 1
8 2844408 1 0
8 2189351 0 0
8 3139069 0 0
8 3548361 0 1
8 3797428 0 0
8 2526366 2 0
8 2187170 0 0
8 3841594 0 1
8 3841596 0 0
8 3702497 0 0
8 3093221 0 1
8 3706610 0 1
8 2714061 2 1
8 3514380 1 1
8 3521923 2 1
8 2096525 0 0
8 3015177 2 1
8 2365882 0 0
8 3181626 0 1
8 3597581 0 1
8 3472538 0 1
8 2119474 0 1
8 2365405 0 0
8 2822627 0 1
8 3647424 0 1
8 3751457 0 0
8 3548374 0 1
8 3074331 0 0
8 2740332 0 1
8 3724094 0 1
8 3844859 0 1
8 3724095 0 1
8 3520826 0 0
8 3093233 0 1
8 3261730 0 1
8 3398766 0 1
8 3687484 0 0
8 2811971 1 0
8 3074332 1 1
8 3375426 0 0
8 3797403 0 1
8 3181816 1 1
8 2443193 0 0
8 3810426 0 1
8 3181814 1 1
8 2683939 1 0
8 3809434 0 1
8 3433364 1 1
8 3517431 1 1
8 2577938 0 0
8 3823986 1 0
8 3228711 0 1
8 3189782 2 1
8 3729968 0 0
8 3691521 0 1
8 3403799 0 1
8 3857506 0 0
8 3525058 0 0
8 3123548 0 1
8 2732900 0 0
8 2987916 0 0
8 3681966 0 0
8 2253717 0 1
8 3545923 1 1
8 3869913 1 1
8 3214133 0 1
8 3637847 0 1
8 2771270 0 1
8 3608070 0 1
8 2577942 0 1
8 2797840 0 0
8 3100676 1 1
8 3529686 0 1
8 2807262 0 0
8 3713393 0 1
8 3829261 0 0
8 3282450 0 0
8 3843570 0 0
8 1764753 0 1
8 2632376 0 0
8 1764752 1 1
8 3829266 0 1
8 3843578 0 1
8 2547099 2 1
8 3236592 0 1
8 3577727 0 0
8 3845517 1 1
8 2648950 0 0
8 2668560 0 0
8 3135503 0 0
8 3641096 0 1
8 3425792 0 1
8 2706416 1 1
8 3345603 0 0
8 2668559 2 0
8 3364100 0 1
8 2440928 0 0
8 3690456 0 1
8 3677000 0 1
8 3654141 0 0
8 3250414 0 0
8 1764744 0 1
8 3309532 0 0
8 2596467 0 1
8 3049364 0 0
8 3661909 0 0
8 3724054 0 1
8 3680890 0 0
8 2121110 0 0
8 2766906 0 1
8 3635648 0 1
8 3611698 0 0
9 2074424 0 0
9 2852693 0 0
9 3101783 0 0
9 2810817 0 0
9 3511498 0 0
9 3825964 0 0
9 2783102 0 0
9 3185818 0 0
9 3401849 0 0
9 2117003 0 0
9 3009660 0 0
9 3732642 0 1
9 3672022 0 0
9 2442985 0 0
9 3706593 0 0
9 2899787 0 0
9 3136415 0 0
9 3476163 0 0
9 3493738 0 0
9 3698897 0 0
9 3185824 0 0
9 3775133 0 0
9 3052291 0 1
9 3502788 0 0
9 2588583 0 0
9 3010650 0 0
9 3136658 0 1
9 3261225 0 1
9 1187928 0 0
9 3413837 0 0
9 2553248 0 0
9 3401854 0 1
9 3389881 0 0
9 3228400 0 0
9 2886216 0 0
9 3401852 0 0
9 3284582 0 0
9 3027085 0 0
9 3195853 0 0
9 2763730 0 1
9 3249329 0 0
9 2384529 0 0
9 3010668 0 1
9 2224613 0 0
9 3864074 0 0
9 3573732 0 0
9 3597727 0 0
9 2763739 0 0
9 2614954 0 1
9 3169347 0 0
9 2726549 0 1
9 2794498 0 0
9 3046869 0 0
9 1560141 0 1
9 2828560 0 1
9 3504984 0 0
9 3340108 0 0
9 3442170 0 0
9 3424942 0 0
9 3424943 0 0
9 3250586 0 0
9 3424948 0 1
9 3043591 0 0
9 3047952 0 0
9 3431472 0 0
9 3134696 0 0
9 3548768 0 0
9 3673377 0 1
9 3240785 0 0
9 3407125 0 0
9 3391967 0 0
9 3614119 0 0
9 2671767 0 0
9 3762050 0 0
9 3878287 0 0
9 3276942 0 0
9 3286741 0 0
9 3881694 0 0
9 2836174 0 1
9 3284562 0 0
9 3419102 0 0
9 3364546 0 1
9 3410770 0 0
9 3649440 0 1
9 3405191 0 0
9 3785158 0 0
9 3249346 0 1
9 2888895 0 0
9 3259384 0 1
9 2628095 0 0
9 3412714 0 0
9 2495001 0 0
9 2628097 0 0
9 3339128 0 1
9 3385060 0 0
9 2726511 0 0
9 3663347 0 0
9 3402972 0 0
9 3663341 0 0
9 3664430 0 0
9 2279132 0 1
9 3482806 0 1
9 3227341 0 1
9 3663343 0 1
9 1570367 0 1
9 3476123 0 0
9 2671791 0 0
9 3410361 0 0
9 3137781 0 0
9 2671794 0 0
9 3847312 0 0
9 3846229 0 1
9 3410128 0 0
9 3135126 0 0
9 3096911 0 0
9 3683194 0 0
9 3742896 0 1
9 2726503 0 0
9 3018103 0 0
9 3124238 0 0
9 3717463 0 0
9 3229774 0 0
9 3401651 0 0
9 2927903 0 0
9 2601852 0 0
9 2827047 0 0
9 3517605 0 0
9 3453494 0 0
9 3517608 0 0
9 3552617 0 0
9 3673382 0 0
9 3127748 0 0
9 2758593 0 1
9 3201108 0 0
9 2385413 0 0
9 2872013 0 0
9 2565251 0 0
9 2890701 0 0
9 2982983 0 0
9 3057952 0 0
9 3339105 0 0
9 3350124 0 0
9 3085152 0 0
9 3638521 0 1
9 3663367 0 1
9 2174496 0 0
9 3420143 0 0
9 3778827 0 1
9 3465010 0 1
9 3765992 0 0
9 3773376 0 0
9 2364744 0 0
9 3006376 0 1
9 3403804 0 0
9 3778825 0 0
9 3591398 0 0
9 3157360 0 0
9 1963327 0 0
9 3263660 0 0
9 3655500 0 0
9 3006379 0 0
9 3846209 0 0
9 2262906 0 1
9 3114408 0 1
9 3616977 0 0
9 3087320 0 1
9 3318887 0 1
9 2690064 0 0
9 1435765 0 0
9 3845581 0 0
9 166159 0 0
9 2874691 0 0
9 3006382 0 0
9 3298517 0 0
9 3533090 0 0
9 3298519 0 1
9 2628050 0 0
9 3465002 0 0
9 3240576 0 0
9 2531003 0 0
9 3720896 0 0
9 3337595 0 0
9 2702982 0 0
9 2988890 0 0
9 3286358 0 0
9 3015703 0 0
9 3276798 0 0
9 3823387 0 0
9 3846269 0 0
9 2918543 0 0
9 1468401 0 0
9 1874675 0 0
9 3522317 0 2
9 2606497 0 0
9 3714827 0 0
9 3085804 0 0
9 3199818 0 0
9 3669005 0 0
9 3750907 0 0
9 3102471 0 0
9 1705808 0 1
9 3619668 0 1
9 2770670 0 0
9 3699909 0 0
9 3339300 0 0
9 3049704 0 1
9 3462392 0 0
9 3766275 0 0
9 2265573 0 0
9 3420757 0 1
9 3163638 0 0
9 3756204 0 1
9 2951352 0 0
9 2929686 0 0
9 3587294 0 0
9 3756200 0 1
9 3544355 0 1
9 3010029 0 0
9 3114232 0 1
9 2034142 0 1
9 3850999 0 0
9 3371961 0 0
9 2276692 0 1
9 3125362 0 0
9 2686867 0 0
9 3560802 0 0
9 2366049 0 0
9 3286337 0 0
9 2048992 0 0
9 3312071 0 0
9 3111170 0 0
9 2826300 0 0
9 2950058 0 1
9 2627174 0 0
9 2627172 0 0
9 3002418 0 1
9 3640234 0 1
9 2989711 0 1
9 3760949 0 0
9 3713762 0 0
9 3708102 0 0
9 2359765 0 0
9 2931779 0 0
9 3522321 0 0
9 3756220 0 1
9 3866074 0 0
9 3467864 0 0
9 3767349 0 1
9 2606480 0 0
9 2627169 0 0
9 2627168 0 0
9 3138408 0 0
9 3314004 0 0
9 3088046 0 0
9 2128333 0 0
9 3420560 0 0
9 3168040 0 0
9 3092943 0 0
9 3312251 0 1
9 3012872 0 0
9 3255412 0 0
9 1185557 0 0
9 1557797 0 0
9 3047730 0 0
9 3591528 0 0
9 2211745 0 1
9 3866900 0 0
9 2526500 0 0
9 2395620 0 1
9 2918344 0 0
9 3305964 0 0
9 1871591 0 0
9 2817645 0 0
9 2008272 0 0
9 3370664 0 1
9 3338408 0 0
9 3168049 0 0
9 3502742 0 0
9 2628001 0 0
9 3132916 0 1
9 3599262 0 0
9 2881363 0 0
9 2829861 0 0
9 3012882 0 0
9 2840894 2 1
9 3290887 0 0
9 3522340 0 2
9 2384966 0 0
9 3078236 0 0
9 3303532 0 0
9 3160575 0 0
9 3303531 0 0
9 3329701 0 0
9 3304623 0 1
9 1299327 0 0
9 3329706 0 0
9 3707072 0 0
9 3304626 0 0
9 3460172 0 0
9 3745757 0 1
9 2077119 0 0
9 2409785 0 1
9 2366074 0 0
9 3371526 0 1
9 3434906 0 0
9 3556376 0 1
9 2749808 0 0
9 1450294 0 0
9 2840409 0 1
9 2858138 0 0
9 3420783 0 0
9 3420782 0 0
9 3168060 0 0
9 3319905 0 0
9 3661343 0 1
9 3163609 0 0
9 3707070 0 1
9 3827526 0 1
9 3661349 0 0
9 3707071 0 0
9 2712529 0 0
9 3255437 0 0
9 3827521 0 0
9 3119938 0 0
9 2892497 0 1
9 2892499 0 0
9 3078221 0 0
9 2140406 0 0
9 3465894 0 0
9 2702729 0 0
9 2702726 0 0
9 3870114 0 0
9 2702964 0 0
9 1474250 0 0
9 3420772 0 0
9 3192162 0 0
9 3472173 0 0
9 3827536 0 1
9 3522362 0 0
9 3512338 0 1
9 3520181 0 0
9 3569651 0 0
9 3827530 0 1
9 2246607 0 1
9 3560608 0 0
9 2064193 0 0
9 1569320 0 1
9 3492097 0 1
9 2815824 0 0
9 3199429 0 1
9 2918825 0 1
9 3504288 0 0
9 3153662 0 1
9 3863679 0 0
9 3151000 0 0
9 3623763 0 0
9 3858090 0 1
9 2787277 0 0
9 2547114 0 1
9 3459026 0 0
9 3539385 0 0
9 3836294 0 0
9 2276505 0 0
9 2803845 0 0
9 3716968 0 0
9 3052614 0 0
9 3037214 0 0
9 3670508 0 0
9 3199899 0 1
9 3152323 0 0
9 3793357 0 0
9 2390522 0 0
9 2377328 0 0
9 3558911 0 1
9 3086854 0 0
9 3326847 0 1
9 3819707 0 0
9 2526434 0 0
9 2526433 2 1
9 2856380 0 0
9 3199411 0 1
9 3561083 0 0
9 3092083 0 0
9 3783310 0 1
9 3359776 0 0
9 549192 0 0
9 3423063 0 0
9 3576568 0 0
9 3280536 0 0
9 1475568 0 0
9 3876769 0 1
9 3597049 0 0
9 3575232 0 0
9 3174149 0 0
9 2836743 0 0
9 3229065 0 0
9 3277343 0 0
9 3703866 0 0
9 3866926 0 0
9 1852388 0 0
9 3229062 0 1
9 3229061 0 1
9 3236834 0 1
9 2010225 0 0
9 3002376 0 0
9 3045096 0 0
9 2632615 0 0
9 3369560 0 0
9 3396873 0 0
9 2903548 0 0
9 2092427 0 1
9 2902216 0 0
9 2718140 0 0
9 3178997 0 1
9 3178998 0 1
9 3669558 0 0
9 3589616 0 1
9 3229079 0 1
9 1995606 0 0
9 3589612 0 1
9 3716997 0 1
9 3199432 0 1
9 3601986 0 0
9 2803831 0 1
9 1977591 0 0
9 3501807 0 1
9 3812090 0 0
9 1896163 0 0
9 1976268 0 0
9 3260929 0 0
9 2631539 0 0
9 3724132 0 0
9 2686689 0 0
9 3312464 0 1
9 3175412 0 1
9 3283845 0 0
9 3446152 0 1
9 3208420 0 0
9 2994179 0 1
9 324409 0 1
9 3015869 0 0
9 3229083 0 0
9 3229082 0 1
9 3650951 0 0
9 3483580 0 1
9 3129114 0 0
9 3516060 0 0
9 3532791 0 0
9 3038985 0 1
9 3461790 0 1
9 3724798 0 0
9 2640266 0 0
9 3283855 0 1
9 2799065 0 0
9 3556538 0 0
9 1327715 0 0
9 1488832 0 0
9 2766882 0 0
9 2954947 0 0
9 3881078 0 1
9 3265190 0 1
9 3022164 0 0
9 1034199 0 1
9 3183036 0 0
9 2700817 0 0
9 2784062 0 0
9 2766886 0 0
9 3698900 0 1
9 3099515 0 0
9 2847682 0 0
9 3461780 0 0
9 3405211 0 0
9 2687598 0 0
9 3032196 0 0
9 3299187 0 0
9 3199403 0 1
9 3176766 0 0
9 3826032 0 0
9 2266719 0 0
9 3678061 0 0
9 3199407 0 1
9 3881086 0 1
9 3513812 0 1
9 3884599 0 1
9 2740005 0 0
9 3045293 0 0
9 3048561 0 0
9 3841675 0 0
9 2576906 0 0
9 2695186 0 0
9 2730473 0 0
9 3598348 0 0
9 2856359 1 1
9 3355367 0 0
9 3205378 0 1
9 3700155 0 0
9 3853893 0 1
9 3491196 0 0
9 3806697 0 1
9 3790023 0 1
9 3070447 0 1
9 3016743 0 0
9 3255389 0 1
9 2859874 0 0
9 3205361 0 1
9 3506051 0 0
9 1913531 0 0
9 3385307 0 1
9 3760632 0 0
9 3063928 0 0
9 3249943 0 0
9 3543206 0 0
9 3141698 0 1
9 2804729 0 0
9 3674935 0 0
9 3070454 0 1
9 3814070 0 1
9 2490671 0 0
9 3485757 0 0
9 3405671 0 1
9 3070451 0 0
9 3700144 0 0
9 3726753 0 0
9 3878774 0 0
9 3799748 0 0
9 3778807 0 1
9 3505776 0 1
9 2627999 0 0
9 3382289 0 0
9 2395385 0 1
9 3220071 0 0
9 3437641 0 1
9 3778804 0 1
9 3868976 0 0
9 2553648 0 0
9 1553437 0 0
9 2651182 0 0
9 2856536 0 0
9 2993680 0 1
9 3774680 0 0
9 3189461 0 0
9 3078602 0 1
9 2721946 0 1
9 3110305 0 0
9 3504694 0 0
9 3505781 0 1
9 3364047 0 0
9 3666422 0 0
9 3385323 0 2
9 3505786 0 1
9 3329063 0 1
9 3537117 0 0
9 3156524 2 1
9 3663399 0 1
9 3835813 0 1
9 3156764 0 0
9 3220083 0 0
9 3778815 0 1
9 3084038 0 1
9 3738348 0 0
9 3434387 0 0
9 3846933 0 0
9 3313939 0 0
9 3889675 0 1
9 3389919 0 0
9 3517765 0 0
9 3679720 0 1
9 3625550 0 1
9 3517764 0 0
9 3663394 0 1
9 3724199 0 0
9 3181971 0 0
9 3663391 0 0
9 3015288 0 0
9 2213343 0 0
9 3042668 0 0
9 3156996 0 0
9 2821647 0 0
9 3679752 0 0
9 3755700 0 0
9 3786899 0 1
9 3655306 0 1
9 2867200 0 0
9 2907502 0 0
9 3655304 0 0
9 3064649 0 1
9 3517533 0 0
9 3572359 0 0
9 2948895 0 0
9 3616813 0 0
9 3283859 0 1
9 3374448 0 0
9 2364672 0 0
9 539306 0 0
9 3259303 0 0
9 3385342 0 2
9 3510918 0 0
9 3230901 0 0
9 1968240 0 0
9 3549343 0 0
9 2630042 0 0
9 3437677 0 1
9 3482440 0 0
9 3516693 0 0
9 3314805 0 0
9 1939710 0 0
9 3318163 0 0
9 1687149 0 0
9 3663172 0 0
9 3095535 0 0
9 3484864 0 0
9 2893959 0 0
9 3663171 0 1
9 3667307 0 0
9 3776825 0 0
9 3836937 0 1
9 3118061 0 0
9 3423035 0 0
9 3426787 0 0
9 3429818 0 0
9 2972301 0 1
9 3063787 0 0
9 3814902 0 0
9 3307226 0 0
9 3600204 0 0
9 2938633 0 0
9 3844320 0 0
9 2633325 0 1
9 3276908 0 0
9 2890892 0 0
9 2890894 0 0
9 3812961 0 0
9 3262995 0 0
9 3259331 0 0
9 3663181 0 1
9 1868742 0 0
9 2259367 0 0
9 3200093 0 1
9 3667319 0 0
9 3667316 1 1
9 1180430 0 1
9 2649911 0 0
9 3505347 0 0
9 3259322 0 0
9 3667312 0 1
9 3414792 0 0
9 3510937 0 1
9 3199211 0 0
9 3276924 0 2
9 3304187 0 0
9 2723072 0 1
9 3517567 0 0
9 3884186 0 1
9 3881906 0 1
9 2810581 0 0
9 3095552 0 0
9 3072014 0 0
9 3095556 0 0
9 3015243 0 0
9 3390721 0 0
9 2136736 0 0
9 3448516 0 0
9 3119378 0 0
9 3770028 0 1
9 2132378 0 0
9 3738335 0 0
9 3414780 0 1
9 3828058 0 0
9 3461731 0 0
9 3623784 0 0
9 3491339 0 1
9 2797737 0 0
9 3634204 0 0
9 3170811 0 1
9 3169831 0 1
9 3041761 0 0
9 3447436 0 0
9 3146984 0 1
9 3669515 0 0
9 3423009 0 0
9 2777911 0 0
9 3828061 0 0
9 1914224 0 0
9 1370920 0 0
9 3652086 2 0
9 3026371 0 0
9 3155693 0 1
9 3026373 0 0
9 3600213 0 0
9 3543602 0 1
9 3846718 0 0
9 3543843 0 0
9 3517588 0 0
9 3540338 0 1
9 3725021 0 1
9 3234063 0 0
9 3667330 0 1
9 2796414 0 1
9 3539114 0 0
9 3572388 0 0
9 3817186 0 0
9 2765939 0 0
9 3835649 0 1
9 2725101 0 0
9 2828461 0 0
9 2886104 0 0
9 3763272 0 0
9 2827134 0 0
9 1950586 0 0
9 3275742 0 0
9 3808022 0 0
9 2807529 0 0
9 2875210 0 0
9 3410681 0 0
9 3363129 0 0
9 3389518 0 0
9 3481881 0 1
9 2267462 0 0
9 3010536 0 0
9 1379641 0 0
9 3477371 0 0
9 2384650 0 0
9 3526876 0 1
9 2384652 0 0
9 3707327 0 0
9 2890858 0 0
9 3420472 0 1
9 3122372 0 1
9 3791970 0 2
9 2854521 0 0
9 3483826 0 0
9 3798369 0 1
9 3157216 0 0
9 3583890 0 1
9 2071260 0 0
9 3459714 0 0
9 2803177 0 0
9 3185926 0 0
9 3778777 0 1
9 2807534 0 1
9 3363118 0 0
9 2784782 0 0
9 3124319 0 0
9 3652788 0 0
9 3179021 0 0
9 3673462 0 0
9 3523113 0 0
9 3798363 0 0
9 3676979 0 0
9 1936260 0 0
9 1368989 0 0
9 2946723 0 0
9 3835650 0 0
9 1904218 0 0
9 3858747 0 1
9 3420220 0 0
9 3388446 0 0
9 1562446 0 1
9 3505710 0 1
9 3718240 0 0
9 3631809 0 0
9 1208865 0 0
9 2724031 0 0
9 3088348 0 0
9 1630693 0 1
9 3355969 0 0
9 1501044 0 0
9 3572998 0 0
9 3307209 0 1
9 3570336 0 0
9 2945663 0 1
9 2798987 0 0
9 3699849 0 0
9 3391846 0 0
9 3591076 0 0
9 3665878 0 1
9 3722998 0 0
9 3162849 0 0
9 2478803 0 0
9 3085068 0 0
9 3458886 0 0
9 3791956 0 0
9 2895296 0 0
9 3470993 0 0
9 2267455 0 0
9 2934769 0 1
9 3481870 0 1
9 2613968 0 0
9 3201008 0 0
9 3437952 0 1
9 3460712 0 0
9 3461803 0 0
9 2980629 0 0
9 3173739 0 0
9 3464078 0 0
9 2945651 0 1
9 3464076 0 0
9 3503786 0 0
9 3053495 0 0
9 3870444 0 0
9 3181594 0 0
9 3591088 0 0
9 3488471 0 0
9 3502223 0 1
9 2565389 0 0
9 2034050 0 0
9 3250007 0 1
9 3183718 0 1
9 3362237 0 0
9 2385307 0 0
9 3679812 0 0
9 3183723 0 0
9 2607262 0 0
9 3090010 0 1
9 2394249 0 1
9 3614464 0 0
9 3689603 0 0
9 2840378 0 0
9 3562530 0 0
9 3214537 0 0
9 3230645 0 0
9 3115889 0 0
9 3412657 0 1
9 3591029 0 0
9 2737753 0 1
9 3646278 0 0
9 3444425 0 0
9 3534285 0 0
9 3078517 0 0
9 1629016 0 0
9 3048090 0 0
9 3505508 0 0
9 2908883 0 0
9 3350245 0 0
9 3354842 0 0
9 3125655 0 1
9 2799634 0 1
9 2395369 0 0
9 3481818 0 1
9 3481815 0 0
9 2829574 0 0
9 2924529 0 0
9 3277702 0 0
9 2769347 0 0
9 2267485 0 0
9 3364635 0 1
9 2267486 0 0
9 3230895 0 0
9 3411311 0 0
9 3352650 0 0
9 3355924 0 0
9 3890483 0 0
9 2639725 0 0
9 3377113 0 0
9 2850133 0 0
9 2225419 0 1
9 3182412 0 0
9 3502247 0 0
9 3511190 0 0
9 3500071 0 1
9 3481828 0 1
9 3423762 0 0
9 3481826 0 1
9 3479765 0 0
9 3179001 0 1
9 3732754 0 0
9 3075463 0 0
9 3652368 0 0
9 1803773 0 0
9 2034043 0 0
9 3090283 0 0
9 419373 0 0
9 3591041 0 1
9 3352646 0 0
9 2799640 0 0
9 3591043 0 0
9 3505529 0 0
9 3591044 0 0
9 2919999 0 0
9 3726922 2 0
9 3555358 0 0
9 3352629 2 1
9 3662738 0 0
9 3825689 0 0
9 353048 0 0
9 2658022 0 0
9 3068595 0 0
9 3195345 0 1
9 3853918 0 1
9 3259091 0 0
9 3435900 0 0
9 3629344 0 0
9 3427037 0 0
9 2852734 0 0
9 3352634 0 1
9 3668272 0 0
9 3785901 0 0
9 3658240 0 0
9 2593409 0 0
9 3341745 0 0
9 3576283 0 0
9 3341747 0 0
9 3337483 0 0
9 3341748 0 1
9 3177922 0 1
9 3853905 0 1
9 2277429 0 0
9 3754380 0 1
9 3469903 0 1
9 3469905 0 1
9 3298212 0 0
9 3481812 0 1
9 3628261 0 0
9 2902741 0 0
9 3747615 0 1
9 3839827 0 1
9 3835229 0 0
9 3276896 0 1
9 3683216 0 1
9 2651643 0 0
9 3187739 0 0
9 3827843 0 0
9 3197540 0 1
9 3543593 0 0
9 3194035 0 0
9 2895203 0 1
9 2897868 0 0
9 3026985 0 0
9 3484296 0 0
9 3512880 0 1
9 3568418 0 1
9 2933606 0 0
9 3265521 0 0
9 3519270 0 1
9 3544208 0 0
9 3488899 0 1
9 3519274 0 1
9 2125366 0 0
9 3649173 0 1
9 3806709 0 1
9 2984382 0 0
9 3228383 0 0
9 3147239 0 0
9 3515922 0 0
9 3194026 0 1
9 1559682 0 0
9 1464384 0 0
9 2117973 0 0
9 3568884 0 0
9 2385914 0 0
9 3056369 0 0
9 3323076 0 0
9 3382749 0 0
9 3847448 0 0
9 3187738 0 0
9 3187735 0 0
9 2823152 0 0
9 3618684 0 0
9 3628241 0 0
9 3768558 0 0
9 3582936 0 1
9 3839830 0 0
9 3388290 0 0
9 3463148 0 0
9 1863421 0 0
9 3579530 0 0
9 3875973 0 1
9 2830981 0 1
9 2838225 0 0
9 3494073 0 0
9 3125036 0 1
9 3702515 0 1
9 2741197 0 0
9 3420449 0 0
9 3751089 0 1
9 3756533 0 0
9 3170480 0 0
9 2385942 0 0
9 2735740 0 0
9 3590325 0 0
9 3592502 0 0
9 3572975 0 0
9 3314558 0 0
9 3851773 0 0
9 3169496 0 0
9 3316972 0 0
9 2938069 0 0
9 3380110 0 1
9 3692179 0 1
9 3756527 0 0
9 3543180 0 0
9 3573807 0 1
9 3401934 0 0
9 3872647 0 1
9 3140664 0 0
9 2687639 0 1
9 3467924 0 0
9 3488409 0 0
9 3548636 0 1
9 3629793 0 0
9 3837236 0 0
9 3843908 0 1
9 3420660 0 0
9 3663400 0 1
9 3479937 0 1
9 2827790 0 0
9 3663402 0 0
9 3726900 0 1
9 3639331 0 0
9 3662314 0 1
9 3357020 0 0
9 3357022 0 1
9 2807702 0 0
9 3420425 0 0
9 3848589 0 0
9 3286252 0 0
9 3369249 0 0
9 3573803 0 0
9 1420325 0 0
9 3757640 0 0
9 2362604 0 0
9 3590344 0 0
9 3407443 0 0
9 3777691 0 0
9 2816890 0 1
9 2996179 0 0
9 3840624 0 0
9 1479837 0 0
9 2277453 0 0
9 2591467 0 0
9 3443985 0 0
9 3555371 0 0
9 2627258 0 0
9 3487520 0 0
9 3789448 0 1
9 3870230 0 1
9 3505911 0 0
9 3721221 0 0
9 3745893 0 0
9 2503992 0 0
9 3150680 0 0
9 2235848 0 0
9 3726919 0 1
9 3757639 0 1
9 3081500 0 0
9 3666926 0 0
9 1420313 0 1
9 3778791 0 1
9 3521399 0 0
9 3754364 0 1
9 3754363 0 1
9 3427042 0 0
9 3872425 0 0
9 3212602 0 0
9 3746255 0 0
9 3118541 0 1
9 3556846 0 1
9 3406613 0 0
9 2699644 0 0
9 3109828 0 1
9 3841770 0 0
9 1087897 0 0
9 2099162 0 0
9 3487867 0 0
9 3162267 0 1
9 3414006 0 1
9 3191811 0 0
9 3266356 0 0
9 3344162 0 0
9 2994496 0 0
9 3335457 0 0
9 3221209 0 0
9 3162264 0 1
9 3634548 0 0
9 3667237 0 0
9 3118311 0 0
9 1036296 0 0
9 2825506 0 1
9 3835096 0 1
9 2964618 0 0
9 3118315 0 0
9 3407711 0 1
9 3840679 0 0
9 3637805 0 1
9 3687060 0 0
9 2538530 0 1
9 3162275 0 1
9 1705542 0 0
9 3232596 0 0
9 3876652 0 1
9 3207234 0 0
9 3508547 0 1
9 2835530 0 0
9 3690267 0 0
9 1181810 0 1
9 3678144 0 0
9 3885125 0 0
9 2241773 0 0
9 3285089 0 0
9 1184084 0 0
9 3108519 0 1
9 3713354 0 0
9 3285085 0 0
9 3407928 0 0
9 3419918 0 0
9 2627450 0 0
9 3268751 0 0
9 2928760 0 1
9 3764904 0 1
9 3541572 0 0
9 3130650 0 0
9 3219453 0 0
9 3268754 0 0
9 3245431 0 0
9 3314538 0 1
9 2941747 0 0
9 3162280 0 1
9 1386726 0 0
9 2880140 0 0
9 2011434 0 0
9 3483004 0 0
9 3147087 0 1
9 3221226 0 1
9 2914372 0 1
9 2939410 0 0
9 3746262 0 0
9 3846194 0 0
9 2627449 0 1
9 2938560 0 0
9 3496327 0 0
9 2846899 0 1
9 3736466 0 0
9 2525445 0 0
9 3285093 0 1
9 2008027 0 0
9 3007714 0 1
9 3567954 0 0
9 3242152 0 0
9 3859268 0 1
9 3332176 0 0
9 3401155 0 0
9 3004207 0 0
9 3728612 0 0
9 1568671 0 0
9 2929622 0 1
9 3331290 0 0
9 3255495 0 0
9 3748632 0 1
9 3875981 0 1
9 2954839 0 1
9 3220150 0 0
9 3505290 0 1
9 2699202 0 0
9 2117960 0 0
9 2565700 0 0
9 3843512 0 0
9 2423748 0 1
9 3220153 0 1
9 3235880 0 0
9 3519210 0 1
9 2858881 0 0
9 3405338 0 0
9 2914390 0 1
9 2857796 0 0
9 3365055 0 0
9 3451636 0 0
9 2667607 0 0
9 2667608 0 1
9 3620103 0 0
9 3716810 0 0
9 3511500 0 0
9 3498726 0 0
9 3081489 0 0
9 3108527 0 0
9 3862254 0 0
9 2140908 0 0
9 2768705 0 0
9 1609104 0 1
9 3440504 0 1
9 1872031 0 1
9 2117953 0 0
9 3522621 0 0
9 3590732 0 0
9 2149729 0 0
9 3590733 0 1
9 2691727 0 0
9 2783091 0 1
9 3582917 0 1
9 1459175 0 0
9 3631223 0 0
9 3579993 0 0
9 3671528 0 0
9 2918523 0 0
9 2710509 0 0
9 3426249 0 0
9 3208520 0 0
9 3579987 0 0
9 394335 0 0
9 3579989 0 1
9 3205493 0 0
9 2244600 0 0
9 2690854 0 0
9 3325862 0 0
9 3818566 0 0
9 3843733 0 0
9 2740122 0 1
9 2206336 0 0
9 2149734 0 0
9 3426242 0 1
9 3667289 0 0
9 3681594 0 0
9 2149731 0 0
9 3208527 0 0
9 3631214 0 0
9 3667282 0 1
9 3634724 0 1
9 2687694 0 0
9 3621651 0 0
9 2698108 0 0
9 3841302 0 0
9 3335408 0 0
9 2984466 0 1
9 3429744 0 0
9 2149742 0 0
9 2149744 0 0
9 3283947 0 1
9 2834621 0 1
9 2827094 0 1
9 2726035 0 0
9 3170960 0 0
9 3324958 0 1
9 3259410 0 1
9 3469351 0 0
9 3459548 0 0
9 2131144 0 0
9 3272868 0 0
9 3459545 0 1
9 3675257 0 0
9 3075451 0 0
9 2386799 0 1
9 1936313 0 0
9 2385460 0 0
9 2946578 0 0
9 2727116 0 0
9 3282445 0 1
9 3856612 0 0
9 516788 0 0
9 3472996 0 0
9 3505421 0 0
9 2526395 0 1
9 2526396 0 0
9 3811708 0 0
9 2527488 0 1
9 3549483 0 0
9 3715368 0 0
9 2008403 0 0
9 2691532 0 0
9 3582044 0 0
9 3866896 0 0
9 2247234 0 0
9 3267058 0 1
9 2800864 2 1
9 2741443 0 0
9 3599747 0 0
9 3784123 0 0
9 2576893 0 0
9 2994881 0 0
9 3505427 0 1
9 3635225 0 0
9 3830242 0 0
9 2858846 0 1
9 2576899 0 0
9 3876007 0 1
9 3505429 0 1
9 3876011 0 0
9 3525043 0 0
9 3882933 0 1
9 3525287 0 0
9 3261719 0 0
9 3527223 0 0
9 3881846 0 0
9 3876010 2 1
9 2128193 0 0
9 2133540 0 0
9 3153366 0 0
9 3085233 0 0
9 3751227 0 0
9 2679414 0 0
9 3219857 0 1
9 3583123 0 1
9 3054732 0 0
9 2699222 0 0
9 3336924 0 1
9 3743605 0 1
9 2740323 0 0
9 3622374 0 0
9 2956153 0 0
9 3727118 0 0
9 2426684 0 0
9 3100863 0 1
9 1352359 0 0
9 3608083 0 0
9 3851383 0 0
9 3171840 0 1
9 3503267 0 0
9 3020523 0 0
9 3424656 0 1
9 3751457 0 0
9 3085466 0 0
9 3395250 0 0
9 3177381 0 0
9 524177 0 0
9 2841121 0 0
9 3192514 0 0
9 3658700 0 0
9 3483657 0 1
9 3538586 0 0
9 3891405 0 1
9 3787619 0 1
9 3815085 0 1
9 3224349 0 0
9 3613881 0 1
9 3087871 0 0
9 3665244 0 1
9 3467370 0 1
9 2809462 0 0
9 3651086 0 0
9 2874044 0 0
9 3760368 0 0
9 3459740 0 0
9 2820011 0 0
9 2944191 0 0
9 3358936 0 0
9 3476086 0 0
9 2823760 1 0
9 2740300 0 0
9 3647652 0 1
9 2964801 0 0
9 3096992 0 0
9 3572052 0 0
9 3578821 0 0
9 2584230 0 0
9 3016207 0 0
9 2009939 0 0
9 2843129 0 0
9 1915656 0 0
9 3276801 0 1
9 2784587 0 1
9 2996624 0 0
9 2784586 0 1
9 3492104 0 0
9 2740314 0 0
9 3189536 0 0
9 3822424 0 0
9 2965907 0 1
9 3824844 0 0
9 2835508 0 0
9 3310981 0 0
9 3318223 0 1
9 3853387 0 0
9 1586213 0 1
9 3857978 0 0
9 3154259 0 0
9 1764757 0 0
9 2702040 0 1
9 3492314 0 0
9 2726493 0 1
9 2875396 0 0
9 3715331 0 0
9 3677013 0 0
9 520831 0 0
9 3661902 0 0
9 2800872 0 0
9 2800877 0 0
9 3541771 0 0
9 2800876 0 1
9 3088938 0 0
9 3843339 0 1
9 2803906 0 1
9 3312715 0 0
9 3204568 0 1
9 3610355 0 0
9 3445124 0 0
9 3302919 0 1
9 3445123 0 0
9 2074558 0 0
9 3304081 0 0
9 3812856 0 0
9 2585102 0 0
9 2702054 0 0
9 3016229 0 0
9 2467397 0 1
9 2800880 0 1
9 3661911 0 0
9 2480121 0 0
9 2702052 0 0
9 2913004 0 1
9 3866678 0 0
9 3829277 0 0
9 2867772 0 0
9 3395298 0 0
9 3543965 0 0
9 3618086 0 0
9 3843328 0 0
9 3412239 0 1
9 2798714 0 0
9 2794353 0 0
9 3514192 0 0
9 2362173 0 0
9 2903694 0 0
10 2726557 0 0
10 3090327 0 0
10 2633003 0 0
10 3088006 0 0
10 3101789 1 0
10 3413833 0 0
10 3627689 0 1
10 29021 0 0
10 3249337 0 0
10 2911755 0 0
10 1906745 0 0
10 1906743 0 0
10 1044120 0 0
10 1994045 0 0
10 2726544 0 0
10 2922657 0 0
10 3641980 0 1
10 2862024 0 0
10 3012841 0 0
10 3361053 0 1
10 3879594 0 0
10 3882522 0 0
10 3352103 0 0
10 2682668 0 0
10 3137975 0 0
10 1174872 0 0
10 1851946 0 1
10 2794498 0 0
10 2731921 0 0
10 2922667 0 0
10 3881206 0 0
10 2923757 0 0
10 3389894 0 1
10 2635442 0 0
10 3820495 0 1
10 2784897 0 0
10 3123558 0 0
10 2827478 0 0
10 3649218 0 0
10 3417175 0 1
10 2699065 0 0
10 3030049 1 0
10 2955588 0 0
10 3648365 0 1
10 3137960 0 1
10 2385644 0 0
10 2718941 0 0
10 3477275 0 0
10 2222229 0 0
10 3142077 0 0
10 3526537 0 0
10 1044583 0 1
10 1664559 0 0
10 2323368 0 0
10 3499279 0 1
10 3170356 0 1
10 3447637 0 1
10 3488385 0 1
10 2131516 0 0
10 3491797 0 0
10 2738309 0 0
10 3641729 0 0
10 3185828 0 0
10 3717289 0 0
10 3727091 0 0
10 2999595 0 0
10 3785158 0 0
10 2888895 0 0
10 3224068 0 0
10 3410779 0 1
10 2323360 0 0
10 3259381 0 0
10 3707411 0 0
10 2769480 0 0
10 3214429 0 0
10 3614333 0 0
10 3487021 0 0
10 3550423 0 0
10 3400317 0 0
10 3605862 0 0
10 3137781 0 0
10 3340320 0 1
10 3594647 0 0
10 3572695 0 1
10 2705819 0 0
10 1906788 0 0
10 3833147 0 0
10 3575960 0 1
10 2945326 0 0
10 2885327 0 0
10 3563508 0 0
10 2705820 0 0
10 3341428 0 0
10 3140939 0 0
10 2887508 0 0
10 2955599 0 0
10 3474171 0 0
10 3601240 0 0
10 2637899 0 1
10 3825539 0 0
10 3390429 0 0
10 2429979 0 0
10 3350127 0 0
10 3094747 0 0
10 3403800 0 1
10 2747432 0 0
10 3094746 0 0
10 3423657 1 1
10 3227363 0 1
10 3459800 0 1
10 2789711 0 0
10 2778173 0 0
10 2814196 0 0
10 3194749 0 0
10 2639604 0 1
10 3649654 2 1
10 3184713 0 0
10 3837720 0 0
10 3298522 0 0
10 3797100 0 0
10 3337378 0 0
10 3420382 0 0
10 3504308 0 0
10 515310 0 0
10 3342739 0 0
10 3488341 0 0
10 3868686 0 0
10 3518717 0 1
10 1794404 0 0
10 3601021 0 0
10 3517620 0 0
10 3079707 0 0
10 3729461 0 0
10 2756397 0 0
10 3293065 0 0
10 3890357 0 1
10 3200234 0 0
10 2797595 0 0
10 3152736 0 1
10 2245957 0 0
10 137228 0 0
10 3631792 0 1
10 3014857 0 1
10 1910602 0 0
10 3823385 0 1
10 3662609 0 0
10 2823045 0 1
10 3594603 0 0
10 3305527 0 0
10 2014767 0 1
10 3371954 0 1
10 3631797 0 0
10 2479878 0 1
10 3481929 0 1
10 2479877 0 0
10 3124275 0 0
10 3863826 0 0
10 2999778 0 0
10 3114471 0 0
10 3239376 0 1
10 3699910 0 0
10 3891066 0 0
10 3239377 0 0
10 3777167 0 0
10 3019077 0 0
10 2724525 0 0
10 3125363 0 1
10 3147130 0 0
10 2217254 0 I'm happy to help you with your question, but I must point out that you haven't provided the article text. Please provide the article text, and I'll be happy to evaluate its relevance to the clinical case and provide a response in the required format (0, 1, or 2).
10 3031184 0 0
10 2718096 0 0
10 2553061 0 1
10 2580000 0 0
10 2797375 0 1
10 2531031 0 0
10 3557637 0 1
10 2048992 0 0
10 2826300 0 0
10 2672467 0 0
10 3232512 0 0
10 3487209 0 0
10 3096297 0 1
10 2442122 0 0
10 3161236 0 0
10 2115209 0 0
10 137257 0 0
10 2531036 0 0
10 2703615 0 0
10 2757672 0 0
10 3487202 0 0
10 1065003 0 0
10 2606471 0 0
10 3651988 0 1
10 2531044 0 1
10 2531042 0 0
10 2174449 0 0
10 3522320 0 0
10 3621730 0 0
10 3418895 0 0
10 3157155 0 1
10 1036796 0 0
10 3487217 0 1
10 3522325 0 0
10 2734587 0 0
10 2747405 0 0
10 2559836 0 0
10 3487211 0 0
10 1513524 0 1
10 3337793 0 0
10 3599010 0 0
10 2921513 0 0
10 3232530 0 0
10 2395627 0 0
10 3804667 0 0
10 2674428 0 0
10 3521263 0 0
10 3196998 0 0
10 3606313 0 0
10 2713835 0 0
10 2769407 0 0
10 3835164 0 0
10 1065025 0 0
10 3232543 0 0
10 3599262 0 0
10 3278302 0 0
10 1513583 0 0
10 3384831 0 0
10 2674414 0 0
10 3438268 0 0
10 2708260 0 0
10 2893371 1 1
10 3160575 0 0
10 3522347 0 0
10 3348696 0 0
10 3083816 0 0
10 2998246 0 0
10 2366074 0 0
10 2324030 0 0
10 3434906 0 0
10 2475443 0 0
10 2702963 0 0
10 3659021 0 0
10 3560603 0 0
10 1940287 0 0
10 3232551 0 0
10 137448 0 0
10 3291724 0 0
10 2911732 0 1
10 2385604 0 0
10 2631721 0 0
10 1082621 0 0
10 3371531 0 0
10 3147160 0 1
10 3335597 0 0
10 3720253 0 0
10 3743595 0 0
10 3495274 0 0
10 3048833 0 0
10 2478968 0 0
10 2698626 0 0
10 3232567 0 1
10 1797072 0 0
10 3232568 0 1
10 3653731 0 0
10 1550952 0 1
10 3219242 0 0
10 1139202 0 0
10 3075183 0 0
10 3148482 0 0
10 2962781 0 0
10 3174367 0 0
10 3599452 0 0
10 3610452 0 0
10 1395330 0 0
10 2652439 0 1
10 3508884 0 0
10 3541470 0 0
10 2803843 0 1
10 3562163 0 1
10 2844387 0 0
10 3301320 0 1
10 1896179 0 0
10 2826727 0 0
10 3521621 0 1
10 2604479 0 1
10 1082084 0 0
10 2768636 1 0
10 2212071 0 0
10 1820760 0 0
10 2686695 0 0
10 3853870 0 0
10 3337512 0 0
10 1947988 0 0
10 2815835 0 1
10 2637295 0 0
10 3079082 0 0
10 2651119 0 0
10 3846099 0 1
10 3711047 0 0
10 2729251 0 1
10 2500028 0 1
10 3373981 0 0
10 2946042 0 0
10 3465948 0 1
10 2827809 0 0
10 3345141 0 0
10 2988923 0 1
10 3874347 0 0
10 3397931 0 0
10 3545848 0 0
10 3851200 0 1
10 3576320 0 1
10 3665172 0 0
10 3750899 0 1
10 3829741 0 0
10 3232476 0 0
10 1453764 0 0
10 3015687 0 0
10 3177416 0 0
10 3866926 0 0
10 3346685 0 0
10 3349957 0 0
10 3345112 0 0
10 3390080 0 1
10 3220015 0 0
10 3741949 0 1
10 2740288 0 0
10 3097541 0 0
10 3220011 0 0
10 2822572 0 0
10 3463792 0 1
10 3741700 1 0
10 2964701 0 0
10 2902452 0 0
10 2759906 0 0
10 2855075 0 0
10 3476859 0 0
10 3016304 0 1
10 3151450 0 0
10 3587677 0 0
10 3884166 0 0
10 3476853 0 0
10 3712155 0 0
10 3825154 0 0
10 2246099 0 0
10 2893315 0 1
10 2699990 0 0
10 2740058 1 0
10 3670530 2 1
10 2664437 0 0
10 3097795 0 1
10 3460030 0 0
10 2811211 0 0
10 3299123 0 0
10 3579406 0 0
10 3642002 0 0
10 3115199 0 0
10 3309248 0 0
10 3421935 0 0
10 3765092 0 1
10 1524747 0 0
10 2206439 0 0
10 3057029 0 0
10 2206437 0 0
10 2903525 0 0
10 3220030 0 0
10 2615338 0 0
10 3789295 0 0
10 2726188 0 1
10 2799065 0 0
10 3596151 0 0
10 3421920 0 0
10 3867829 0 0
10 3047687 0 1
10 1034193 0 0
10 2881524 0 0
10 3196346 0 0
10 2803896 0 0
10 2846353 0 0
10 3291223 0 0
10 2987876 0 1
10 2901332 0 0
10 3809736 0 0
10 2266718 0 0
10 3405429 0 0
10 3513810 0 0
10 3499904 0 0
10 3545854 0 0
10 2448707 0 0
10 2846347 0 0
10 2740002 0 0
10 2948298 0 0
10 3004514 1 1
10 3118206 0 0
10 3215178 0 0
10 2845011 0 0
10 3886771 0 1
10 3303727 0 0
10 3097588 0 0
10 3510780 0 0
10 3184392 0 0
10 3205379 0 1
10 3481387 0 1
10 2448945 0 0
10 2647911 0 0
10 2939576 0 0
10 2687574 1 1
10 3205365 0 1
10 3329083 0 0
10 3016743 0 0
10 3307079 0 0
10 1036591 0 0
10 3562199 0 0
10 1939918 0 0
10 3760632 0 0
10 3049881 0 0
10 3003678 0 0
10 2822141 0 0
10 3129103 0 1
10 1790969 0 1
10 3649080 0 0
10 3599449 0 1
10 2627762 0 0
10 3299167 0 1
10 3663148 0 0
10 3532910 0 1
10 3634261 0 1
10 3530731 0 1
10 3307024 0 0
10 3718744 0 0
10 3290188 2 2
10 3132336 0 1
10 1808476 0 0
10 3303907 0 0
10 3570193 0 1
10 3728547 0 0
10 3331134 0 0
10 2691651 0 1
10 3634250 0 0
10 2435018 0 0
10 3546099 0 1
10 3156762 0 0
10 3386655 0 0
10 3738346 0 0
10 3250945 0 0
10 3789939 0 1
10 3679720 0 1
10 3846937 0 1
10 3852134 0 0
10 3811859 0 0
10 3383153 0 1
10 3698230 0 1
10 2749011 1 0
10 3331110 0 0
10 2644670 0 0
10 3301506 0 0
10 3615968 0 0
10 1033978 0 0
10 3484612 0 0
10 2591943 0 0
10 3854784 0 0
10 1995202 0 0
10 2910292 0 1
10 1995204 0 0
10 2615740 0 0
10 3601109 0 0
10 1240721 0 0
10 2912234 0 0
10 3309454 0 0
10 3342258 0 0
10 2630042 0 0
10 2654479 0 0
10 3198180 0 0
10 3457031 0 0
10 1796862 0 0
10 2107389 0 0
10 3878328 0 1
10 2215789 0 0
10 3505571 0 0
10 3665124 0 0
10 3585487 0 0
10 1794471 0 0
10 2783148 0 1
10 3005661 0 0
10 3027451 0 1
10 3503390 0 0
10 3712166 0 0
10 2783142 0 0
10 3354459 0 1
10 3820598 0 0
10 1033952 0 0
10 3517555 0 0
10 3604817 0 1
10 1459200 0 0
10 3483501 2 0
10 2259127 0 1
10 2667575 0 1
10 3354457 0 1
10 3145674 0 0
10 1831476 0 0
10 3083144 0 0
10 1802746 0 0
10 3841045 0 0
10 1794469 0 0
10 2678697 0 0
10 2822321 0 1
10 3514057 0 0
10 3544713 0 0
10 3864393 0 0
10 3437617 0 1
10 2803817 0 1
10 3027449 0 1
10 3566965 0 0
10 3168733 0 0
10 2810584 0 0
10 3611114 0 0
10 3294572 0 0
10 2291035 0 0
10 3692527 0 0
10 3015243 0 0
10 2077918 0 1
10 3415873 0 0
10 3646667 0 0
10 3682966 0 0
10 3272537 0 0
10 3619046 0 1
10 3331312 0 0
10 3425431 0 0
10 3015242 0 0
10 2769294 0 0
10 3447435 0 0
10 3853000 0 0
10 1925118 0 0
10 2889669 0 0
10 3810555 0 0
10 2769299 0 0
10 3866313 0 0
10 3517585 0 0
10 3844778 0 0
10 3866310 0 0
10 2926430 0 0
10 3249305 0 0
10 2667581 0 0
10 2855435 0 0
10 3234063 0 0
10 3262987 0 0
10 1297607 0 0
10 2667586 0 1
10 3293460 0 1
10 2967676 0 0
10 2854994 0 0
10 3614496 0 0
10 3687639 0 0
10 2633361 0 0
10 2633360 0 0
10 3845692 0 1
10 3695254 0 0
10 3809351 0 1
10 1379641 0 0
10 3764366 0 1
10 2384893 0 0
10 3002912 0 0
10 2039787 0 0
10 2736230 0 0
10 3355984 0 0
10 3390994 0 1
10 3170213 0 0
10 3614262 0 0
10 3400884 0 1
10 3327018 0 0
10 3883731 0 0
10 3649585 0 1
10 3573618 0 1
10 3115843 0 0
10 3350283 0 1
10 3539931 0 1
10 2740758 0 0
10 3420470 0 0
10 183864 0 0
10 3423730 0 0
10 1513234 0 1
10 3145465 0 1
10 3420225 0 0
10 3638685 0 0
10 3512245 0 0
10 3524470 0 0
10 2265260 0 0
10 2798987 0 0
10 3316396 0 0
10 3350038 0 0
10 3630722 0 0
10 3617997 0 0
10 1781429 0 0
10 2496697 0 0
10 1914265 0 1
10 2374634 0 0
10 3122596 0 1
10 3569571 0 0
10 3154169 0 0
10 2769376 0 0
10 1470415 0 0
10 2323000 0 0
10 2848034 0 0
10 3226127 0 0
10 2579303 0 1
10 2922313 0 0
10 2759584 0 0
10 2922311 0 1
10 3444002 0 0
10 3041237 0 1
10 2449212 0 1
10 3860648 0 0
10 3179456 0 1
10 3714068 0 0
10 3860641 1 0
10 2650974 0 0
10 2781002 0 0
10 2804058 0 0
10 3649559 0 1
10 2933468 0 1
10 1803784 0 0
10 3574999 0 0
10 3190489 0 0
10 125313 0 0
10 2607261 0 0
10 2518156 0 0
10 3686583 0 0
10 2922322 0 1
10 3860639 1 1
10 1240385 0 0
10 3403950 0 1
10 3550313 0 0
10 3563622 0 0
10 2601732 0 0
10 3560594 0 0
10 1764005 0 1
10 3560592 0 1
10 3054324 0 0
10 1550891 0 1
10 2737755 0 0
10 3649545 0 0
10 3032753 0 1
10 3799892 0 0
10 2628190 0 0
10 2861023 0 0
10 2933485 0 0
10 3249277 0 0
10 3306317 0 0
10 3602003 0 0
10 3431150 0 0
10 2736214 0 0
10 3200123 0 0
10 3833000 0 1
10 1140951 0 0
10 2628184 0 0
10 3833481 0 0
10 3264878 0 0
10 2684972 0 1
10 2684973 0 0
10 2909720 0 0
10 455683 0 0
10 3877030 0 0
10 2365963 0 1
10 3662169 0 1
10 3040396 0 1
10 2607258 0 0
10 3264880 0 0
10 3004089 0 0
10 2853896 0 0
10 3699419 0 0
10 3529716 0 1
10 2607011 0 0
10 3420250 0 0
10 3104539 0 0
10 3421971 0 0
10 3555358 0 0
10 2531170 0 0
10 2915391 0 0
10 3758518 0 0
10 3692144 0 1
10 2786104 0 0
10 3666092 0 0
10 2872101 0 0
10 3139886 0 0
10 3814545 0 1
10 2956708 0 0
10 1479417 0 0
10 2987204 0 1
10 3465792 0 0
10 2840730 0 0
10 2206488 0 0
10 3477763 0 0
10 1523225 0 0
10 3141709 0 0
10 3514812 1 1
10 2895230 0 0
10 3514815 0 0
10 3589597 0 1
10 169178 0 0
10 2745361 0 0
10 3303212 0 1
10 3546418 0 1
10 3848317 0 1
10 111193 0 0
10 3546419 0 0
10 3033242 0 0
10 101372 0 0
10 2206499 0 0
10 2640759 0 0
10 2491614 0 0
10 3164626 0 0
10 3221981 0 0
10 3674744 2 1
10 2590174 0 0
10 3265521 0 0
10 3469935 0 0
10 2629471 0 0
10 2813585 0 0
10 3875966 0 0
10 3556420 0 1
10 3649173 0 0
10 3805841 0 0
10 3555585 0 1
10 2651898 0 1
10 3849624 0 0
10 3515923 0 0
10 2931410 0 0
10 3519046 0 0
10 1464381 0 0
10 3351997 0 0
10 3630313 0 0
10 3838984 0 1
10 3745698 0 0
10 2045103 0 0
10 3420682 0 0
10 3252261 0 0
10 3047858 2 1
10 3582537 0 1
10 3209594 0 0
10 3420687 0 1
10 2115380 0 0
10 2771843 0 0
10 3270925 0 0
10 2842962 1 0
10 2151875 0 0
10 3179294 0 0
10 3184652 0 0
10 3179295 0 0
10 2791738 0 0
10 3652732 0 1
10 3546445 0 0
10 126248 0 0
10 3409404 0 0
10 2839317 0 0
10 3652736 0 0
10 3422853 0 1
10 3047844 0 0
10 3423700 0 0
10 2033370 0 0
10 3423709 0 1
10 3735842 0 0
10 3384949 0 0
10 3466839 1 1
10 2840771 0 0
10 2663648 0 1
10 3138105 0 1
10 3323490 0 0
10 3748931 0 0
10 3617546 0 1
10 3420662 1 1
10 3495385 0 1
10 2672144 0 0
10 3255315 0 0
10 3278879 0 0
10 3328978 0 0
10 2933643 1 0
10 3099001 0 0
10 3733431 0 0
10 3649135 0 0
10 3466865 0 0
10 2602190 0 0
10 2627258 0 0
10 3467955 0 0
10 1326214 0 0
10 3708037 0 0
10 3336567 0 0
10 3474237 0 0
10 3804796 0 0
10 3482081 0 1
10 3419663 0 0
10 3831918 0 1
10 3605337 0 0
10 1854912 0 0
10 2768646 0 1
10 3097079 0 0
10 3546435 0 1
10 2630765 0 0
10 3032134 0 1
10 2799007 0 0
10 2799006 0 0
10 2778442 0 0
10 3298231 0 1
10 2241757 0 0
10 2776378 0 0
10 2963750 0 0
10 2139948 0 0
10 1269433 0 0
10 3139485 0 0
10 2882548 0 0
10 3117693 0 0
10 2678700 0 0
10 2414822 0 0
10 3025343 0 1
10 3349853 0 0
10 3863555 0 0
10 1414055 0 0
10 3292644 0 0
10 3168801 0 0
10 3372523 0 0
10 1289282 0 0
10 2601080 0 1
10 1865555 0 0
10 3277481 0 1
10 3184056 0 0
10 3232585 0 0
10 2686340 0 1
10 3232582 0 0
10 522842 0 0
10 1764722 0 1
10 3302761 0 0
10 481083 0 0
10 3700483 0 0
10 3357236 0 0
10 2965705 0 0
10 2595315 0 1
10 3314983 0 0
10 3079190 0 0
10 2173884 0 0
10 3529242 0 0
10 2651000 0 0
10 3779396 0 0
10 3108510 0 0
10 3594901 0 1
10 3232590 0 0
10 3573168 0 1
10 3877506 0 0
10 3618036 0 0
10 3890723 0 1
10 3014470 0 1
10 3484579 0 0
10 3781248 0 0
10 3838577 0 0
10 116590 0 0
10 3332168 0 0
10 2778768 0 0
10 3495475 0 0
10 3692435 0 0
10 2757601 0 0
10 3701318 0 0
10 3327835 0 0
10 2744771 0 0
10 3117682 0 0
10 3327834 0 1
10 2171217 0 0
10 3806771 0 0
10 3717729 0 0
10 3841500 0 0
10 2766786 0 0
10 3567954 0 0
10 3224508 0 0
10 3360859 0 0
10 1550912 0 0
10 3680210 0 0
10 2584621 0 1
10 3533524 0 0
10 3700059 0 0
10 3017928 0 0
10 2790126 0 0
10 3295713 0 0
10 3004853 0 0
10 3097682 0 0
10 1459161 0 0
10 3235880 0 0
10 3689056 0 0
10 3205024 0 0
10 3872241 1 1
10 1414028 0 0
10 3144622 0 0
10 3644773 0 0
10 3049745 0 0
10 2136223 0 1
10 3539052 0 1
10 3570945 0 0
10 2740158 1 1
10 3713307 0 0
10 3883370 0 0
10 3130464 0 0
10 3398949 0 0
10 2515432 0 0
10 3726852 0 0
10 1993970 0 1
10 3257457 0 0
10 3205498 0 0
10 3420703 0 0
10 3368317 0 0
10 3219410 0 0
10 2783085 0 1
10 3318093 0 1
10 3539084 0 0
10 2930658 0 0
10 3098551 0 0
10 1887528 0 0
10 3130457 0 1
10 1269450 0 0
10 3447144 0 0
10 3160063 0 0
10 3658340 0 1
10 1269446 0 0
10 2900109 0 0
10 2443120 0 0
10 3616064 0 0
10 2825520 0 1
10 3484543 0 0
10 3004883 0 0
10 3484542 0 0
10 2033630 0 0
10 2783071 0 0
10 2827708 0 0
10 3544655 0 0
10 2822261 0 0
10 3702444 0 0
10 1459158 0 0
10 3333466 0 0
10 3347838 0 0
10 2806398 0 0
10 2670825 0 0
10 2842248 0 0
10 2137923 0 0
10 3562200 0 0
10 3225407 0 0
10 3847913 0 1
10 3816168 0 0
10 2691519 1 0
10 2977075 0 0
10 3159938 0 0
10 3331257 0 0
10 3724069 0 0
10 2551586 0 0
10 3335610 0 0
10 2827084 0 0
10 3637401 1 0
10 3461618 0 1
10 3347841 0 0
10 3063238 0 0
10 2783058 0 1
10 3106382 0 0
10 2707760 0 1
10 3336715 0 0
10 3309319 0 0
10 3785211 0 0
10 1450322 0 1
10 1034958 0 0
10 2858847 0 1
10 2667400 2 1
10 2944149 0 0
10 3508942 0 0
10 3326918 0 0
10 3347815 0 0
10 3716220 0 0
10 2827076 0 0
10 3261719 0 0
10 3849072 0 0
10 3101728 0 0
10 3085233 0 1
10 3085478 0 0
10 3437305 0 0
10 3461413 0 0
10 3102808 0 0
10 3653244 0 1
10 3302714 0 0
10 3313844 0 1
10 3819693 0 0
10 3520833 0 0
10 3446015 0 0
10 3000916 0 0
10 3205683 0 0
10 2878694 0 1
10 2995954 0 0
10 3632172 0 0
10 2731874 0 0
10 3347829 0 1
10 3089823 0 1
10 3354349 0 0
10 3601223 1 0
10 3701391 0 0
10 3030798 0 0
10 3396344 0 0
10 3261730 0 0
10 3815085 0 0
10 2567964 0 0
10 2880967 0 0
10 3417959 0 0
10 3653267 0 1
10 3654115 0 1
10 3539469 0 0
10 3596662 0 0
10 2856855 0 0
10 3205439 0 0
10 3596664 0 0
10 3725358 0 1
10 2693513 0 0
10 2627823 0 0
10 3600318 0 1
10 3560078 0 0
10 3775621 0 0
10 3366308 0 0
10 3652182 0 1
10 3119041 0 0
10 3331228 0 0
10 3433137 0 1
10 3575318 0 0
10 3310745 0 1
10 3413347 0 0
10 2740317 0 0
10 3398309 0 0
10 2689464 0 0
10 3097618 0 1
10 2747399 0 0
10 3669626 0 0
10 3284875 0 0
10 374364 0 1
10 3283780 0 0
10 2396176 0 1
10 2397020 0 0
10 3134896 0 0
10 3598869 0 0
10 3135506 0 0
10 3319586 0 1
10 3135503 0 0
10 1865373 0 0
10 3301827 0 0
10 2668559 0 0
10 2726243 0 0
10 2934163 0 0
10 3600339 0 0
10 3214355 0 0
10 3153393 0 0
10 2637837 0 1
10 2736287 0 0
10 3208917 0 0
10 3668300 0 0
10 3353217 0 0
11 2376906 0 1
11 2234421 0 1
11 2542346 0 1
11 3639670 0 0
11 2415356 0 1
11 3698898 0 1
11 2588582 1 1
11 3833587 2 1
11 3353206 1 1
11 3079534 0 0
11 2945514 0 0
11 3752487 0 1
11 2599233 0 0
11 3195853 0 0
11 3821135 0 1
11 3653514 0 1
11 3751152 0 1
11 3296555 1 0
11 3259121 0 1
11 1885976 0 0
11 3322919 0 0
11 1082631 0 0
11 2794498 0 1
11 3401820 0 1
11 3480649 0 0
11 3734606 0 1
11 1112598 0 0
11 3784075 2 0
11 2657235 0 1
11 3844222 0 1
11 2464753 1 1
11 2760693 1 1
11 1526423 0 0
11 2760694 0 0
11 1036724 0 0
11 3350152 0 1
11 2614942 0 0
11 3406278 2 1
11 3708754 0 1
11 3180395 0 0
11 3406274 2 1
11 3800672 0 0
11 3800673 0 1
11 3447637 0 1
11 2931374 0 1
11 3785391 0 1
11 2806544 0 1
11 3717289 0 1
11 3777789 0 0
11 3075144 0 0
11 3075145 0 0
11 3698884 0 1
11 2018732 0 0
11 3406287 0 0
11 3443276 0 1
11 3653538 0 1
11 2769480 2 1
11 3215995 0 1
11 3750274 0 1
11 3127738 0 1
11 3641955 0 0
11 3696274 0 1
11 3309926 0 0
11 3594646 0 0
11 3182992 0 0
11 3432552 0 1
11 3452151 0 0
11 3657909 0 2
11 3573784 0 1
11 3401880 0 1
11 2695537 0 0
11 2769474 0 0
11 3674472 0 1
11 3674470 0 1
11 2876857 0 1
11 3674474 0 1
11 2947731 0 0
11 3759076 0 1
11 2982983 0 0
11 3507802 2 1
11 3350124 0 0
11 3064453 0 1
11 3064452 1 1
11 3318898 0 1
11 137602 0 0
11 2108309 0 0
11 3665544 0 1
11 3042228 0 1
11 3730206 0 1
11 3452172 0 0
11 3184711 2 0
11 2770458 1 1
11 1044304 0 0
11 2262905 0 1
11 1044300 0 0
11 3564814 0 1
11 3564815 0 0
11 3409341 0 0
11 2769450 0 0
11 1033640 0 0
11 3696268 0 1
11 3601021 0 0
11 3812697 0 0
11 1035828 0 0
11 1513530 0 0
11 2797112 0 0
11 3125115 0 0
11 3151403 0 0
11 2245957 0 0
11 3015942 0 0
11 3663706 0 1
11 3082781 0 1
11 3847353 0 1
11 2206352 0 0
11 2696415 0 1
11 3588394 0 0
11 3712886 0 1
11 3410721 0 0
11 3611705 0 1
11 1177975 0 0
11 3611701 0 0
11 3404034 0 1
11 137231 0 0
11 3526914 0 0
11 3203973 0 0
11 2206360 0 0
11 3170179 0 1
11 2918794 0 1
11 2825226 0 0
11 3851840 0 0
11 3840719 0 1
11 2700585 0 0
11 3073806 0 0
11 2700584 0 1
11 3336243 2 1
11 1712359 0 0
11 3765395 0 0
11 3415156 0 0
11 3452136 0 0
11 3781883 0 1
11 1636035 0 1
11 1636036 0 1
11 3856285 2 1
11 3040918 0 0
11 1325039 0 0
11 3457837 0 1
11 2954407 0 0
11 3207060 1 1
11 3400906 0 1
11 3596807 0 1
11 3078258 1 1
11 3487217 0 1
11 2954400 0 0
11 3369152 0 0
11 2910853 0 0
11 3628122 0 0
11 3834024 0 0
11 3866073 0 1
11 2918347 0 1
11 3701786 0 1
11 3012871 0 0
11 3170124 0 0
11 3174966 0 0
11 3659247 0 0
11 3792511 0 0
11 3498317 2 1
11 3727092 0 0
11 3485486 0 1
11 3891030 0 1
11 1177931 0 1
11 2475460 0 1
11 3765382 0 1
11 3719000 0 1
11 3800295 0 0
11 3072922 0 0
11 2699975 0 0
11 2699974 0 1
11 2872891 0 1
11 2780663 0 1
11 3818812 0 1
11 2911725 0 0
11 1550933 0 1
11 2823093 0 0
11 3496599 0 1
11 3093813 0 0
11 2712529 0 0
11 3521282 0 0
11 1373644 0 1
11 2262078 0 1
11 1036761 0 0
11 3676603 0 0
11 3162525 0 1
11 3139303 0 1
11 2776152 0 0
11 3395987 0 1
11 2557452 0 1
11 2922876 0 1
11 3088014 1 1
11 2780644 0 0
11 3685544 0 1
11 1224859 0 1
11 3232562 0 0
11 3159367 0 0
11 3651315 0 1
11 3870123 0 0
11 1044373 0 0
11 3793364 0 1
11 3235964 0 0
11 3554543 0 0
11 3630062 0 0
11 516037 0 1
11 2994134 0 1
11 3015425 0 1
11 3521621 0 1
11 2803845 0 1
11 2494624 0 1
11 1635560 0 1
11 2984334 2 1
11 3543418 0 0
11 2813640 0 1
11 3670523 0 1
11 2815823 0 1
11 3037213 0 0
11 3514081 0 0
11 3199415 0 1
11 2637292 0 0
11 2377328 0 0
11 3079086 0 1
11 3529579 0 1
11 2803851 2 1
11 3349988 0 1
11 2938427 0 1
11 3682975 0 0
11 3472230 0 0
11 2700619 0 0
11 2721535 1 0
11 3852775 0 0
11 2033579 0 0
11 3276041 0 1
11 3506488 0 0
11 3129533 0 0
11 3381374 0 0
11 3866926 1 1
11 3827327 0 0
11 3018959 0 1
11 3349957 0 0
11 2971478 0 1
11 3437024 0 0
11 3466823 0 1
11 2822572 0 1
11 3741700 0 1
11 3665183 0 1
11 3672726 0 0
11 2991079 0 1
11 2974992 0 1
11 3543887 0 0
11 2893313 0 0
11 2984305 0 0
11 2596547 1 1
11 3748329 0 0
11 3611775 0 0
11 3445067 0 1
11 3212924 0 0
11 3280572 0 0
11 2766892 0 0
11 3579408 0 0
11 2953625 0 1
11 2840823 0 0
11 2937147 0 0
11 3840368 0 1
11 3183040 0 0
11 2687594 0 0
11 2840819 0 1
11 3854998 0 0
11 2859850 0 0
11 3695845 0 0
11 3061777 0 1
11 3806430 0 1
11 3587012 0 0
11 2803897 0 0
11 3629039 0 0
11 2629964 1 1
11 3518019 0 0
11 2629965 0 0
11 2938495 1 0
11 3299171 0 0
11 3531001 0 0
11 3668258 0 0
11 3669105 0 0
11 3789280 0 1
11 3524713 0 1
11 3161276 0 0
11 3248865 1 0
11 3108676 1 0
11 3424184 0 1
11 3134932 0 0
11 2815844 0 0
11 3161273 0 0
11 3483324 0 1
11 3299160 2 1
11 3750605 0 0
11 3016743 0 0
11 3617035 0 0
11 2804721 0 0
11 2804727 0 0
11 2872833 0 1
11 3483330 0 1
11 3619691 0 1
11 2804729 0 1
11 3674934 0 0
11 1142326 0 0
11 2490671 0 0
11 2634608 0 0
11 3649087 0 0
11 3299165 0 1
11 3094649 0 0
11 3123852 0 1
11 3342021 0 0
11 3560387 0 0
11 3625547 0 1
11 3678886 0 0
11 3094652 0 0
11 3572373 0 0
11 2855451 0 1
11 2666672 0 0
11 2994520 0 0
11 3383148 0 0
11 3752881 0 1
11 3626888 0 0
11 2956246 0 0
11 3517523 0 1
11 3679720 0 1
11 3625550 0 1
11 2613589 0 1
11 3679722 0 1
11 3504217 0 1
11 3451707 0 0
11 2448799 0 1
11 2729419 0 1
11 3785339 0 0
11 2974906 0 0
11 2448346 0 0
11 3296937 0 0
11 2749011 0 1
11 3697146 0 0
11 2483550 0 0
11 1474624 0 0
11 3310458 0 0
11 3517532 0 0
11 1474621 0 0
11 3482437 0 1
11 3570178 0 1
11 3474835 0 1
11 3054618 0 1
11 3517549 0 0
11 3198187 0 1
11 3549582 0 1
11 2890682 0 0
11 2572198 0 0
11 3600251 0 0
11 1277817 0 0
11 2772260 0 1
11 3354466 2 1
11 2772253 0 1
11 3087990 0 0
11 2693867 0 1
11 3752857 0 1
11 3504246 0 0
11 3504245 0 0
11 3691896 0 1
11 3624658 0 1
11 3178521 0 0
11 3492211 0 0
11 3586573 0 0
11 3830152 0 0
11 3876315 0 0
11 3504258 0 0
11 3688238 0 0
11 3679761 0 0
11 3064888 1 0
11 2678699 2 1
11 2803814 0 1
11 3679768 2 1
11 3707871 0 1
11 3566961 0 1
11 3681600 0 0
11 3566965 0 1
11 2813611 0 0
11 3015472 0 1
11 3776806 0 0
11 2731720 0 0
11 2957132 0 1
11 2772239 0 0
11 3272529 0 1
11 3504261 0 1
11 3866565 0 0
11 2082036 0 0
11 2946035 0 0
11 2946034 0 1
11 2946039 0 1
11 3517571 0 1
11 3015484 0 1
11 2994546 0 0
11 3016349 0 0
11 130145 0 0
11 3040436 0 1
11 3504270 0 1
11 2926431 0 1
11 3862194 0 1
11 3092065 0 1
11 3468117 0 0
11 3686071 0 1
11 3072479 0 1
11 2990183 0 0
11 2596107 0 1
11 3875015 0 1
11 2667585 0 0
11 3485910 2 0
11 2765939 0 0
11 3341339 0 0
11 3420487 0 1
11 3664751 0 0
11 2808616 0 1
11 3213012 0 0
11 3158560 0 1
11 3664759 0 0
11 1469457 0 0
11 2360441 0 0
11 2907361 0 1
11 3704059 0 1
11 3435508 0 0
11 3002915 0 0
11 3468421 0 1
11 2831875 0 0
11 3505934 1 1
11 3420472 0 1
11 1976726 0 0
11 2989698 0 0
11 3789894 0 0
11 3236146 0 1
11 3248590 0 1
11 2769398 0 1
11 3350282 0 1
11 3798361 0 0
11 1562442 0 1
11 3019368 0 0
11 3047834 0 1
11 3868110 0 0
11 3785041 0 0
11 2919376 0 0
11 3718246 0 0
11 3364435 0 1
11 3309620 0 0
11 3236153 0 1
11 2908670 0 1
11 3317242 0 0
11 3558459 0 0
11 3047826 2 1
11 3580369 0 0
11 2569914 0 0
11 2829526 0 1
11 2363984 0 0
11 1936285 0 1
11 2908660 0 1
11 3285529 1 0
11 3144360 0 1
11 1481535 0 1
11 3128701 0 0
11 3741440 0 1
11 3359068 0 0
11 2908659 0 0
11 3112366 0 1
11 3435941 0 1
11 3785027 0 1
11 2908657 0 1
11 3410249 0 1
11 3492969 0 1
11 3227226 0 1
11 3435946 0 1
11 2981784 1 1
11 3860639 0 1
11 2475515 0 1
11 3860632 0 1
11 2769358 0 0
11 1764004 1 1
11 3262480 0 0
11 3265991 0 1
11 2908645 0 1
11 2816288 0 1
11 3855280 0 1
11 2737754 1 1
11 2556668 0 1
11 3424871 0 1
11 2556666 0 1
11 2888745 0 0
11 2747555 0 0
11 3020791 0 0
11 3716024 0 1
11 3757801 0 1
11 3305225 0 1
11 3431150 0 1
11 2737789 0 1
11 3728482 0 1
11 1044664 0 0
11 3833481 0 0
11 3127842 0 1
11 3476012 0 1
11 2912792 0 1
11 2633199 0 0
11 3099090 0 0
11 3378452 0 1
11 3034954 2 1
11 3728499 0 1
11 2700440 0 1
11 2840741 0 1
11 2329636 0 1
11 1156916 0 0
11 2277439 0 1
11 3083505 0 0
11 3261184 0 0
11 3851737 0 0
11 2931408 0 1
11 3199939 0 1
11 1929108 1 1
11 1434740 0 1
11 1065104 0 0
11 2965656 0 0
11 3464466 0 0
11 3723652 0 0
11 3859214 0 0
11 3479946 0 0
11 2963482 0 1
11 130966 1 0
11 3254877 0 0
11 3347041 0 1
11 2767138 2 0
11 3698942 0 0
11 2852740 0 0
11 3652708 0 0
11 3783711 0 1
11 3022139 0 0
11 1434765 0 1
11 2724433 0 1
11 3015847 0 1
11 3501519 0 0
11 2135163 0 0
11 3608638 0 0
11 3134179 0 1
11 3145296 0 1
11 3361791 0 0
11 2700473 2 1
11 3860658 0 0
11 3043065 0 0
11 3049601 0 0
11 3311090 0 0
11 3475120 0 1
11 1559683 0 0
11 2136000 0 0
11 3061704 0 0
11 1036678 0 0
11 3628241 0 1
11 3841901 0 0
11 2813113 0 1
11 1310905 0 0
11 3463148 0 1
11 3553161 0 0
11 1863421 0 0
11 2570576 0 1
11 2854945 0 1
11 2045103 1 0
11 2830981 0 1
11 3830836 0 1
11 3158122 0 1
11 2791738 0 0
11 2791734 0 0
11 3056330 0 0
11 2629690 0 0
11 3850443 0 1
11 3153734 0 0
11 3088394 0 1
11 2989655 0 1
11 1315330 0 0
11 2430200 1 1
11 3868146 0 1
11 3609955 0 1
11 3141758 1 0
11 2791744 0 1
11 3502875 0 1
11 3298010 0 0
11 3229021 0 1
11 1159169 0 1
11 2887811 0 1
11 3015800 0 0
11 3792613 0 1
11 3349637 0 1
11 2651442 0 1
11 2788586 0 1
11 2591463 0 0
11 3468804 0 0
11 3874838 0 0
11 3500225 0 0
11 3780631 0 1
11 1569431 0 1
11 2628341 0 0
11 3766327 0 1
11 1968723 0 0
11 2887806 2 1
11 3113281 0 1
11 2908229 0 1
11 3322183 0 1
11 3140886 0 0
11 2895899 0 1
11 3146180 0 0
11 3851743 0 1
11 1977673 0 0
11 3440482 0 0
11 2908223 0 1
11 2988309 0 0
11 3212604 0 1
11 3351939 0 0
11 3704857 0 0
11 3715990 0 0
11 3712003 0 0
11 2503660 0 0
11 3024253 0 0
11 2770828 0 0
11 3841534 0 1
11 3841537 0 1
11 2739181 0 0
11 2992067 1 0
11 3014468 0 1
11 3104365 0 1
11 3655494 0 1
11 2937212 0 0
11 2988808 0 1
11 3188886 0 1
11 3461468 0 0
11 3267215 0 0
11 2987954 0 1
11 3208579 0 1
11 3517480 0 0
11 1888688 0 0
11 1373687 0 0
11 3013144 0 0
11 3724009 0 0
11 3555738 0 0
11 3476983 0 1
11 3442737 0 0
11 2745856 0 1
11 3444913 0 1
11 3573168 0 1
11 3058013 0 0
11 2778768 0 0
11 3195198 0 0
11 3327834 0 1
11 3626904 0 0
11 2171217 0 0
11 3624720 0 0
11 2820289 0 0
11 2846898 0 0
11 3586460 0 1
11 3355033 0 1
11 2998658 0 0
11 2918500 0 0
11 3872234 0 1
11 2447954 0 0
11 3611865 0 0
11 2595767 0 1
11 3508577 0 0
11 2740151 0 0
11 2432466 0 0
11 3590968 0 1
11 3544670 0 1
11 3680477 2 1
11 3644772 0 1
11 3704401 0 1
11 3707912 0 0
11 2988848 0 0
11 2665694 0 0
11 3796931 0 1
11 3278357 0 1
11 1519259 0 0
11 2685262 0 0
11 2244600 0 0
11 3655067 0 0
11 1942180 0 0
11 2584649 0 1
11 2584647 0 0
11 2740128 0 1
11 2823343 0 1
11 3671552 0 0
11 3219650 0 1
11 3205015 0 1
11 3821948 0 0
11 3311450 0 1
11 3260611 0 0
11 3512619 0 1
11 3682672 0 0
11 3205483 0 1
11 3588206 0 1
11 2955936 0 0
11 3883393 0 1
11 1459158 0 1
11 3062131 0 0
11 130037 0 0
11 3858807 0 1
11 270697 0 1
11 3192511 0 0
11 3540661 0 1
11 2536181 0 1
11 3540662 0 1
11 3245497 0 1
11 3140077 0 1
11 2740109 0 0
11 2667411 0 0
11 3880742 0 1
11 3666546 0 0
11 2705345 0 1
11 3426616 0 1
11 3467162 0 1
11 2628714 0 1
11 3649624 0 1
11 3560273 0 0
11 3347843 1 1
11 2740116 0 0
11 3599747 0 1
11 3295742 0 0
11 3724073 0 1
11 3397657 1 1
11 3598414 0 0
11 3599745 0 0
11 3257462 0 1
11 3332357 0 0
11 2496988 0 1
11 3088744 0 1
11 2350145 0 0
11 3765831 0 1
11 2744927 0 0
11 3277063 0 1
11 2808566 0 0
11 3492121 0 0
11 3347825 0 1
11 3809882 0 1
11 3809883 0 1
11 2808568 0 0
11 3083049 0 0
11 2131596 0 0
11 3514397 0 0
11 1033601 0 0
11 3540655 0 0
11 3689663 0 0
11 2480139 0 0
11 2809463 0 0
11 2809462 0 1
11 3338082 0 0
11 3177790 0 1
11 2938513 0 0
11 2577938 0 0
11 3542887 2 1
11 1044723 0 1
11 3542889 0 1
11 3466288 0 0
11 3729713 0 0
11 3764963 0 1
11 3832226 0 1
11 2480146 0 1
11 3155116 0 0
11 3655452 0 1
11 1784555 0 0
11 3588621 0 0
11 3440901 0 0
11 2984407 0 0
11 3542893 0 0
11 2938508 0 1
11 3111561 0 1
11 1044710 0 0
11 2050134 0 0
11 3542899 0 1
11 2902147 0 1
11 3015350 0 0
11 3097618 0 0
11 3489384 0 1
11 3489385 0 0
11 3600348 0 0
11 2844689 0 0
11 2823742 0 1
11 3853136 0 0
11 3013198 0 0
11 3448402 0 1
11 3018401 0 1
11 3385261 0 0
11 3666125 0 0
11 3690211 0 1
11 3812612 0 0
11 3820220 0 1
11 2659845 0 0
11 3353210 0 0
11 374360 0 1
11 2837903 0 1
11 3183636 2 1
11 2810817 0 0
11 2671752 0 1
11 3030029 1 1
11 2553245 0 0
11 3835521 0 1
11 1906743 0 0
11 2907005 0 2
11 3030020 0 0
11 2726547 0 1
11 2726542 0 1
11 3664409 0 1
11 1253520 0 0
11 2490810 0 1
11 3249569 0 1
11 3574826 0 0
11 3646197 0 0
11 3000622 0 1
11 3032672 0 0
11 3558350 0 1
11 3000623 0 1
11 3227318 0 1
11 3090107 0 0
11 3161868 0 0
11 3649217 0 1
11 2602715 0 0
11 2991647 0 1
11 2222229 0 0
11 31339 0 0
11 3560639 0 1
11 3090114 0 0
11 3194780 0 1
11 3638550 0 0
11 1065094 0 0
11 3565096 0 0
11 2813070 0 0
11 2955573 0 1
11 3785158 0 0
11 2682409 0 0
11 3443039 0 0
11 3765564 0 0
11 2980988 0 0
11 2726511 0 0
11 2833973 0 0
11 3065569 0 1
11 3338240 0 0
11 3572695 2 1
11 2559826 0 1
11 2649861 0 1
11 3656815 0 1
11 3037088 0 1
11 2203976 0 0
11 2637899 0 1
11 3559247 0 1
11 3705057 0 0
11 3339105 0 1
11 2531024 0 1
11 2174498 2 0
11 3337376 0 1
11 2279110 0 1
11 2726530 0 1
11 3610195 0 0
11 3560684 0 0
11 3237169 0 0
11 2739847 0 1
11 3459800 0 0
11 3403804 0 0
11 3113792 0 1
11 2639604 1 1
11 3638525 0 1
11 3420374 0 0
11 3611057 0 0
11 3618925 2 1
11 3361475 0 0
11 3558379 0 1
11 3110290 0 0
11 3513025 0 0
11 3826603 0 1
11 3227378 0 0
11 3611058 0 1
11 3200234 0 1
11 3655517 0 1
11 2050615 0 0
11 2703831 0 1
11 3583705 0 0
11 3150794 0 1
11 3015703 0 0
11 3253678 0 0
11 3580672 0 1
11 3193044 0 0
11 1139455 0 0
11 1581468 0 0
11 3522318 0 0
11 1044194 0 1
11 2771992 0 1
11 3047768 0 0
11 3045108 0 0
11 3847583 0 0
11 1618845 0 1
11 1036572 0 0
11 2873547 0 1
11 3268705 0 0
11 3125363 0 1
11 3618104 0 0
11 2911928 0 0
11 3662630 0 0
11 2580000 0 1
11 3148454 0 1
11 3253694 0 0
11 3184109 0 0
11 3409945 0 1
11 2672220 1 0
11 3210001 0 1
11 2790738 0 0
11 2580003 0 1
11 2840602 0 1
11 2974229 0 1
11 3545899 0 1
11 2627174 0 0
11 3161475 1 1
11 1065004 0 1
11 2531043 0 0
11 3193052 0 0
11 3276782 0 0
11 1940253 0 1
11 2531040 0 0
11 2797382 0 0
11 3316428 0 0
11 3399291 0 0
11 3522328 0 0
11 2815650 0 1
11 3042093 0 0
11 3541069 0 1
11 3544579 0 0
11 3872585 0 1
11 3221638 0 0
11 3465204 0 0
11 3649285 0 1
11 1164419 0 0
11 3783813 0 1
11 2672249 0 1
11 2531092 1 1
11 3583747 0 0
11 2804570 0 1
11 3848489 0 0
11 2879291 1 1
11 3786075 0 1
11 3788252 0 1
11 2448085 0 0
11 2672245 0 1
11 2672240 1 1
11 2734531 0 0
11 3842700 0 1
11 3743348 0 0
11 3851654 0 1
11 3723742 0 1
11 3560638 0 1
11 3660483 0 1
11 3152527 2 1
11 3725923 0 0
11 3829732 0 0
11 3014821 0 0
11 2672233 0 1
11 1386710 0 0
11 3573931 0 0
11 2817893 0 1
11 2366074 0 0
11 2702956 0 0
11 3057553 0 0
11 3808804 0 0
11 3494172 0 0
11 3014832 0 1
11 3849315 0 1
11 3522372 0 1
11 3014838 0 0
11 3582872 0 1
11 194433 1 1
11 3162766 0 1
11 2702964 0 0
11 3701514 0 1
11 2766585 0 1
11 3161438 0 0
11 2672257 0 1
11 3593502 0 1
11 2599059 0 0
11 2757643 0 0
11 3461283 0 0
11 2649019 0 1
11 1550718 0 0
11 3147154 0 0
11 153436 0 1
11 3052605 0 0
11 3219356 0 0
11 2276505 0 0
11 3048580 0 1
11 2740068 0 1
11 2672283 0 0
11 2776490 0 0
11 2654868 0 0
11 3664074 2 1
11 3440895 0 1
11 3492092 0 0
11 3750868 0 1
11 3390077 0 1
11 3530329 0 1
11 2672275 0 0
11 2672274 0 1
11 2981051 0 1
11 3291419 0 1
11 3561083 0 0
11 2850849 0 0
11 2258299 0 0
11 3451568 0 0
11 2994358 0 1
11 3151228 0 0
11 2258295 0 1
11 3639097 0 1
11 3563235 0 1
11 1852387 0 1
11 2850857 2 1
11 2892692 0 1
11 3636828 0 1
11 3335556 0 1
11 3673813 0 1
11 3168940 0 0
11 3521405 0 1
11 3876542 0 0
11 3229075 0 1
11 3492084 0 0
11 3556954 0 1
11 1559601 2 1
11 3152540 0 0
11 3197010 0 1
11 3451575 0 1
11 2729274 0 1
11 3487977 0 1
11 3151209 0 1
11 3336896 0 1
11 3876545 0 0
11 2664221 0 0
11 2390579 0 0
11 3830318 0 1
11 3797929 0 1
11 3309244 0 1
11 2892670 0 0
11 2894851 0 0
11 2116997 0 0
11 3516060 0 0
11 2966702 0 1
11 3375713 0 1
11 3828489 0 1
11 2799065 0 0
11 2988962 0 1
11 2801475 1 1
11 3044173 0 0
11 2847208 0 0
11 2631792 0 0
11 3141479 0 1
11 3425288 0 1
11 3722376 0 0
11 3221138 0 1
11 3809736 0 0
11 2259188 0 0
11 3788190 0 0
11 3848061 0 1
11 3620433 0 0
11 3307088 0 1
11 2959159 0 1
11 3608317 0 1
11 2654443 0 0
11 1769489 0 0
11 3004513 0 1
11 3109763 0 1
11 3097588 0 0
11 1459269 0 1
11 3309250 0 0
11 3658220 1 1
11 3427446 0 0
11 3015657 0 0
11 3642694 0 0
11 3049889 0 1
11 2892661 0 1
11 3733041 0 0
11 3313757 0 1
11 3577436 0 0
11 3701470 0 1
11 2625342 0 1
11 3284734 0 1
11 3210944 0 1
11 3778807 0 1
11 3502264 0 1
11 3517759 0 0
11 1824728 0 1
11 2553649 0 1
11 3271424 0 1
11 3517754 0 0
11 3461758 0 1
11 3517753 0 0
11 1082008 0 0
11 3615988 0 1
11 3303909 0 0
11 2858720 1 1
11 3634252 0 0
11 3636433 0 0
11 3016127 0 1
11 2856542 0 1
11 3517768 0 0
11 3366229 0 1
11 3375762 0 0
11 2654457 0 0
11 2824935 0 1
11 3604869 0 1
11 3352065 0 0
11 3634259 0 1
11 2923106 0 0
11 3169864 2 1
11 2858727 0 0
11 3015288 0 0
11 3448314 0 0
11 3446131 0 0
11 2626649 0 0
11 3530752 0 1
11 3760260 0 1
11 2907502 0 1
11 2908833 0 0
11 3374444 0 0
11 503388 0 1
11 1829155 0 1
11 1044620 0 0
11 2908830 0 1
11 3424780 0 1
11 3234026 0 0
11 3446140 0 0
11 3552995 0 1
11 3199274 0 1
11 3221195 0 1
11 3161912 0 0
11 2923125 0 1
11 3614649 0 1
11 3364015 0 1
11 3347913 0 1
11 3524090 0 1
11 3712161 0 1
11 3884177 0 0
11 2565667 0 1
11 2739423 0 0
11 3786876 0 1
11 3611109 0 1
11 3445226 0 1
11 3017880 0 0
11 3107160 0 1
11 3445230 0 1
11 3402108 0 0
11 1402320 0 1
11 3836946 0 1
11 3524089 0 1
11 3214497 0 0
11 2783132 0 0
11 3294576 0 0
11 2900082 0 1
11 2900080 0 1
11 3271472 0 1
11 2386465 0 0
11 503392 0 0
11 2479278 0 1
11 2903590 0 0
11 3509705 0 1
11 3728529 0 1
11 2771148 1 0
11 1824747 0 0
11 3738333 0 0
11 2900075 0 1
11 1824744 0 1
11 3619046 0 1
11 3327083 0 1
11 2759016 0 0
11 3206864 0 1
11 3015242 0 0
11 3447435 0 1
11 3258019 0 1
11 2769292 2 1
11 3615935 0 1
11 2994812 0 1
11 3012950 0 0
11 2807529 0 1
11 3470986 0 1
11 1769504 0 0
11 3695251 0 0
11 3350055 0 0
11 2980650 0 0
11 3546248 0 1
11 2954350 0 1
11 3299954 0 1
11 3180257 0 0
11 3226577 0 0
11 3500003 0 0
11 2621133 0 1
11 3227428 0 1
11 3500006 0 0
11 2684951 0 1
11 3800309 0 1
11 2807530 0 0
11 3282287 0 0
11 3459719 0 1
11 2784782 0 0
11 2657326 0 1
11 2363727 1 0
11 3185932 0 0
11 3751031 0 1
11 3214571 0 1
11 2848053 0 1
11 3444228 0 0
11 3579153 0 0
11 400509 0 0
11 3333961 0 0
11 1240319 0 0
11 3276810 0 1
11 2657355 0 1
11 3276813 0 0
11 3844346 0 0
11 3549736 0 0
11 2798987 0 1
11 3350039 0 0
11 2922300 0 0
11 3123200 0 0
11 3687640 2 0
11 2125195 0 0
11 2496697 0 0
11 3762173 0 0
11 2672979 0 2
11 2992604 0 0
11 3179287 0 1
11 2803159 0 0
11 3606628 0 0
11 3137834 0 1
11 2980628 0 0
11 1540431 0 1
11 2988179 2 0
11 2565389 0 0
11 3814988 0 0
11 3649316 0 1
11 3822132 0 1
11 2438311 0 0
11 3651246 0 0
11 3305449 0 0
11 3710945 0 1
11 3108092 0 1
11 3764326 0 0
11 3728227 0 1
11 3087221 0 1
11 2396668 0 0
11 2992663 0 0
11 3389323 0 0
11 2365945 0 1
11 3552977 0 0
11 3326369 0 2
11 3350001 0 1
11 3117824 0 1
11 3414837 0 1
11 2908883 0 0
11 3182407 0 1
11 2967696 0 1
11 2827156 0 1
11 1435899 0 0
11 2967692 1 1
11 2933488 0 0
11 3192210 0 0
11 3452293 0 1
11 1035955 0 0
11 2921495 0 0
11 3241314 0 0
11 3744730 0 1
11 1852908 0 1
11 3128930 0 0
11 3500075 0 0
11 3470955 0 1
11 3517747 0 0
11 2365966 0 0
11 3530704 0 1
11 1791015 0 1
11 2914738 0 1
11 3517743 0 1
11 3814995 0 1
11 3392509 0 0
11 3529718 0 1
11 3870642 0 1
11 2531122 0 1
11 3593464 0 1
11 2882386 0 0
11 3555597 0 1
11 3317869 0 1
11 3606231 0 0
11 3639158 0 1
11 1647271 0 0
11 3375193 0 1
11 2872582 1 1
11 3408519 0 1
11 3420649 0 1
11 3469915 0 1
11 3136138 0 1
11 3758991 0 1
11 3555591 0 1
11 3629342 0 1
11 3350456 0 0
11 2966747 0 1
11 3059641 0 0
11 3097008 0 0
11 1475043 0 0
11 2206489 0 1
11 3159262 0 1
11 3632516 0 0
11 3632519 0 0
11 3892036 0 0
11 2872575 0 0
11 3298212 0 0
11 3629350 0 1
11 3874625 0 1
11 3555576 0 1
11 3556422 0 0
11 1852545 1 0
11 3347250 0 1
11 2686715 0 0
11 2823146 0 0
11 3469937 0 1
11 3628477 0 1
11 3875968 0 0
11 3875965 0 0
11 3499780 0 0
11 3073931 0 0
11 3229232 0 0
11 3641445 0 0
11 3616020 0 1
11 3849624 0 1
11 1036430 0 0
11 2385908 0 0
11 3222602 1 1
11 3301057 0 0
11 1036437 0 0
11 2823152 0 1
11 2823151 0 1
11 3838988 0 1
11 2922723 0 0
11 2263066 0 1
11 3863515 0 1
11 2881018 0 1
11 2582720 0 0
11 2615294 0 0
11 3730144 0 1
11 3419694 0 1
11 3099222 0 1
11 3184652 0 1
11 3409400 0 1
11 3755442 0 0
11 3409885 0 0
11 3487309 1 1
11 2627279 0 1
11 2777146 0 0
11 3299110 0 1
11 3519056 0 1
11 3741288 0 0
11 3169496 0 0
11 3642754 0 1
11 3755437 0 1
11 2881009 0 1
11 3546211 0 1
11 3735842 0 1
11 3871559 0 1
11 3697411 0 0
11 3223959 0 0
11 3878194 0 0
11 524513 0 1
11 3825224 0 0
11 3328978 0 1
11 2917397 1 1
11 3157089 0 1
11 3043275 0 1
11 2771818 0 1
11 3485102 0 0
11 3384959 0 0
11 3116544 0 0
11 3266655 0 1
11 2687607 0 1
11 3162887 0 0
11 137331 0 0
11 2443772 0 0
11 3079673 0 1
11 3875922 0 1
11 3466860 0 0
11 2672139 0 0
11 2503992 0 1
11 3420658 0 0
11 2500000 0 0
11 3571609 0 0
11 3327630 0 0
11 3708267 0 1
11 126218 0 1
11 3201602 0 1
11 3672596 0 0
11 3819801 0 1
11 3564091 0 0
11 2443761 0 0
11 1175860 0 0
11 2627246 0 0
11 2799007 0 0
11 2799006 0 1
11 3636961 0 0
11 3328917 0 0
11 2684151 0 1
11 3446070 0 0
11 3270609 0 1
11 2678701 0 1
11 3349853 0 0
11 3797604 0 1
11 3772305 2 1
11 2900171 0 0
11 3860041 0 1
11 2776370 0 1
11 2686332 0 0
11 3806512 0 0
11 2689850 0 0
11 3798929 0 0
11 2744791 0 0
11 3567970 0 0
11 1876466 0 0
11 3860035 0 1
11 2630300 0 1
11 3782585 0 1
11 1479808 0 0
11 2707364 0 0
11 3872045 0 0
11 3795400 0 1
11 3748696 0 1
11 2914369 0 0
11 3190510 0 0
11 3771439 0 0
11 2241773 0 0
11 3475897 0 0
11 3116106 0 1
11 2718027 0 0
11 3095243 0 0
11 2627698 2 0
11 3819851 0 1
11 2515422 2 1
11 3771444 0 1
11 2758937 0 1
11 2995798 0 1
11 3099609 0 0
11 3289218 0 0
11 3452305 0 1
11 3483490 0 1
11 2803953 2 0
11 3562274 0 0
11 3819841 0 0
11 3567954 0 1
11 2892586 0 1
11 3099615 0 0
11 3099613 0 1
11 2040172 0 1
11 2943701 0 1
11 3746454 0 1
11 3601818 0 0
11 2705135 0 1
11 2667617 0 1
11 3045398 0 0
11 3016836 0 0
11 2762175 0 0
11 3045397 0 1
11 3127291 0 1
11 3099620 0 1
11 1936994 0 0
11 3568877 0 1
11 3038627 0 1
11 3356599 0 1
11 3746440 0 1
11 2861818 0 1
11 3324503 0 0
11 3529253 2 1
11 3672610 0 0
11 3885791 0 1
11 1475887 0 0
11 3746449 0 0
11 3874663 2 0
11 2687681 0 1
11 3751822 0 0
11 3751823 0 0
11 3386745 0 0
11 3244383 0 0
11 2803987 0 0
11 3794515 0 0
11 3735336 0 0
11 3735335 0 1
11 2822257 0 1
11 3821706 2 0
11 3658340 0 1
11 3015534 0 1
11 3494581 0 1
11 1519025 0 0
11 2990901 0 0
11 3888846 0 0
11 3015539 0 0
11 3381069 0 0
11 3243071 0 1
11 2572041 0 1
11 2842247 0 1
11 3470101 0 0
11 3004497 0 0
11 2868875 0 1
11 2572045 0 0
11 3787409 0 1
11 3892961 0 0
11 3445145 2 1
11 3180755 0 1
11 3835934 0 1
11 3603620 0 0
11 3214171 0 0
11 3310784 0 0
11 2517650 0 1
11 2944148 0 0
11 3876014 0 0
11 3178469 0 0
11 3280477 0 0
11 3086328 0 1
11 3438873 0 1
11 3102812 0 0
11 2782198 0 0
11 3463834 0 1
11 2740321 0 0
11 2699222 0 0
11 2740323 0 0
11 3590700 0 1
11 3410027 0 0
11 3518984 0 0
11 2588882 0 1
11 2956153 0 0
11 3481227 0 0
11 3537269 0 0
11 3445168 0 1
11 1945023 0 0
11 3366322 0 0
11 3284842 0 1
11 2505213 0 1
11 2827069 0 0
11 1914302 0 1
11 2007578 0 0
11 2731870 0 1
11 3366313 0 1
11 2993124 0 0
11 2995784 0 1
11 3890738 2 1
11 3275941 0 0
11 3458412 0 0
11 3436631 1 1
11 2944193 0 1
11 3038227 0 1
11 2941921 0 0
11 3636523 0 0
11 3445101 0 1
11 3120277 2 0
11 3833319 0 1
11 2364577 0 1
11 2843129 0 0
11 2748271 0 1
11 2748272 0 0
11 2740314 0 0
11 2479390 0 0
11 2845787 0 1
11 3414433 0 0
11 3310741 0 0
11 3707756 0 1
11 3113988 0 0
11 2518543 0 0
11 3481696 0 0
11 3875121 0 1
11 3389850 0 1
11 2957012 0 0
11 2784337 0 1
11 3677011 2 1
11 3843570 0 1
11 3531528 0 0
11 3412247 0 1
11 3005322 0 1
11 3461616 0 0
11 3543951 2 1
11 3482998 0 1
11 2361073 0 0
11 3689473 0 1
11 3154489 1 1
11 3622346 0 1
11 3177587 0 1
11 3809202 0 1
11 2874294 0 0
11 201027 0 0
12 3878497 0 0
12 317472 0 1
12 3259377 0 0
12 3616310 2 0
12 2474575 0 0
12 2566555 0 0
12 3661127 0 0
12 2655275 2 1
12 2671752 0 1
12 3821125 0 0
12 2840221 0 1
12 3516941 0 0
12 3872718 0 1
12 2677290 0 0
12 2704528 1 1
12 3594201 0 0
12 3833587 0 0
12 3833586 0 0
12 2442988 0 0
12 3288929 1 0
12 3350179 2 1
12 3498191 0 1
12 2051315 0 0
12 3737091 0 0
12 2706955 0 0
12 2825062 0 0
12 3173845 0 0
12 3385048 0 0
12 3581117 0 0
12 2886215 0 1
12 3814812 0 1
12 2119654 0 1
12 2899790 0 0
12 3895824 0 1
12 3607857 0 0
12 3649223 0 0
12 3870306 0 0
12 2442731 0 1
12 3168015 0 1
12 3800659 0 1
12 2231384 0 1
12 2459162 0 1
12 2794498 0 0
12 2981853 0 0
12 3229979 0 1
12 2051304 0 0
12 2459161 0 1
12 3884958 0 0
12 3392820 0 0
12 2671776 0 0
12 3123554 0 0
12 3286731 0 0
12 2773524 0 0
12 3420105 0 1
12 2581734 0 1
12 270035 0 0
12 3047951 0 1
12 2582825 0 0
12 2898675 0 0
12 2940090 0 0
12 1280924 1 1
12 3603019 0 1
12 3719213 0 0
12 101408 1 0
12 3331876 0 0
12 3010678 2 1
12 2763723 0 1
12 3262772 0 1
12 3295699 0 1
12 3830293 2 0
12 3533064 0 1
12 3743326 0 0
12 3830294 2 1
12 3697308 0 1
12 3389891 0 0
12 3830296 2 1
12 3420572 0 1
12 3639643 0 0
12 2430548 0 0
12 3123561 2 1
12 3021339 0 0
12 2270726 1 1
12 3021335 0 0
12 3185826 0 1
12 3214675 0 1
12 3514797 2 1
12 2601877 0 0
12 2781135 0 1
12 3304289 0 0
12 2636788 0 1
12 3185832 0 0
12 3625010 1 1
12 3785158 0 0
12 3355839 0 0
12 1526432 0 0
12 3135775 0 0
12 3262542 0 1
12 1574306 0 0
12 2862044 0 0
12 3271490 0 0
12 3392826 0 0
12 3443277 0 0
12 1808067 0 1
12 1913060 0 1
12 2722395 0 0
12 3151601 0 0
12 2131349 0 0
12 2591715 0 0
12 2988055 0 0
12 3663347 0 0
12 3391993 0 0
12 1570363 0 1
12 3355823 0 1
12 3626556 1 1
12 3541951 0 0
12 2871176 0 0
12 2898655 0 1
12 2662840 0 1
12 3171844 0 0
12 3565923 0 1
12 3573786 0 1
12 3166263 2 1
12 3614336 1 1
12 3683194 0 1
12 3200025 0 0
12 3683195 0 1
12 3893611 0 1
12 2107009 0 1
12 3636594 0 0
12 1592148 0 0
12 3464130 0 1
12 2374535 0 1
12 2989378 1 0
12 3179587 0 1
12 1592146 0 0
12 3673382 0 0
12 2589889 0 0
12 3513008 2 1
12 3134260 2 1
12 3584661 0 0
12 3784280 0 0
12 3398387 0 0
12 3888267 0 0
12 3655975 0 0
12 3674474 0 1
12 2871168 0 0
12 3137776 0 0
12 2442939 0 0
12 2584194 0 1
12 1794626 0 0
12 3637209 0 1
12 3810492 0 0
12 3420387 0 1
12 3634162 0 0
12 137602 0 0
12 2950931 0 0
12 3784272 0 1
12 3008796 0 0
12 3192333 0 1
12 3674021 0 1
12 3342720 2 1
12 3012806 0 0
12 420464 0 1
12 2839497 0 0
12 2887530 0 1
12 3444313 0 1
12 3565903 2 1
12 3400302 0 0
12 3445650 0 0
12 2655082 0 0
12 3847761 0 1
12 3814638 0 0
12 2655088 0 1
12 2865758 0 1
12 3699771 0 0
12 3892531 0 0
12 1082216 0 1
12 2921143 0 1
12 1082454 0 0
12 3116839 0 1
12 3138848 0 1
12 3391799 0 1
12 3884539 0 0
12 3669007 0 0
12 2106505 0 1
12 3253436 0 0
12 3161209 0 1
12 3606595 0 0
12 3884536 0 0
12 2892075 0 0
12 2918785 0 0
12 3478744 0 1
12 3884776 0 1
12 3524733 0 1
12 421736 0 0
12 2708288 0 0
12 3159139 0 0
12 2686852 1 1
12 3342939 0 0
12 1240291 0 0
12 3874977 0 0
12 2583982 2 1
12 3682695 0 0
12 3640010 0 0
12 3534522 0 1
12 3506073 2 1
12 3080591 0 0
12 2788899 0 0
12 3891068 0 1
12 3114477 0 1
12 2848334 0 0
12 2909497 0 0
12 1779609 0 0
12 2967728 0 0
12 3036630 0 0
12 3123184 0 0
12 3619438 0 0
12 2701432 0 1
12 3253696 0 1
12 2048992 0 0
12 2920889 0 0
12 3169192 0 0
12 3415156 0 0
12 2771987 0 1
12 3016819 0 0
12 3475014 2 0
12 2137468 0 0
12 1079885 0 1
12 3304211 0 0
12 2710383 0 0
12 2931786 0 2
12 3484178 0 0
12 3777131 0 0
12 3672687 0 1
12 3011126 0 0
12 1081972 0 0
12 3038601 0 1
12 3443665 0 0
12 3556783 0 0
12 3198743 0 0
12 1513521 1 0
12 2766380 0 1
12 1475384 0 0
12 3452149 0 0
12 2797382 0 0
12 3253683 0 0
12 2954407 0 0
12 3158073 0 0
12 2544356 0 0
12 2360509 0 0
12 3544335 0 0
12 2824125 0 0
12 2931779 0 0
12 3698800 0 0
12 2570219 0 1
12 3405355 0 1
12 3004609 0 0
12 2799322 0 0
12 3010283 0 1
12 3723322 0 1
12 3129759 0 0
12 3701789 0 0
12 2448089 0 0
12 2001646 0 0
12 3149125 0 0
12 2771960 0 0
12 3012871 0 0
12 1431557 1 1
12 2531092 0 0
12 3358252 0 0
12 3862309 0 1
12 3107963 0 0
12 2910863 0 0
12 2780671 0 1
12 3418485 0 1
12 3551905 0 0
12 2607302 0 0
12 3551908 0 0
12 3699701 0 0
12 3891274 0 0
12 3611905 0 0
12 1931585 0 0
12 3699944 0 0
12 3852502 0 1
12 2814377 0 1
12 3836014 1 1
12 3555032 0 0
12 3334052 0 1
12 3616128 0 1
12 3153853 0 0
12 2324038 0 0
12 3102266 0 0
12 3760927 0 1
12 3022201 0 0
12 3253469 0 0
12 3420799 2 1
12 3107954 0 1
12 2780663 0 0
12 3349544 1 0
12 3384835 0 0
12 3107955 0 1
12 3588185 0 0
12 3781850 0 1
12 3196738 0 0
12 3104441 1 1
12 1241194 0 0
12 3304628 0 0
12 3841606 0 0
12 3860107 0 1
12 2859224 0 0
12 3345157 0 0
12 3472188 0 0
12 2699702 0 0
12 3677931 0 1
12 3570899 0 0
12 2140401 0 0
12 2929498 0 0
12 3817996 0 1
12 2732131 0 1
12 2591340 0 0
12 3603053 0 0
12 2409534 0 0
12 3086081 0 0
12 2702727 0 0
12 2533017 0 1
12 509285 0 1
12 3559868 0 1
12 1435923 0 1
12 3680092 2 0
12 3296170 0 0
12 3392233 0 0
12 3684219 0 1
12 3047980 0 0
12 3369119 0 0
12 3159123 0 1
12 3603049 0 1
12 3603048 2 1
12 2120825 1 1
12 3261098 0 1
12 3521277 0 0
12 2778562 2 0
12 3510393 0 0
12 3183691 0 0
12 3465886 0 0
12 3835396 0 1
12 3183692 0 1
12 3359316 0 0
12 2915794 1 1
12 2778437 0 0
12 2957192 0 0
12 2837854 0 0
12 3875420 0 1
12 3506220 0 0
12 3015423 0 0
12 3704734 0 0
12 3533608 0 1
12 2695167 0 1
12 3415690 0 0
12 3617081 2 0
12 2844387 0 0
12 2654867 0 1
12 3592823 0 1
12 3757265 0 0
12 2725902 0 0
12 3598369 0 1
12 3040617 0 0
12 3461353 0 1
12 3037213 0 0
12 3073793 0 1
12 3253150 0 0
12 3658639 0 1
12 3706908 0 0
12 2856385 0 1
12 1971834 0 0
12 2976719 0 0
12 3439671 0 0
12 2981050 0 0
12 3199411 0 1
12 3361852 0 0
12 2672273 0 0
12 3189619 0 0
12 3815348 0 0
12 2940748 0 0
12 2730001 0 0
12 2900049 0 0
12 3668202 0 0
12 3367152 0 0
12 3782469 0 0
12 3538043 0 0
12 2615355 0 0
12 3767059 0 0
12 3806669 0 0
12 3317928 0 0
12 3349957 0 0
12 3805571 0 0
12 3002376 0 0
12 3737208 0 1
12 3116469 0 0
12 3762605 0 0
12 2699981 0 1
12 3004556 0 0
12 2740289 0 1
12 2390549 0 1
12 3576556 0 0
12 3840308 0 0
12 1180834 0 0
12 3149144 0 0
12 3059469 0 0
12 3427890 0 1
12 3665183 0 0
12 3492086 0 1
12 2778404 0 0
12 3599242 0 1
12 3809926 0 0
12 3639089 0 0
12 2615347 0 0
12 2778406 0 0
12 3693641 2 1
12 3678013 0 1
12 3759459 0 1
12 2734629 1 0
12 3323356 0 0
12 2631537 0 0
12 2740298 0 0
12 2803838 0 0
12 3576303 0 0
12 3702521 0 0
12 3748329 0 0
12 1322287 1 1
12 3546917 0 0
12 3726797 0 1
12 2778877 0 0
12 3720184 0 0
12 2905706 0 0
12 3154793 0 1
12 3773959 2 1
12 3085970 0 1
12 3440849 0 0
12 3541273 0 1
12 2804733 0 0
12 2914024 0 0
12 2589194 2 1
12 3024570 0 0
12 1278477 1 1
12 2697383 0 0
12 3816240 0 0
12 3820517 0 1
12 3461311 0 1
12 3198526 2 2
12 2799065 0 0
12 3832747 0 1
12 3013214 0 0
12 3071317 0 0
12 2732626 0 0
12 3266281 0 0
12 117131 0 0
12 2848777 0 1
12 3000387 0 0
12 2877029 2 0
12 2515310 0 1
12 2791100 0 0
12 3129124 2 2
12 3689161 2 1
12 2994162 0 0
12 3129120 0 0
12 3722376 0 0
12 3099514 0 1
12 3762832 0 0
12 3512969 0 1
12 3577440 0 0
12 3307080 0 0
12 2984352 0 1
12 3871041 2 1
12 2856356 0 0
12 3173017 0 0
12 3325746 0 0
12 3807791 0 0
12 2606836 0 0
12 2825652 0 0
12 3885443 0 0
12 3866722 0 1
12 2114541 0 0
12 3081355 0 1
12 3519113 0 0
12 3562182 0 0
12 2698210 0 1
12 3028965 0 0
12 2632656 0 0
12 3651826 0 0
12 2169226 0 0
12 3817352 0 1
12 3307071 0 0
12 2959163 0 0
12 3579854 0 0
12 2667505 0 0
12 3608321 0 1
12 3849380 0 0
12 3016743 0 1
12 3283830 0 1
12 2527784 2 1
12 3325736 0 0
12 3437471 0 0
12 3138041 0 0
12 2527786 0 1
12 3483333 0 1
12 2595654 2 1
12 1280346 0 1
12 1637335 1 0
12 3108663 0 0
12 3541269 0 0
12 2695194 0 0
12 3039604 0 0
12 3313757 0 1
12 1280340 0 1
12 3599447 0 0
12 2718110 0 1
12 2983018 0 0
12 2901793 0 0
12 3854323 0 0
12 2804093 0 0
12 2063131 0 1
12 3475913 0 0
12 3156535 1 1
12 3560387 0 0
12 3775530 0 0
12 3121437 0 0
12 2606813 0 0
12 1082484 0 0
12 1553435 0 0
12 2744824 0 1
12 3110300 0 0
12 3152170 0 0
12 3395361 0 1
12 1824720 0 0
12 3785345 0 1
12 2696099 0 0
12 3269106 0 1
12 3517753 0 0
12 3181743 0 0
12 3302814 0 0
12 3181741 0 1
12 2906431 0 1
12 3108690 1 1
12 3110305 0 0
12 3504208 2 0
12 2778823 0 0
12 3255166 0 0
12 3404967 0 0
12 3152169 0 0
12 3222261 0 0
12 2323541 0 0
12 3463916 0 1
12 3581073 0 0
12 2875042 0 1
12 3041782 2 1
12 3389924 0 0
12 3604621 0 0
12 2246475 0 0
12 3271428 0 1
12 3374430 0 0
12 2292164 0 0
12 3760297 0 0
12 2613589 0 0
12 1820598 0 0
12 2945353 0 0
12 1082236 0 0
12 3169863 2 1
12 2923106 0 0
12 3797792 0 0
12 3169862 2 1
12 3573452 0 1
12 3637529 0 0
12 2666465 0 1
12 3088862 0 0
12 3206663 0 0
12 2448585 0 0
12 3517538 0 0
12 3552986 0 0
12 1097758 0 0
12 1913587 1 1
12 2008538 0 1
12 2909929 0 1
12 3551415 0 1
12 3266295 0 1
12 3411470 0 0
12 3374442 0 0
12 3786656 0 0
12 2877018 0 1
12 503388 0 0
12 2493599 0 0
12 2577631 0 0
12 2644670 0 0
12 2644671 0 0
12 3169870 0 1
12 3129130 0 1
12 3471321 0 0
12 3503382 0 0
12 2855478 0 0
12 3181746 0 1
12 3181745 0 0
12 2643119 0 1
12 3156502 0 0
12 3877471 0 1
12 3156500 0 0
12 2822744 0 0
12 3668629 0 0
12 3581297 0 0
12 3194819 0 0
12 1386697 0 0
12 3094680 0 1
12 3176170 0 0
12 3246474 2 1
12 3267159 0 0
12 3475918 0 1
12 2363103 0 0
12 3614649 0 0
12 3659911 2 1
12 1796865 0 1
12 3039006 0 1
12 2772253 0 0
12 3018974 2 0
12 3037490 0 0
12 3712165 0 1
12 3679774 0 1
12 3492211 0 0
12 3533803 0 0
12 2008955 0 0
12 3600204 1 1
12 1064855 0 0
12 1064854 0 0
12 3866343 0 0
12 3293012 0 1
12 3715679 0 0
12 3397348 0 1
12 3669720 0 1
12 3726322 0 0
12 3634224 0 0
12 3356874 0 0
12 3447641 0 0
12 3691409 0 0
12 3145670 0 0
12 2671821 0 0
12 3195095 0 0
12 2671824 0 0
12 2703243 0 1
12 3806272 0 0
12 3053748 0 0
12 2913104 0 0
12 3621157 0 0
12 3699154 0 1
12 1351167 0 0
12 3806032 0 1
12 3214491 0 0
12 3761349 2 1
12 2765956 0 1
12 3114951 0 0
12 1082270 0 0
12 3031940 1 1
12 2803816 0 1
12 3311713 0 0
12 3259560 0 1
12 3451906 0 0
12 2903590 0 0
12 3072018 0 1
12 3632039 2 1
12 3705694 0 0
12 3705697 0 0
12 2925323 0 0
12 3015243 0 0
12 3551696 0 0
12 1190205 0 0
12 3088825 0 0
12 3678223 0 0
12 3341595 0 0
12 3738335 0 0
12 3660934 0 0
12 3005680 0 1
12 2946273 0 1
12 3274710 0 1
12 1824744 0 0
12 2759016 0 0
12 3634203 0 1
12 3113834 2 1
12 3830374 0 1
12 3015242 0 0
12 3205776 0 0
12 3202494 0 1
12 3877430 0 0
12 3041762 0 1
12 3728538 0 0
12 3821431 0 1
12 3494865 2 1
12 2488197 0 0
12 2578937 0 0
12 1281279 1 1
12 3877437 0 1
12 3331563 0 0
12 3854332 0 1
12 3093954 0 0
12 3093953 0 0
12 3120183 0 0
12 3744751 0 0
12 2235876 0 0
12 3682189 0 0
12 3721877 0 0
12 3148996 0 1
12 3234199 0 1
12 3551833 0 0
12 3808267 0 1
12 3040186 0 1
12 3126727 0 0
12 2685802 0 0
12 2738416 0 0
12 1891284 0 0
12 3034985 0 0
12 3444218 0 0
12 3299954 0 0
12 3546249 0 1
12 2577576 0 1
12 3446879 0 0
12 2848064 0 0
12 1081434 0 0
12 3435508 0 0
12 3709746 0 0
12 2740505 0 0
12 1936270 0 0
12 1904206 0 0
12 2848063 0 1
12 3390993 0 0
12 3789890 0 1
12 1458326 0 0
12 3095901 2 1
12 3800771 0 0
12 1891296 0 0
12 2841669 0 0
12 2954349 0 0
12 2910551 0 0
12 2936925 0 1
12 3019591 0 0
12 3630971 0 0
12 3379727 0 0
12 3593485 0 0
12 3630972 0 1
12 3858754 0 1
12 3630973 0 0
12 2374608 0 1
12 3352226 2 0
12 3378636 0 0
12 3558475 0 1
12 2946722 0 1
12 3719331 0 0
12 3857899 0 0
12 3019368 0 0
12 2759339 0 0
12 2246306 0 0
12 3276811 0 0
12 3775236 0 0
12 3719335 0 1
12 1240799 0 0
12 3581462 0 0
12 3630965 0 0
12 2735164 0 0
12 3630968 0 0
12 1502130 0 1
12 1036607 0 0
12 3811697 2 1
12 3489588 0 0
12 2798987 0 0
12 3480777 0 0
12 3354872 0 1
12 3591075 0 0
12 2922302 0 0
12 3056753 0 0
12 3617989 0 1
12 3745863 2 1
12 3047826 0 0
12 3666967 0 0
12 1781429 0 1
12 2235887 0 0
12 2496697 0 0
12 2656493 0 0
12 3123207 0 0
12 3821232 0 0
12 2694981 0 0
12 2804009 0 0
12 3364667 0 1
12 3470992 0 1
12 3079865 2 1
12 3134320 2 1
12 3350023 0 0
12 3354865 2 1
12 3376477 0 0
12 3870206 0 1
12 3133471 0 1
12 2515091 0 0
12 2877889 0 0
12 3630958 0 0
12 1044218 0 0
12 3654500 0 0
12 3487176 0 0
12 2925820 0 0
12 3596771 0 0
12 3579131 0 1
12 3488028 0 1
12 3630950 0 0
12 1459875 0 1
12 1283094 0 0
12 2988177 0 0
12 3878577 0 0
12 3878574 0 0
12 3359068 0 0
12 3181779 0 1
12 3881989 0 1
12 2565389 0 0
12 3714068 0 0
12 3787684 0 0
12 2639700 0 0
12 3183716 0 0
12 3250004 0 1
12 1318453 0 0
12 3086146 0 1
12 3250009 0 0
12 3751004 0 0
12 2839153 0 0
12 3055886 0 0
12 3354857 2 1
12 2644292 0 0
12 3808072 0 0
12 3445505 0 0
12 3710947 0 1
12 3202567 0 0
12 3034940 1 1
12 3052371 0 0
12 2129145 0 1
12 3114308 0 1
12 3677638 0 0
12 2129146 0 0
12 2684510 0 0
12 3181781 0 1
12 3203411 0 1
12 3389324 0 1
12 3634295 0 1
12 1082308 0 0
12 1513065 1 1
12 3560598 0 0
12 3796388 0 1
12 1481527 0 1
12 3716018 0 0
12 3452044 0 0
12 3117824 0 0
12 3625597 0 1
12 3263571 0 0
12 3630934 0 0
12 2686945 0 0
12 3114794 0 0
12 2881080 0 0
12 3078758 0 0
12 2074728 0 0
12 3354841 2 1
12 3617978 0 0
12 2517059 0 1
12 3775439 0 0
12 2886329 0 0
12 2924526 0 0
12 3504423 0 0
12 3757807 0 0
12 3286657 0 0
12 3500067 0 1
12 2515902 0 0
12 2829574 0 1
12 3500066 0 0
12 3775673 0 1
12 3539526 2 1
12 2002479 0 0
12 3155069 0 0
12 3089877 0 0
12 3398294 0 0
12 3633191 0 1
12 3625569 2 1
12 2635364 0 1
12 3490768 0 0
12 1082581 0 0
12 3354836 0 1
12 3677894 0 0
12 3630927 0 1
12 2386412 0 0
12 3833481 0 1
12 3429077 0 0
12 3729338 0 1
12 2755175 0 0
12 3241316 0 0
12 1140938 2 0
12 3063496 0 0
12 3562519 0 1
12 3339687 0 0
12 3500071 0 1
12 2771894 0 0
12 3560336 0 1
12 1241693 0 0
12 2888977 0 0
12 2844957 0 0
12 3250018 0 0
12 1934901 0 0
12 3099090 0 0
12 3106924 0 0
12 3381866 0 1
12 2769332 0 0
12 3193771 0 0
12 3418177 0 0
12 3434888 0 0
12 3653694 0 0
12 442129 0 0
12 3656961 0 0
12 3704060 0 0
12 1920505 0 1
12 3469964 0 0
12 3686593 0 0
12 1920530 0 1
12 2799413 1 0
12 2646039 0 1
12 3701621 0 0
12 3012794 0 0
12 2827530 0 0
12 3555358 0 0
12 3769411 0 0
12 3387179 0 1
12 3662738 0 0
12 2859363 0 0
12 3620771 0 0
12 3141718 2 0
12 3847236 0 1
12 1156915 0 1
12 3794857 0 0
12 2605048 0 0
12 3280928 0 0
12 2075484 0 0
12 3408995 0 1
12 1310932 0 0
12 2779365 0 0
12 3531381 0 1
12 2630939 0 0
12 3746778 0 0
12 2966747 0 1
12 2845191 0 0
12 2449089 0 0
12 3576286 0 0
12 2746452 1 1
12 3479947 0 1
12 1266310 0 0
12 3125002 0 1
12 3651609 1 1
12 3606484 0 0
12 3658246 0 0
12 3599184 0 0
12 2611960 0 1
12 3507042 0 0
12 3409617 0 0
12 2137114 0 1
12 2990843 0 0
12 2138688 1 1
12 2769310 0 1
12 3830807 0 0
12 3380548 0 1
12 3698700 0 0
12 2876930 0 1
12 3490518 0 0
12 3298212 0 0
12 3760618 0 0
12 2475390 0 1
12 3806915 0 0
12 2628152 0 0
12 3393611 0 1
12 3350446 0 0
12 1308850 0 1
12 2814228 0 1
12 3501502 0 0
12 111192 0 1
12 3616015 0 0
12 3658496 0 1
12 3683210 2 1
12 3149667 0 0
12 3208044 0 1
12 2266752 0 0
12 2233879 0 0
12 3452015 0 0
12 3172481 0 0
12 3194035 0 1
12 2770539 0 1
12 2952111 0 0
12 2933607 0 0
12 3166801 0 0
12 3306758 0 0
12 3369045 0 0
12 3265521 0 0
12 2071408 0 0
12 3806705 0 0
12 3184472 0 0
12 3395822 0 0
12 1310917 0 1
12 2604173 0 1
12 3767220 0 0
12 3576262 0 1
12 3197536 0 1
12 3500670 0 0
12 3554259 0 0
12 3721020 0 0
12 3255500 0 1
12 2764080 0 0
12 2862322 0 0
12 149366 0 0
12 2195487 0 0
12 3430894 0 0
12 3044151 0 0
12 3001690 0 1
12 3692151 0 1
12 1877811 0 1
12 2686727 0 0
12 3542033 2 1
12 2137331 0 1
12 3296495 0 1
12 3875976 0 1
12 1308833 1 1
12 2938291 0 0
12 3746308 0 0
12 3177938 0 0
12 3314368 0 0
12 1310906 0 1
12 3022319 0 0
12 2275290 0 0
12 2721583 0 0
12 3717171 0 1
12 3523562 0 0
12 3099222 0 0
12 3875906 0 1
12 419502 0 1
12 3892002 0 0
12 1266361 0 1
12 2653618 0 1
12 3241378 0 0
12 3131723 0 1
12 1779517 0 0
12 3859016 0 1
12 2164952 0 0
12 3169497 0 1
12 2449046 0 0
12 2662791 0 0
12 3153734 0 0
12 3721687 0 0
12 3172432 0 0
12 3766596 0 1
12 1082702 0 0
12 2106438 0 1
12 3277335 0 0
12 137315 0 0
12 2730288 0 0
12 1151653 2 0
12 3683226 0 1
12 3683229 2 1
12 2228297 0 1
12 3137251 0 1
12 2951033 1 0
12 3649145 0 0
12 3650563 0 1
12 2975263 0 0
12 3303894 2 0
12 3485136 0 1
12 3875919 0 0
12 2872772 0 0
12 3219385 0 0
12 3266203 0 0
12 3779421 0 0
12 1088011 0 0
12 3850435 0 0
12 2818622 0 0
12 1044278 0 0
12 1044276 0 0
12 1382235 2 1
12 2907398 0 1
12 3090422 0 0
12 3555377 0 0
12 2941260 0 0
12 3643833 2 1
12 3363700 2 0
12 3654930 0 1
12 3857291 0 0
12 2987228 0 0
12 1036648 0 0
12 3079672 0 0
12 3088380 0 0
12 2106896 0 0
12 2430229 0 0
12 2990862 0 1
12 3853920 0 0
12 2695234 0 0
12 3508199 2 1
12 126221 0 0
12 2951059 0 0
12 3230027 2 1
12 2195689 0 1
12 3235715 0 0
12 3593621 0 0
12 3407696 0 1
12 3631608 0 1
12 3184426 0 0
12 3459094 0 0
12 3851743 0 0
12 2799007 0 0
12 2799006 0 0
12 2876916 0 0
12 3093952 0 0
12 3503988 0 0
12 2063095 0 0
12 2186939 1 0
12 3395639 0 0
12 2778557 0 0
12 3449108 0 0
12 2642755 0 1
12 3626918 0 0
12 2678702 0 0
12 2882548 0 0
12 2999703 0 1
12 3541592 0 1
12 2821386 0 0
12 3245898 0 0
12 3592941 0 1
12 3263087 0 0
12 3459383 0 0
12 2893208 0 1
12 3841539 0 0
12 3700251 0 0
12 3132857 0 1
12 3546804 0 0
12 2515643 0 1
12 3637811 2 1
12 3579950 0 0
12 2858205 0 0
12 3058042 0 0
12 3403117 0 0
12 3369454 0 0
12 1291371 0 0
12 3061212 0 0
12 3109817 2 1
12 1036297 0 0
12 3584060 0 0
12 2768506 1 1
12 3071480 0 1
12 3584061 0 0
12 2707362 0 0
12 3464733 0 1
12 2821392 1 1
12 3610349 0 1
12 2567071 0 0
12 3162275 0 1
12 3338975 0 1
12 2938572 0 0
12 3079190 0 1
12 2992059 0 0
12 3667008 0 0
12 3793460 0 0
12 3015326 0 1
12 3554649 0 0
12 2803947 0 0
12 416451 0 0
12 3412048 0 0
12 3442737 0 0
12 3459167 0 1
12 2903665 0 0
12 2745856 0 0
12 140013 0 1
12 2768736 0 0
12 3441641 0 0
12 3760308 0 0
12 1257438 0 0
12 2778773 0 0
12 3817673 0 0
12 2642770 0 0
12 3523946 0 0
12 3277472 0 0
12 3395409 0 1
12 3704827 0 0
12 3700468 0 0
12 3452309 0 1
12 2882550 2 1
12 2995798 0 0
12 3553566 0 0
12 2640368 0 0
12 3075814 2 1
12 1568437 0 0
12 2640128 0 0
12 3452306 0 0
12 2740174 0 0
12 3052714 0 0
12 3608003 2 0
12 3653097 0 0
12 3781234 0 1
12 3813060 0 0
12 2701605 0 0
12 2363069 0 0
12 2949698 0 1
12 3667012 0 0
12 2626597 0 1
12 2627200 0 0
12 1198244 0 1
12 3015981 0 0
12 3451623 0 1
12 3212801 2 1
12 3659881 0 1
12 3420725 0 1
12 1968591 0 0
12 3469390 0 1
12 1574295 0 1
12 1852684 0 0
12 2410024 0 0
12 1852683 0 1
12 3564274 0 0
12 2113352 0 0
12 3485400 0 0
12 3636929 0 0
12 3271500 0 1
12 2602377 0 1
12 3519218 0 0
12 3611628 0 0
12 3141367 0 1
12 3334324 0 0
12 3338923 0 0
12 2453151 0 0
12 3539069 0 0
12 2010760 0 1
12 2595767 0 0
12 2579285 0 1
12 3282643 0 0
12 3553143 0 0
12 1241914 0 1
12 3307175 0 0
12 3529252 0 0
12 3434068 0 0
12 3225857 0 0
12 2654533 0 0
12 3539052 0 0
12 3265077 0 0
12 3633408 0 1
12 3670672 0 1
12 2741486 1 1
12 3140027 2 1
12 3543348 0 0
12 3290258 2 1
12 3342194 0 0
12 3542016 0 0
12 2815756 0 0
12 3666183 0 1
12 1180708 0 1
12 1269460 2 0
12 2665694 0 0
12 1828150 0 0
12 3332360 0 1
12 3805018 0 0
12 3198670 0 0
12 3151380 0 0
12 3474762 0 1
12 539298 0 0
12 2584645 2 1
12 3439763 0 0
12 3656393 0 1
12 3139263 0 0
12 3026661 0 0
12 3166607 0 0
12 3518144 0 0
12 3069581 0 1
12 3671552 0 0
12 2740122 0 1
12 3681116 0 1
12 3026668 0 0
12 3459360 0 0
12 2822250 0 0
12 3224772 2 1
12 2809295 0 0
12 1269452 1 0
12 2845130 0 0
12 3425150 2 1
12 3821706 0 0
12 3038640 0 0
12 3485864 2 1
12 3827496 0 0
12 3674809 0 0
12 3746222 0 1
12 3641488 0 1
12 1968325 0 0
12 1081913 0 0
12 3746221 0 0
12 547901 0 1
12 2990901 0 0
12 3866836 0 0
12 2225083 0 0
12 2990903 0 0
12 3588689 0 0
12 3256118 2 1
12 3481032 0 1
12 3162256 0 1
12 3246797 0 0
12 3681107 0 1
12 3759770 0 1
12 2740136 0 0
12 3139259 0 0
12 2721631 0 0
12 1459154 0 1
12 3746228 2 1
12 3747317 0 1
12 535935 0 1
12 544880 0 1
12 1142208 0 0
12 2640164 0 0
12 3522407 0 1
12 1566624 0 0
12 2664141 0 0
12 3833507 0 0
12 2855566 0 1
12 3503476 0 0
12 3182944 0 1
12 3419093 0 1
12 3088527 0 0
12 3750355 0 0
12 2222163 0 0
12 2820214 0 0
12 2783065 0 1
12 2868875 0 1
12 3395243 0 0
12 3462968 0 0
12 1934376 0 0
12 3191413 0 0
12 2718885 0 1
12 3658914 0 0
12 3892961 0 0
12 1459125 0 0
12 3180518 0 1
12 3799612 1 0
12 3425768 2 1
12 3179308 0 0
12 3736045 0 1
12 2915601 0 0
12 3569078 0 0
12 3811707 0 1
12 2718899 0 0
12 2890340 0 0
12 2599756 0 1
12 3786788 0 1
12 1501099 0 0
12 3787631 0 0
12 3471418 0 0
12 3337801 2 1
12 3639829 0 0
12 3062110 0 0
12 3829227 0 0
12 3425758 2 0
12 2957696 0 0
12 3088749 0 0
12 3250620 0 1
12 3192772 0 1
12 3828374 0 1
12 3040363 0 0
12 3530639 0 0
12 1192793 0 0
12 1241916 0 0
12 3537269 0 1
12 3616937 0 0
12 2790183 0 0
12 3401781 2 1
12 3815095 0 0
12 3599992 0 1
12 3292461 0 1
12 2096525 0 0
12 3665239 0 1
12 3718650 0 1
12 2827067 0 1
12 3171842 0 0
12 3600137 0 0
12 3585772 0 0
12 3518994 0 0
12 2978397 0 1
12 3397674 0 1
12 3573553 0 1
12 3573796 0 0
12 3764754 0 0
12 2742518 0 1
12 2700089 1 1
12 3405969 0 0
12 3776709 0 0
12 3177794 0 0
12 3239842 0 0
12 3691770 0 0
12 3807010 0 1
12 3493664 0 0
12 3750312 0 0
12 3388746 0 0
12 3342103 0 0
12 2817086 0 0
12 2944192 0 0
12 2275736 0 0
12 3397225 0 0
12 3830271 0 1
12 2212391 0 1
12 3599931 0 0
12 3830272 0 0
12 3666332 0 1
12 3093001 0 0
12 3830275 0 1
12 3358934 0 1
12 3376766 0 0
12 3507637 0 0
12 3633019 0 1
12 1971355 0 1
12 3833555 0 0
12 3665256 2 0
12 2481478 0 1
12 3320546 0 0
12 1036094 0 0
12 2846639 0 1
12 2876696 0 0
12 3690671 0 1
12 3343686 0 1
12 3388756 0 1
12 3294213 0 1
12 2820022 0 0
12 2254805 0 0
12 2275726 0 1
12 3869914 0 0
12 3131398 0 0
12 2820261 0 0
12 3246134 0 0
12 2031877 0 0
12 2796754 0 0
12 2141166 0 0
12 3706423 0 0
12 3833552 0 0
12 3853387 0 0
12 3402678 0 0
12 3527266 0 0
12 3610110 0 0
12 3657880 0 1
12 3402675 1 0
12 2118195 0 1
12 3749100 1 1
12 3144459 0 0
12 3750332 0 0
12 3282451 0 0
12 3342322 0 0
12 3600347 0 0
12 3321662 0 0
12 3005322 0 0
12 1087878 0 1
12 3008836 0 0
12 2386135 0 1
12 2668561 0 0
12 2878669 0 0
12 3355641 0 0
12 2124872 0 0
12 2904791 0 1
12 1216327 0 0
12 2904792 0 0
12 3597776 0 0
12 1215478 0 0
12 2596461 0 1
12 3698162 0 0
12 3622109 0 0
12 3412231 0 0
12 3750564 0 0
12 3750324 0 0
12 3049121 0 0
12 3843569 0 1
12 3412238 0 1
12 2866686 0 1
12 3375463 0 0
12 3409072 0 1
12 1033801 0 0
12 1084359 1 1
12 3016220 0 0
12 2889780 0 1
12 1084355 0 0
13 2768196 0 0
13 3620812 0 0
13 2671519 1 0
13 3259378 2 1
13 3342549 0 1
13 2211302 2 1
13 2885379 0 0
13 3146216 0 0
13 3502781 0 1
13 2783103 0 1
13 2811908 1 1
13 3249330 0 1
13 3560661 0 0
13 2416449 0 0
13 2693784 1 1
13 2769286 0 1
13 1240457 0 0
13 3342544 0 0
13 3749082 0 1
13 3785180 0 0
13 2415356 0 1
13 3872715 0 1
13 2442985 0 1
13 3674684 0 1
13 3030025 0 1
13 3625026 0 1
13 3356715 0 1
13 3183644 0 1
13 2738535 0 0
13 1082643 0 1
13 2883193 0 1
13 3355865 0 0
13 2396988 0 0
13 2794492 0 0
13 3174930 0 1
13 2707806 0 0
13 2991652 0 1
13 3346912 0 0
13 1617112 1 1
13 2614952 0 1
13 3431006 0 1
13 3614381 0 1
13 2599233 0 0
13 3567050 0 1
13 3686659 0 0
13 2955317 0 0
13 2991659 0 0
13 3304264 0 1
13 3672254 0 1
13 2222671 0 0
13 3210092 0 0
13 2518220 0 0
13 3549408 0 0
13 3214451 0 0
13 3524325 0 1
13 3436728 2 1
13 3653519 0 0
13 3227318 0 1
13 2707801 0 1
13 3348093 0 0
13 2794498 0 1
13 3174928 0 1
13 3503648 0 0
13 2440557 0 1
13 3871630 0 0
13 2989320 0 1
13 3401823 0 1
13 3617864 0 1
13 3366730 0 0
13 2702364 0 0
13 3090107 0 0
13 3611086 1 1
13 3685359 0 0
13 2886248 0 1
13 3480649 0 0
13 1112595 0 0
13 1112598 0 0
13 2991647 0 1
13 2655298 0 1
13 2991648 0 1
13 3364559 0 0
13 2841777 0 0
13 3075397 0 0
13 3114601 0 1
13 3867333 0 1
13 1033696 0 0
13 2384313 0 0
13 2760696 0 0
13 2841772 0 0
13 3162723 0 0
13 3350152 0 1
13 3135543 0 0
13 3030041 0 1
13 3259395 0 1
13 2707811 0 0
13 2908797 0 1
13 3113998 0 1
13 3180395 0 0
13 3364540 0 1
13 1065094 1 1
13 3023754 0 1
13 3431467 0 0
13 3565096 0 0
13 3040077 0 1
13 1821020 0 1
13 2140058 0 1
13 3030038 0 1
13 3457672 0 0
13 3030037 0 1
13 2934405 0 0
13 2612756 1 1
13 3785158 0 0
13 2789929 2 1
13 3259385 1 1
13 3017073 0 1
13 3488388 1 1
13 2646345 0 1
13 3317599 0 0
13 2908785 0 0
13 1241586 0 0
13 3663347 0 0
13 2811945 0 0
13 3371908 0 0
13 3463052 0 1
13 2424031 0 0
13 3562643 0 1
13 3379870 0 1
13 3750274 0 1
13 3846223 0 1
13 3656814 0 1
13 3136699 0 0
13 1044568 0 0
13 2629172 0 0
13 2885330 0 0
13 3536353 2 1
13 2559826 0 0
13 2702306 0 1
13 3074289 0 1
13 2232040 0 0
13 2924860 0 1
13 2649861 0 1
13 2945326 0 1
13 3663114 0 1
13 3148420 0 1
13 3463040 0 1
13 2232037 0 0
13 3457858 0 1
13 2031904 0 0
13 2958892 1 1
13 3012801 0 1
13 2543003 0 1
13 3136682 0 0
13 3674472 0 1
13 2931399 0 0
13 3584661 0 0
13 3074273 0 1
13 2923780 0 1
13 3674474 0 1
13 2075572 0 0
13 3745915 0 0
13 2778181 0 1
13 2669462 1 1
13 3463045 0 0
13 3834245 0 0
13 3463042 0 1
13 3764698 0 1
13 2982983 0 0
13 2794298 0 0
13 3352304 0 0
13 3480881 0 1
13 1794625 0 0
13 2140475 0 0
13 2531024 0 1
13 3463047 0 1
13 3564829 0 1
13 1781338 0 0
13 2784615 0 0
13 3881409 0 1
13 3560203 0 0
13 3237169 0 0
13 3056829 0 0
13 3231869 0 0
13 3431274 0 1
13 3647231 0 0
13 2770458 0 1
13 3647233 0 0
13 3411676 0 1
13 3350119 0 0
13 3837720 0 0
13 3764425 0 1
13 1523191 1 0
13 3337385 0 1
13 3562639 0 0
13 2994940 0 0
13 3148888 0 1
13 2810605 0 1
13 3342739 0 1
13 3666886 0 0
13 3732878 0 0
13 115843 0 0
13 2424060 0 0
13 2910499 0 1
13 3275898 0 0
13 3102208 0 0
13 3006383 0 1
13 3627637 0 0
13 3601021 0 0
13 3573515 0 1
13 3010642 0 1
13 3227138 2 0
13 3465001 0 1
13 3463068 0 0
13 3487017 0 1
13 3762017 0 0
13 1082453 0 0
13 2039857 0 0
13 2797596 0 0
13 2700562 0 0
13 3474149 0 1
13 3884537 0 1
13 3231883 0 0
13 2245956 0 0
13 2797590 0 0
13 3669007 0 0
13 2672442 2 1
13 2802354 0 0
13 2621418 1 0
13 3883204 0 0
13 3231885 0 0
13 3522316 0 0
13 3082779 0 0
13 3649078 0 1
13 3445826 0 0
13 3410720 0 1
13 2409512 0 0
13 2899707 0 0
13 3079137 0 0
13 2366022 0 1
13 2467408 0 0
13 1044194 0 1
13 2292713 0 0
13 2937292 0 1
13 3719282 1 1
13 2244612 0 0
13 3794969 0 1
13 3014869 0 1
13 3226060 0 0
13 3710232 0 0
13 3449190 0 0
13 3595700 0 0
13 2895359 0 0
13 2989737 0 1
13 3432525 0 0
13 2700578 0 1
13 3161462 0 0
13 3893487 0 1
13 137242 0 0
13 2700585 0 0
13 3662630 0 0
13 2700584 0 1
13 1712359 0 0
13 2989962 0 0
13 2048992 0 0
13 2838762 0 0
13 3284154 0 0
13 3377271 0 0
13 3686606 1 0
13 2672220 0 0
13 2790738 0 0
13 3695311 0 1
13 3107945 0 1
13 3361201 0 0
13 3713995 0 0
13 2974229 0 1
13 3161475 0 1
13 3775198 0 1
13 2254658 0 0
13 3856285 0 0
13 137256 0 0
13 3812024 0 0
13 1065003 1 1
13 3389490 0 0
13 3318852 0 1
13 2531043 0 0
13 3743396 0 0
13 3193052 0 0
13 2531040 0 0
13 2640885 0 0
13 2700591 1 1
13 3750927 0 0
13 3767585 0 1
13 3418897 0 0
13 2954407 0 0
13 3207060 2 1
13 3693122 0 1
13 3512777 0 0
13 2917004 0 0
13 2894487 0 0
13 3219289 0 0
13 2929221 0 1
13 3533691 0 1
13 3395931 0 1
13 3446942 0 0
13 1797062 0 1
13 3701786 0 1
13 2921518 0 1
13 3495043 0 1
13 2769401 0 1
13 3066252 0 0
13 2696457 0 1
13 3430121 0 0
13 2699965 0 1
13 2707160 0 1
13 3641316 0 1
13 2893122 0 1
13 3485486 0 1
13 3464782 0 0
13 3336229 0 1
13 535548 0 1
13 2848143 0 0
13 3518087 0 0
13 3743346 0 1
13 3891038 0 1
13 3174973 0 0
13 3701778 2 1
13 3152527 1 1
13 3207047 0 1
13 2699975 0 0
13 2929490 0 1
13 3847143 0 0
13 2449163 0 0
13 3606325 0 0
13 1139429 0 0
13 2734527 0 0
13 2841744 0 1
13 2362714 1 1
13 2872898 0 1
13 2911725 0 1
13 2823093 0 1
13 3030053 0 1
13 2990992 0 1
13 3496599 0 1
13 3168062 0 1
13 2911730 0 1
13 2672265 0 0
13 2430333 0 0
13 3475455 0 0
13 3581540 0 0
13 3849794 0 1
13 3608711 0 1
13 3219015 0 1
13 3570899 0 0
13 3219017 2 0
13 3628798 0 0
13 3408657 0 0
13 2817864 2 1
13 2776156 0 1
13 2449188 0 0
13 2989753 0 0
13 3557207 0 0
13 3735507 0 0
13 2448093 0 0
13 3538708 2 1
13 29056 0 1
13 1764183 0 0
13 2137490 0 1
13 3734890 2 1
13 1804104 0 1
13 2599059 0 0
13 3671146 0 0
13 3599289 0 0
13 3805553 0 0
13 3808824 0 0
13 2994134 0 1
13 3153662 0 1
13 3345134 0 1
13 3390062 0 0
13 3472242 0 0
13 3288010 1 1
13 3759689 0 1
13 2595688 0 1
13 3223506 0 0
13 3097761 0 1
13 3269987 0 1
13 3565446 0 0
13 2605325 0 0
13 3852306 0 1
13 2810372 0 0
13 2984575 1 0
13 3492090 0 1
13 2896837 0 1
13 3440895 0 1
13 2760911 2 1
13 3793360 0 1
13 3037213 0 0
13 3514081 0 0
13 3838475 0 1
13 2860402 0 0
13 2879243 0 1
13 3533834 0 0
13 3391169 0 1
13 1569865 0 0
13 3682970 0 1
13 3803125 0 0
13 3254234 0 1
13 1866517 0 0
13 2740074 0 0
13 3279317 1 1
13 2672274 0 1
13 2698202 0 1
13 2981051 0 1
13 3774618 0 0
13 3794448 0 0
13 2939513 0 0
13 2500028 0 1
13 3219587 0 0
13 3438108 0 0
13 2526436 0 0
13 3519784 0 0
13 3269992 0 1
13 3464619 0 1
13 3817766 0 0
13 3615918 0 1
13 2654858 0 0
13 2984325 0 0
13 2169239 0 1
13 2813655 0 0
13 3314861 0 1
13 2994119 0 0
13 2810359 0 1
13 3492078 0 1
13 3573040 0 0
13 3429834 0 0
13 3429833 0 1
13 3620234 0 0
13 3349957 0 1
13 3654296 0 1
13 3320097 0 0
13 2740040 0 0
13 2823668 0 0
13 2918840 0 0
13 1043937 0 0
13 2822334 0 0
13 3223529 1 1
13 3762609 0 1
13 1568784 0 0
13 3335556 0 1
13 3542308 0 1
13 3726300 0 1
13 3335558 0 0
13 2125882 1 1
13 3665183 0 1
13 3505164 0 0
13 2991079 0 0
13 3492084 0 0
13 3678011 0 1
13 1524932 0 0
13 2651138 0 0
13 3506493 0 0
13 3392272 0 0
13 2698425 0 0
13 2852807 0 1
13 3841622 0 1
13 3759690 0 1
13 2901358 0 1
13 3599007 0 0
13 3669553 0 0
13 3299365 0 1
13 3748329 0 0
13 3299121 0 1
13 3446156 0 0
13 3533887 0 1
13 3829565 0 0
13 2840827 2 1
13 3041910 0 0
13 2687580 0 0
13 2268914 0 0
13 37410 0 0
13 1524986 0 1
13 2990816 0 1
13 3085971 0 0
13 2918863 0 0
13 3416583 0 1
13 3710144 0 0
13 137397 2 0
13 3577468 0 0
13 3221128 0 0
13 3336621 0 0
13 3375713 0 1
13 2878351 0 1
13 3534723 0 0
13 3577451 0 0
13 2582334 2 1
13 2687595 0 1
13 3425049 0 1
13 3789296 0 1
13 165606 0 0
13 3577690 0 0
13 2799065 0 0
13 2706598 0 0
13 2878357 0 0
13 3596150 0 1
13 3790043 0 1
13 3061777 0 0
13 3430631 0 0
13 3644653 0 0
13 3806430 0 1
13 2629965 0 0
13 3037401 0 0
13 3424194 0 1
13 2640260 0 0
13 2988728 0 0
13 3299189 0 1
13 3556772 0 1
13 3553020 0 0
13 3033073 2 0
13 3531001 0 0
13 3616178 1 1
13 3600625 0 0
13 3608313 0 0
13 2938499 0 1
13 3608317 0 1
13 3808400 0 1
13 3789280 0 1
13 3886778 0 1
13 2950136 0 1
13 2593483 0 1
13 1936417 0 0
13 3058339 0 0
13 3163218 0 1
13 3320293 0 1
13 3761955 0 1
13 3248865 0 0
13 1939921 1 1
13 3108676 0 0
13 2430174 0 0
13 3109763 0 1
13 3531481 0 0
13 3224652 0 0
13 3058336 0 0
13 2479416 0 0
13 2834356 0 0
13 3425026 0 1
13 3513828 0 1
13 3445095 0 0
13 3811800 0 1
13 3016743 0 1
13 3553006 0 1
13 3658225 0 1
13 1939918 0 1
13 2479419 0 0
13 2390581 0 1
13 2740259 0 0
13 3716959 0 0
13 3221155 0 0
13 3003678 2 0
13 3481392 0 1
13 2615305 0 0
13 3872388 0 1
13 3280315 0 1
13 2447848 0 0
13 3206216 0 0
13 3547807 0 1
13 3475910 0 0
13 3878774 0 0
13 3322896 0 1
13 3560387 0 0
13 3102916 0 0
13 3640949 0 0
13 3714149 0 0
13 3219999 0 0
13 3296724 0 1
13 2660903 0 1
13 2124738 0 1
13 3461758 0 1
13 3400591 0 1
13 1082008 0 0
13 3446119 0 1
13 3400351 0 0
13 3596341 0 1
13 3763796 0 1
13 3400594 0 0
13 3303906 0 0
13 3819796 0 1
13 2647934 0 1
13 3446123 0 0
13 3495772 0 1
13 3096835 0 0
13 3809985 0 1
13 3854316 0 1
13 2789062 0 0
13 3560156 0 0
13 3247782 0 0
13 3717425 0 1
13 2396464 0 0
13 2749044 0 0
13 3269350 0 1
13 3434386 0 1
13 2740237 0 1
13 2603310 0 1
13 3459431 0 0
13 3517523 0 1
13 3564741 0 0
13 3679720 0 1
13 3760297 0 0
13 3772272 1 1
13 1624840 0 0
13 3506884 0 1
13 2990395 0 1
13 2448346 0 0
13 2448344 0 0
13 3424789 0 0
13 2480034 0 0
13 2526486 0 1
13 2877014 0 1
13 3161905 0 0
13 2118037 0 1
13 3219735 0 0
13 3841473 0 0
13 2675175 0 1
13 3697146 0 0
13 3374444 0 0
13 1474624 0 0
13 3032623 0 0
13 3577801 0 0
13 3397325 0 1
13 3224456 0 0
13 3424780 0 1
13 3614875 0 0
13 1796879 0 1
13 3180418 0 0
13 3851260 0 0
13 1828061 0 0
13 2526496 0 1
13 3064423 0 0
13 2630042 0 0
13 1474617 1 0
13 2841240 0 0
13 2637917 1 0
13 3109313 0 1
13 3192879 0 1
13 2740212 0 1
13 2767911 0 0
13 3180421 0 1
13 3702368 0 0
13 1796865 0 1
13 2772260 0 1
13 3052440 0 0
13 2772253 0 1
13 3854125 0 1
13 2775523 0 1
13 3018974 0 1
13 2888329 0 0
13 3553652 0 1
13 3178766 0 1
13 3224473 0 1
13 3553655 0 0
13 2865447 0 1
13 3178764 0 1
13 3698053 0 1
13 2822313 0 1
13 3789904 0 0
13 3005662 0 1
13 2719811 0 0
13 3163037 0 1
13 3514048 0 0
13 3113859 0 0
13 3112525 0 0
13 3333512 0 1
13 3424120 2 1
13 2772242 0 1
13 3422178 2 1
13 3195099 1 1
13 3196187 0 0
13 3205784 0 1
13 3813804 0 1
13 3205783 0 1
13 3402108 0 0
13 3339066 1 1
13 3269392 0 0
13 3548079 0 1
13 2915524 0 1
13 3654241 0 0
13 3649949 0 1
13 3699153 0 1
13 3750663 0 0
13 3433013 0 1
13 3699157 0 0
13 1043985 0 0
13 2758191 0 0
13 3379929 0 1
13 3566968 0 0
13 2479278 0 1
13 2903590 0 0
13 3317254 0 0
13 2683831 0 1
13 2810585 2 0
13 3574101 0 1
13 3705697 0 0
13 1033928 0 0
13 3015243 0 0
13 1925127 0 0
13 1855694 0 1
13 3477073 0 0
13 3274713 0 0
13 2596110 0 1
13 3272533 0 1
13 3678467 0 1
13 2131280 0 0
13 2828091 0 1
13 2725276 0 0
13 3830145 0 1
13 3492683 0 0
13 3016349 0 0
13 3830149 0 0
13 1824736 0 0
13 2846739 1 1
13 3752861 0 1
13 3752862 0 0
13 2131272 0 0
13 3553649 0 0
13 1044808 0 0
13 3109354 0 0
13 3092060 2 1
13 3295643 0 0
13 2990182 0 0
13 3202015 0 1
13 3042608 0 1
13 3331562 0 0
13 3615935 0 1
13 2596107 0 0
13 3388422 0 1
13 3639798 0 0
13 113776 0 0
13 3226573 2 1
13 2291339 2 1
13 2323013 1 1
13 3835406 0 0
13 2931483 0 0
13 3695256 0 0
13 2658665 0 1
13 3236138 1 1
13 3162819 0 0
13 3775019 0 1
13 3126727 0 1
13 1469457 0 0
13 3350299 0 1
13 2759591 0 0
13 2738416 0 0
13 3433566 0 1
13 3825604 0 0
13 1906866 1 0
13 3051084 0 1
13 3435508 0 0
13 3109382 0 1
13 3619700 0 0
13 2621130 0 1
13 2890619 0 0
13 3385165 0 1
13 3387584 0 0
13 3095901 0 1
13 3538602 0 1
13 3614262 0 0
13 3477366 0 1
13 3012722 0 0
13 2898102 0 0
13 2876771 0 0
13 2958974 0 1
13 3603106 0 1
13 3327015 0 1
13 3596758 0 1
13 3137850 2 1
13 2951078 0 1
13 3271399 0 1
13 2936927 0 1
13 3214570 0 1
13 3229856 0 0
13 3697219 0 0
13 3444223 0 0
13 2577109 0 0
13 3706222 0 0
13 1518923 0 0
13 2098779 0 0
13 3087253 0 1
13 2408924 0 1
13 3019368 0 0
13 2850175 0 0
13 3086162 0 1
13 2374623 0 1
13 1139755 0 0
13 1316059 0 0
13 3160418 0 0
13 2827115 0 1
13 3214563 0 1
13 3515513 0 0
13 2672985 0 0
13 3100118 0 1
13 3087018 2 1
13 2957859 0 1
13 3569108 0 1
13 3493838 0 1
13 2323473 0 0
13 3696339 0 0
13 3527505 0 0
13 2798987 0 1
13 2908671 0 1
13 3317242 0 1
13 3649571 0 1
13 2646695 0 1
13 2922300 0 0
13 2769373 0 1
13 3385184 0 1
13 2850183 0 1
13 2235887 0 0
13 3047823 2 1
13 2125195 0 0
13 2496697 0 0
13 3537535 0 0
13 3221905 0 1
13 3126719 0 0
13 1914268 0 0
13 2930164 0 0
13 2957620 0 1
13 3569570 0 1
13 3493851 0 0
13 2827106 0 1
13 3157673 2 1
13 3087249 0 1
13 3333703 0 1
13 3733882 0 0
13 3350022 0 1
13 194767 0 0
13 2638603 0 0
13 3558450 0 1
13 3488028 0 1
13 1637094 0 1
13 2798761 0 0
13 2988177 1 1
13 3040144 0 0
13 3214307 0 0
13 3640983 0 1
13 3149405 0 0
13 2133409 0 1
13 3636488 0 1
13 2700484 2 0
13 2700483 0 0
13 3776301 0 0
13 3845254 2 1
13 3111030 0 0
13 3364416 0 0
13 3626436 0 0
13 3849851 0 0
13 3114546 1 1
13 2737760 0 0
13 3775210 0 1
13 3765411 0 1
13 3114308 0 0
13 3016034 0 1
13 2680398 0 0
13 2993753 0 0
13 2650988 0 1
13 2993752 0 0
13 3146126 0 0
13 2650986 0 1
13 3424876 0 0
13 2844979 0 1
13 2933453 0 1
13 3700969 0 0
13 1764004 2 1
13 3262480 0 1
13 3656703 0 1
13 3629711 1 1
13 2816287 1 1
13 3237276 0 0
13 3729561 0 1
13 2923424 0 1
13 3424871 0 1
13 3721854 0 0
13 3424868 0 1
13 3799887 0 0
13 3539525 0 0
13 3730324 0 0
13 2633184 0 0
13 2804036 0 1
13 3155069 0 0
13 3653680 0 0
13 3064575 0 0
13 2878708 1 1
13 1852901 0 1
13 3744738 2 1
13 3161951 1 1
13 3501159 0 0
13 3833481 0 0
13 1082101 0 0
13 2746232 0 0
13 1624824 0 1
13 3716033 0 1
13 3022742 0 0
13 2365966 0 0
13 2745147 0 1
13 3214510 0 1
13 3751011 0 0
13 2841444 0 0
13 3775204 0 0
13 2791917 0 0
13 3099090 0 0
13 3751499 0 1
13 3583672 0 1
13 1791015 0 1
13 2906446 0 0
13 2754094 1 0
13 2629028 0 0
13 3514472 0 1
13 2914738 0 0
13 2737775 2 1
13 3429061 0 0
13 2840593 0 0
13 3034954 1 1
13 3499352 0 0
13 3507706 0 0
13 3570364 0 1
13 2732080 0 1
13 3117807 0 1
13 3168354 0 1
13 3870642 0 1
13 3022739 0 1
13 2695207 0 0
13 3656050 0 0
13 2700683 0 1
13 2700444 0 1
13 3390102 0 1
13 3514808 0 1
13 3663820 0 1
13 3658233 0 1
13 2700440 0 1
13 3480705 0 1
13 2840741 0 1
13 2769323 0 1
13 2872582 0 1
13 3292917 0 0
13 2955600 0 0
13 3596900 0 1
13 3034348 0 0
13 3881380 2 1
13 3444858 0 1
13 3618450 0 1
13 3519017 0 1
13 3591690 0 1
13 2700687 0 1
13 2478669 0 1
13 2531184 0 0
13 3177926 0 1
13 2611960 0 0
13 2769312 0 1
13 3609997 0 0
13 2953658 0 0
13 3420636 0 1
13 1156907 0 0
13 3159262 0 1
13 2233608 0 1
13 2517092 0 0
13 2767138 1 1
13 3589591 0 0
13 3407434 0 0
13 3298212 0 0
13 544586 0 0
13 3674954 0 0
13 3393611 0 1
13 3745679 0 0
13 3519021 0 1
13 2229370 0 0
13 3764182 0 1
13 3599198 0 1
13 3342800 0 0
13 2797493 0 1
13 3022139 0 0
13 3198636 0 0
13 3420620 0 1
13 3609960 1 1
13 3022137 0 1
13 3694106 0 0
13 1976317 0 0
13 3599191 0 0
13 3172481 0 0
13 2135163 0 0
13 3716905 0 0
13 2135165 0 0
13 3776166 0 0
13 3265521 0 0
13 2884340 0 1
13 3851953 0 0
13 3632500 0 1
13 3147240 0 1
13 3121095 0 0
13 3221745 0 1
13 3555573 0 1
13 3177929 0 1
13 2877817 0 0
13 3555588 0 1
13 3683440 0 1
13 2700473 1 1
13 1533476 0 0
13 3839837 0 0
13 3848775 0 0
13 1592487 0 1
13 2695432 0 0
13 3849624 0 1
13 3456865 0 1
13 3222602 0 1
13 3301057 0 0
13 3325013 0 0
13 2136000 0 0
13 1464141 0 0
13 2628138 2 1
13 3469926 0 1
13 3841901 0 0
13 2010056 0 0
13 3228395 0 0
13 3804543 0 1
13 1456975 0 0
13 1090580 0 1
13 3498671 0 0
13 2771848 0 1
13 2151873 0 0
13 2628123 0 1
13 2791737 2 0
13 3409401 0 1
13 3523566 0 0
13 3671015 0 0
13 3547777 0 0
13 1257652 0 0
13 3056330 0 1
13 3840648 0 0
13 3572972 0 1
13 2557127 0 0
13 1550805 0 1
13 3392319 0 1
13 1518903 0 0
13 3540907 0 0
13 3153734 0 0
13 3498686 0 1
13 3719360 0 1
13 2195461 0 0
13 3683465 0 1
13 3024987 0 0
13 3023895 0 1
13 3047842 2 1
13 3543180 1 1
13 3719369 0 1
13 2647170 0 1
13 3266203 0 0
13 1526771 0 0
13 3488881 0 0
13 3557580 0 1
13 3088387 0 2
13 3560965 0 0
13 3139660 0 0
13 3420428 0 1
13 3384962 0 1
13 3545332 0 1
13 2740082 0 0
13 2917397 0 1
13 2650596 1 1
13 2615274 0 0
13 2876922 0 0
13 3407444 0 0
13 3266655 0 1
13 2687607 0 0
13 3407201 0 1
13 1569431 0 1
13 3180075 0 1
13 3315662 0 1
13 3466862 2 1
13 2778448 0 1
13 2700432 0 0
13 3701639 0 0
13 2615269 0 1
13 2827780 0 1
13 3475321 0 1
13 2887806 2 1
13 3195313 0 0
13 3230028 0 0
13 2933634 0 1
13 3602076 0 0
13 3672599 0 0
13 3184668 0 1
13 3419427 0 1
13 3564091 0 1
13 2920571 0 1
13 3140881 0 1
13 1976104 0 1
13 2799007 0 1
13 2799006 0 0
13 2288605 0 0
13 3828799 0 0
13 1283982 0 0
13 2972467 0 0
13 3625826 0 0
13 2288601 1 0
13 1784580 0 1
13 3860042 0 0
13 3841537 0 1
13 3819835 0 0
13 2601083 0 0
13 3337875 0 1
13 2776369 0 1
13 3750745 0 1
13 1693563 0 0
13 153540 0 1
13 2858205 0 0
13 3772796 0 0
13 3665058 0 0
13 3553107 0 0
13 3105458 0 1
13 3655492 0 0
13 2906941 2 1
13 2630301 0 1
13 3543541 0 1
13 3061208 0 1
13 2206524 0 0
13 2246192 0 1
13 3441877 0 1
13 2987954 0 1
13 3339827 0 0
13 549072 0 0
13 2945079 0 0
13 3131758 0 1
13 3806786 0 1
13 1156894 0 0
13 3795645 0 0
13 2367658 0 1
13 2992055 0 1
13 3069387 2 1
13 3145901 0 0
13 481067 0 0
13 3710087 0 0
13 2997507 0 1
13 3561172 0 0
13 2951541 0 1
13 2740167 0 0
13 2745856 0 0
13 3444913 0 1
13 481071 0 0
13 3882097 0 0
13 2845574 0 1
13 1198256 0 1
13 3095243 0 1
13 3657447 0 0
13 2515424 0 0
13 3058018 0 0
13 3702406 0 0
13 3641287 0 0
13 3748441 0 0
13 3452306 0 0
13 3646731 2 1
13 2997975 0 1
13 3417961 0 0
13 3555748 0 0
13 3750520 0 0
13 3025133 0 0
13 3135096 1 1
13 2824637 0 0
13 2824638 0 0
13 3481077 0 0
13 3167747 0 1
13 2940889 0 0
13 3841747 0 0
13 3099612 1 1
13 3483499 0 1
13 3726676 0 1
13 3331290 0 0
13 3510883 0 1
13 3157944 0 1
13 3012236 0 0
13 3564029 0 1
13 2998658 2 1
13 3347636 0 1
13 3414041 0 1
13 3562084 0 0
13 3784974 0 0
13 1557713 2 1
13 3598208 0 1
13 3038627 0 1
13 3409922 0 1
13 3127297 0 1
13 3335656 0 1
13 3133988 0 1
13 3311442 0 1
13 2900131 0 0
13 3311440 0 1
13 3874654 0 1
13 2778504 0 1
13 2939431 0 1
13 3529255 0 0
13 2096701 0 0
13 3498721 0 0
13 3448227 0 0
13 3474734 0 0
13 3013334 0 1
13 3667037 0 1
13 3793431 2 1
13 3384799 0 1
13 3695962 0 0
13 2432466 0 0
13 3843742 0 0
13 3038616 0 0
13 3301634 2 1
13 2764348 0 0
13 2790131 0 0
13 3333001 0 1
13 3269439 0 0
13 3853781 0 0
13 3446047 0 0
13 3554442 0 0
13 2943722 0 1
13 3446298 0 0
13 3751823 0 0
13 2984474 2 1
13 3702218 0 0
13 3749980 0 0
13 1971508 0 0
13 3806581 0 0
13 3420703 0 1
13 3084745 0 1
13 3682448 0 0
13 2613254 0 1
13 2803987 0 0
13 3535729 0 0
13 2613494 0 1
13 3047355 1 0
13 3828574 0 0
13 3224537 0 0
13 2950012 0 0
13 2442048 0 1
13 2631684 0 0
13 3069581 0 1
13 3671552 0 0
13 3371495 0 1
13 2822252 0 0
13 2783080 0 1
13 3756033 0 1
13 3011169 0 1
13 3371499 0 0
13 3371498 0 1
13 529255 0 0
13 3658339 0 1
13 3850265 0 1
13 3577793 2 1
13 3260611 0 0
13 2955936 0 0
13 3507021 0 0
13 2135118 0 0
13 3828583 0 0
13 2653463 0 0
13 1034058 0 0
13 1440784 0 0
13 2717146 0 1
13 3107697 0 0
13 2743643 1 1
13 3132863 0 1
13 3530850 0 1
13 2806397 0 1
13 3447325 0 1
13 3182946 0 0
13 3065405 0 0
13 2572041 0 0
13 2868877 0 1
13 3177592 0 1
13 3697041 0 0
13 3259418 0 0
13 3530855 0 0
13 2876262 0 0
13 3819678 0 1
13 3705781 0 0
13 2868875 0 0
13 2536182 0 1
13 3817018 0 0
13 59521 0 1
13 3540662 0 0
13 3131124 0 0
13 1276816 0 1
13 3445145 0 1
13 3207882 0 0
13 3207883 0 0
13 3365253 0 0
13 3160923 0 0
13 2202320 0 0
13 3342154 0 1
13 3030775 0 0
13 2783053 1 0
13 3603620 0 0
13 3784122 0 1
13 3841127 0 0
13 1082359 0 0
13 2921287 0 1
13 3595144 0 1
13 1866472 0 0
13 3017331 0 1
13 3021826 0 0
13 3506516 0 0
13 3763448 0 0
13 3787639 0 1
13 3474964 0 0
13 3880753 0 0
13 3279485 0 0
13 2496981 0 0
13 3139061 0 0
13 3206300 0 1
13 3261719 0 0
13 2575571 0 0
13 2950859 0 0
13 3387630 0 1
13 3653242 0 0
13 3546189 0 1
13 3324730 0 1
13 2679412 0 0
13 3033835 0 0
13 3623462 0 1
13 3678789 0 1
13 3784114 0 1
13 3437786 0 0
13 3269442 0 0
13 2600375 0 0
13 3623460 0 1
13 3643077 0 1
13 2956153 0 0
13 3277062 0 1
13 3094313 0 0
13 2448694 1 0
13 2990024 0 0
13 3496962 0 1
13 3382197 0 1
13 2706214 1 1
13 3424659 0 1
13 2706213 0 0
13 2705365 0 0
13 3687249 0 0
13 3548377 0 1
13 3651073 0 1
13 2679408 0 0
13 2988180 0 0
13 2074594 0 0
13 3385226 0 0
13 3118373 0 0
13 2007578 0 0
13 3731861 0 0
13 2350150 0 0
13 2657623 0 0
13 3335608 0 1
13 3378931 0 1
13 3680611 0 1
13 3701392 0 0
13 1552014 0 1
13 2384386 0 0
13 3133515 0 1
13 1297528 0 0
13 3096988 0 1
13 3612104 0 0
13 3688571 0 0
13 2480139 0 0
13 2664186 0 1
13 3015586 0 0
13 3410080 0 1
13 2998814 0 0
13 2396158 0 0
13 3456478 0 0
13 3388747 0 0
13 1599751 0 0
13 2987927 0 1
13 2270282 1 0
13 2944193 0 0
13 3206769 1 0
13 3612316 0 1
13 3260439 0 0
13 3633019 0 1
13 2364330 0 0
13 2814827 0 0
13 2364577 0 1
13 2480146 0 1
13 2868846 0 0
13 2876696 0 0
13 2729971 0 0
13 2847724 0 0
13 2938502 0 1
13 3049340 0 0
13 3761227 0 0
13 3542892 0 0
13 3596679 0 1
13 3310986 0 0
13 2820261 0 0
13 3399638 0 1
13 3039789 0 0
13 3317134 0 0
13 3833552 0 0
13 2031875 0 0
13 3688110 0 0
13 3853387 0 1
13 2645689 0 0
13 3282456 0 0
13 2688135 0 0
13 2835731 0 0
13 3529443 0 0
13 3180988 0 0
13 3507411 0 0
13 3088945 0 1
13 3656795 0 1
13 3608039 2 1
13 3677011 0 1
13 2699027 0 0
13 3519638 0 0
13 3600348 0 0
13 3123513 0 1
13 3237206 0 1
13 3199125 2 0
13 2742702 0 0
13 2678125 0 0
13 2803902 1 1
13 2803905 0 0
13 3480336 0 0
13 3271561 0 0
13 1866461 0 0
13 3467157 0 1
13 3513093 0 0
13 1479389 0 0
13 1240640 0 1
13 2664197 0 1
13 3748241 0 0
13 3555706 1 1
13 3622346 0 1
13 1036074 0 0
13 1764748 0 0
13 3060149 2 1
13 2823759 0 1
13 3561145 0 0
13 1241735 0 0
13 2435119 0 1
13 3353214 0 0
13 3248338 0 0
13 3545900 0 0
13 3311613 0 1
13 3180984 0 1
13 2646781 0 1
13 3409072 0 1
13 2688148 0 1
13 3793491 0 1
13 2429911 0 0
14 3068877 0 1
14 3339374 0 1
14 3490471 0 0
14 3641992 0 1
14 2851121 0 1
14 3100218 0 0
14 3731552 0 1
14 3293057 0 1
14 2733088 0 0
14 3350173 0 0
14 3480673 0 0
14 3322929 0 0
14 3559430 0 0
14 2994921 0 0
14 3322928 0 1
14 3200050 0 1
14 3562610 0 0
14 3602378 0 0
14 3376335 0 0
14 3696245 0 0
14 2703209 0 0
14 2794498 0 0
14 3579036 0 1
14 3641975 0 0
14 2568959 0 1
14 3480649 0 0
14 3866008 0 0
14 2868816 0 1
14 3036825 0 1
14 3787104 0 0
14 3820257 0 1
14 3294360 0 0
14 3113998 1 1
14 2694628 0 1
14 3663333 0 0
14 2600302 0 0
14 3561741 0 1
14 270022 0 0
14 3649448 0 0
14 3822444 0 0
14 3214678 0 1
14 2679005 0 0
14 2954004 0 1
14 3513220 0 0
14 3200035 0 0
14 3443279 0 1
14 3707411 0 0
14 1751065 0 0
14 3316215 0 0
14 3663347 0 0
14 3392841 0 0
14 3777757 1 1
14 2988293 0 0
14 3289835 0 1
14 3086253 0 0
14 3096919 0 0
14 3733708 0 0
14 3290800 0 0
14 1693923 0 0
14 2934421 0 1
14 3674472 0 0
14 3674470 0 1
14 3871835 0 0
14 3432563 0 0
14 3786226 0 0
14 3352302 0 0
14 3571593 0 1
14 3101126 0 1
14 3361242 0 0
14 2781101 0 0
14 3253412 0 0
14 2913994 0 0
14 3752472 0 0
14 551612 0 0
14 3353628 0 0
14 3322907 0 1
14 2923795 1 1
14 2234474 0 1
14 3371937 0 0
14 1832184 0 0
14 2262920 0 1
14 3100265 0 0
14 3587913 0 1
14 3261492 0 0
14 3601021 0 0
14 3299601 2 1
14 3517620 0 0
14 2921144 0 0
14 3294392 0 0
14 3663371 0 0
14 3571574 0 1
14 3616987 0 0
14 3152734 0 0
14 3313143 0 1
14 2884448 1 1
14 2989502 0 0
14 3227145 0 0
14 2131944 0 0
14 3743140 0 0
14 3847352 0 0
14 2720170 0 1
14 2736519 0 0
14 1468404 0 0
14 3161216 0 1
14 3161215 0 0
14 3481920 0 0
14 2700567 0 0
14 137231 0 0
14 2572601 0 0
14 3364720 0 1
14 3481928 0 0
14 3080591 0 1
14 2769435 0 1
14 3849520 0 0
14 3490885 0 0
14 2712559 0 0
14 2831909 1 0
14 1522014 1 1
14 3078275 0 0
14 3060997 0 0
14 2631913 0 0
14 3289869 0 1
14 2779237 0 0
14 3748825 0 0
14 3406221 0 0
14 3556306 0 1
14 2650678 0 1
14 3012456 0 1
14 2245974 0 0
14 3544320 1 1
14 149230 0 1
14 2918322 0 1
14 3710245 0 0
14 3782730 0 0
14 3289851 0 1
14 3713758 0 1
14 149229 0 0
14 2724558 0 0
14 3395946 0 1
14 2884457 0 0
14 3452149 0 0
14 2700590 0 0
14 3115304 0 0
14 3849989 0 0
14 3469804 0 1
14 3778234 0 0
14 3788026 0 1
14 2984268 1 1
14 3866073 0 0
14 2700599 0 1
14 1513525 1 0
14 1475146 0 0
14 3501646 0 0
14 3640226 0 1
14 2988693 0 1
14 3619629 0 0
14 3170124 0 0
14 3149128 0 0
14 3790330 0 0
14 2769403 0 0
14 3066252 0 0
14 3290897 0 1
14 1036784 0 1
14 3113177 0 0
14 3699701 0 1
14 1036788 0 0
14 3395961 0 1
14 3616118 0 0
14 3561727 0 0
14 1592308 0 1
14 3213725 0 1
14 1435909 0 0
14 3792989 0 0
14 3476995 0 1
14 3440588 0 0
14 3841600 1 1
14 1472097 1 1
14 3891028 0 0
14 3312274 0 0
14 3639698 0 0
14 1779411 0 0
14 2131965 0 0
14 2858136 0 1
14 2712528 0 0
14 2837231 0 0
14 3590222 0 1
14 2712522 0 0
14 3429359 0 0
14 2686635 0 0
14 3863848 0 1
14 3090318 0 0
14 3743592 0 1
14 3087163 1 1
14 3766694 0 1
14 2805656 1 1
14 3524783 0 0
14 3514997 0 0
14 2699956 0 1
14 3015937 0 0
14 3159363 0 1
14 3162533 0 0
14 1977791 0 0
14 2712531 0 0
14 3159366 1 0
14 3591564 0 0
14 3651311 0 0
14 2606449 0 0
14 2847024 0 0
14 2254469 0 1
14 3512331 0 1
14 3894550 0 0
14 3034675 0 1
14 3599047 0 1
14 3336698 0 0
14 3870124 0 0
14 2859403 0 0
14 3630062 0 0
14 3359784 0 1
14 3498871 0 0
14 3151000 0 1
14 2672049 0 0
14 2803848 1 0
14 2844381 0 1
14 2963879 0 1
14 2685364 0 1
14 3037215 0 0
14 3760449 0 1
14 3454808 0 1
14 3523803 0 0
14 3424159 0 0
14 2834574 0 0
14 2377328 0 0
14 2834572 0 0
14 3199890 0 1
14 3139355 0 1
14 3745270 0 0
14 2856380 0 0
14 2500027 0 1
14 3163487 0 0
14 2872850 0 1
14 3735482 0 0
14 3537198 0 1
14 1475565 1 0
14 2070966 0 0
14 3349957 1 0
14 3623748 0 0
14 2954931 0 1
14 3276490 0 0
14 2830197 0 1
14 3669557 0 0
14 2500042 0 1
14 1519343 0 0
14 2974995 0 0
14 3601985 1 1
14 3349960 0 1
14 2672050 0 0
14 3542555 1 1
14 3463781 0 0
14 3681660 0 1
14 3748329 0 0
14 3724306 0 1
14 3178927 0 0
14 3793323 0 1
14 3669567 0 1
14 2803884 0 1
14 3129113 0 0
14 3429898 0 0
14 2746805 0 1
14 2734808 0 0
14 3451753 0 1
14 2998524 0 1
14 3326802 0 0
14 3710154 0 0
14 140322 0 0
14 2672072 0 1
14 2483922 0 0
14 3205375 0 1
14 2938497 0 1
14 2825652 0 1
14 3556748 0 1
14 1079964 0 0
14 2803864 0 0
14 2384912 0 0
14 3524711 0 1
14 3038529 1 1
14 3035013 0 0
14 3814086 0 0
14 3725669 0 0
14 1971618 0 0
14 3563045 0 0
14 2804722 0 1
14 2761173 0 0
14 2635934 0 0
14 2822147 1 0
14 3524703 0 1
14 3248854 0 1
14 3619691 0 0
14 2740255 0 0
14 2329664 0 0
14 2902403 0 0
14 3670576 0 0
14 2984347 0 1
14 3134920 0 0
14 3878531 0 1
14 1097737 1 1
14 2561024 0 0
14 3372001 0 1
14 3785342 0 1
14 2385343 1 1
14 3031991 1 1
14 2396469 0 0
14 3717660 0 1
14 2323545 0 0
14 3750229 0 1
14 3215148 0 0
14 3517525 0 0
14 2561013 0 0
14 3561242 0 0
14 2972754 0 1
14 3517529 0 0
14 2721938 0 1
14 3673187 0 0
14 3517523 0 0
14 3679720 0 1
14 2740234 0 1
14 3189692 0 0
14 2974906 0 0
14 3206663 0 0
14 3752432 0 0
14 3530518 0 0
14 3679758 0 0
14 2740203 0 1
14 3697146 0 1
14 3542941 0 0
14 3517532 0 0
14 3765719 0 0
14 3517533 0 1
14 3483767 0 0
14 3122994 0 1
14 2643119 0 0
14 3088856 0 1
14 3517547 0 1
14 3236447 0 1
14 2913563 0 1
14 2740215 0 0
14 3767904 0 0
14 2708991 0 0
14 2246491 0 0
14 3542952 0 1
14 3245388 0 0
14 2772260 1 1
14 3728339 0 0
14 2810578 0 1
14 1602205 0 0
14 3018979 0 1
14 3746176 0 1
14 3283200 0 0
14 3665126 0 1
14 3507752 0 0
14 2584106 0 0
14 2738332 0 0
14 3269387 0 0
14 2448765 0 0
14 2948674 0 1
14 3346838 0 1
14 3806039 0 0
14 3530520 0 0
14 3517569 0 0
14 3276925 0 1
14 2801637 0 1
14 2603750 0 0
14 3866572 0 0
14 3705694 0 0
14 3705697 0 0
14 3693614 1 1
14 3018517 0 0
14 2596115 0 1
14 3379930 0 0
14 3867894 0 0
14 2596117 0 0
14 3516242 0 1
14 3705681 0 0
14 3477076 0 0
14 2596112 0 1
14 3438718 0 1
14 3680781 0 0
14 3132359 0 1
14 3575421 0 0
14 2902496 1 1
14 3608167 0 1
14 3307233 0 1
14 3698044 0 1
14 2902483 0 0
14 3328165 0 1
14 3072477 0 1
14 3705677 0 0
14 3810550 0 0
14 3111425 0 1
14 2621140 0 0
14 2900739 0 1
14 2966588 0 0
14 3835649 0 0
14 3880218 0 0
14 3664750 0 0
14 2837179 0 1
14 3637136 0 1
14 3700939 1 1
14 2873276 0 1
14 2880803 1 0
14 2385744 2 1
14 2885253 0 1
14 3534010 0 0
14 3526878 0 1
14 3855257 0 1
14 3400886 1 1
14 3400887 0 0
14 3687861 0 0
14 2769390 0 0
14 3020341 0 0
14 3546011 0 0
14 3604222 0 1
14 3848950 0 0
14 3407032 0 0
14 3706228 0 1
14 3533152 0 0
14 3556292 0 0
14 183864 1 1
14 2374629 0 0
14 3200163 0 0
14 3560765 0 1
14 3808048 0 0
14 3320890 0 0
14 3569587 0 0
14 3238331 0 0
14 3522057 0 0
14 2385768 0 0
14 3409669 0 0
14 3019363 0 1
14 3296662 0 0
14 2862150 0 0
14 3201016 0 0
14 2850182 0 0
14 3853041 0 0
14 2700076 0 0
14 2700073 0 1
14 3734736 1 1
14 3307435 0 0
14 3184860 0 0
14 3236166 0 1
14 3031002 0 0
14 2829597 0 1
14 2737768 0 1
14 1318453 0 0
14 2769363 1 1
14 3664318 0 0
14 2908657 0 1
14 2599324 0 2
14 2124936 0 0
14 3410249 0 1
14 3099065 0 0
14 3542922 1 1
14 3542921 1 1
14 3274450 0 0
14 3812560 0 0
14 3020306 0 0
14 3698102 0 0
14 3115887 0 0
14 2518380 2 1
14 3630937 0 0
14 1550411 0 0
14 3265993 0 1
14 2854965 0 1
14 2291314 1 1
14 3387383 0 0
14 3505509 0 1
14 2757384 0 0
14 2948700 0 0
14 3542937 0 0
14 3833489 0 0
14 3716027 0 0
14 2769345 0 1
14 1562405 0 1
14 2867806 0 0
14 3763218 0 0
14 2896339 0 0
14 2887895 0 0
14 3833481 0 0
14 2981764 0 1
14 3180473 0 0
14 3420494 0 0
14 2799645 0 0
14 3250013 0 0
14 3545187 0 1
14 2268108 0 0
14 2767158 0 1
14 3286420 0 0
14 3820189 0 0
14 3099090 0 0
14 2896347 0 0
14 3808080 0 0
14 2737778 0 0
14 3160876 0 0
14 3379786 0 0
14 3546039 0 1
14 3808082 0 0
14 3879218 0 1
14 3653219 0 0
14 3858775 0 1
14 3336385 0 0
14 2125381 0 1
14 2859367 0 1
14 2767145 0 1
14 3290976 0 0
14 3083990 0 0
14 2932730 0 0
14 3083989 1 0
14 3521105 0 0
14 3432876 0 0
14 2630936 0 1
14 3038943 0 0
14 2277435 0 0
14 3298461 0 0
14 3835241 0 1
14 3617131 0 1
14 3860675 1 1
14 2672312 0 0
14 2767133 1 1
14 3830807 0 0
14 2996381 0 0
14 3057238 0 1
14 2767138 0 1
14 2769317 0 1
14 3602099 0 1
14 3698942 0 0
14 2956719 0 1
14 2854923 0 1
14 3337248 0 0
14 3783713 0 1
14 1434767 0 0
14 3171154 0 0
14 2600818 0 1
14 3536615 1 1
14 1434765 1 0
14 3639372 0 0
14 3571818 0 0
14 2687807 0 0
14 1088249 0 0
14 1277006 1 1
14 1277007 0 0
14 3546869 0 1
14 2135160 0 0
14 3265521 0 0
14 1277009 0 0
14 3836550 0 1
14 3184474 0 0
14 3767218 0 1
14 3804992 0 1
14 2850580 0 0
14 2987895 0 1
14 3015853 0 0
14 3531396 0 0
14 3804998 0 1
14 2923803 0 0
14 3419863 0 1
14 1526712 0 0
14 3792648 0 0
14 1523208 0 0
14 3117602 0 0
14 3162699 0 1
14 2755147 0 0
14 3804999 0 0
14 3488421 0 0
14 543470 0 0
14 3388290 0 0
14 3553161 0 1
14 3423950 0 0
14 3704936 1 1
14 2734656 0 0
14 3827665 0 0
14 3594920 0 1
14 3305603 0 0
14 3671015 0 0
14 3047849 1 1
14 3153734 0 0
14 3229010 0 0
14 1088250 0 0
14 2270823 0 0
14 3582520 0 0
14 3849445 0 0
14 3889079 0 0
14 2246740 0 0
14 2490730 0 0
14 3570545 0 1
14 3502875 0 1
14 3488881 0 0
14 3654926 0 0
14 3701401 0 1
14 3279725 0 0
14 3792617 0 0
14 2740084 0 0
14 2740083 0 0
14 1036642 0 0
14 2791759 0 0
14 3602089 0 1
14 3524677 0 0
14 3628672 0 1
14 1421412 0 1
14 3409625 0 1
14 3874838 0 0
14 3098158 0 0
14 2661253 0 0
14 2661255 0 0
14 1241058 0 1
14 3503740 0 0
14 3512214 0 0
14 3420418 0 0
14 3546438 1 0
14 3713842 0 0
14 3443996 0 0
14 1550834 0 0
14 3395851 0 1
14 3851743 0 0
14 1236946 1 1
14 2941259 0 0
14 3395857 0 1
14 3560728 0 1
14 2288603 0 0
14 3017962 0 0
14 2813527 0 0
14 2780634 1 1
14 2410225 0 0
14 2745874 0 0
14 2886909 0 0
14 3712003 0 0
14 2740180 0 0
14 3153780 0 0
14 2846445 0 1
14 3541113 0 1
14 2739185 0 0
14 3667461 1 0
14 3670646 0 0
14 2557033 0 0
14 3326964 0 0
14 3713343 0 0
14 2988808 0 1
14 3168813 0 0
14 2672393 0 1
14 3441877 0 1
14 3038415 0 0
14 3131514 0 0
14 3700478 0 1
14 1198251 0 0
14 3667007 0 0
14 3829860 0 0
14 2906932 1 1
14 2011434 0 1
14 2045659 0 0
14 3385625 0 0
14 3531319 0 0
14 3385619 0 1
14 3322141 0 0
14 3679469 0 0
14 1769396 0 0
14 3058023 0 0
14 2687896 1 1
14 3818750 0 1
14 3451623 0 1
14 3333230 0 0
14 3198659 0 1
14 3533522 0 0
14 2137326 0 0
14 3326932 0 1
14 3544661 0 1
14 2678982 0 0
14 2947060 0 0
14 3371471 0 1
14 1769385 0 0
14 3429774 0 0
14 3311442 0 0
14 1139491 0 0
14 2988841 0 1
14 3451631 0 1
14 3544670 0 1
14 3713305 0 1
14 3300782 0 0
14 3290011 1 1
14 3290013 2 1
14 2741488 0 0
14 3671523 0 0
14 3462752 0 1
14 3576244 0 0
14 3701368 0 0
14 3642585 1 0
14 2135126 0 0
14 2705395 0 0
14 1183193 0 1
14 3493005 0 1
14 3163575 0 0
14 3671552 0 0
14 3003788 0 0
14 3038407 0 0
14 2595308 0 1
14 3038404 0 0
14 2640391 0 1
14 2447977 0 0
14 3372348 0 0
14 3657256 0 0
14 3866834 0 1
14 3750721 0 0
14 3488901 0 0
14 3425383 0 0
14 2838839 0 0
14 3205006 0 0
14 529263 0 1
14 2994658 0 0
14 156662 0 0
14 2994656 2 1
14 3016239 0 0
14 3833507 0 0
14 2374567 0 0
14 270697 0 1
14 2063499 1 0
14 3653220 0 0
14 3192991 0 0
14 3843310 0 0
14 2820696 0 1
14 2536180 0 1
14 3075451 0 0
14 1241939 0 0
14 3300755 0 0
14 1475610 0 0
14 3331493 0 0
14 3358971 0 0
14 3856620 0 0
14 3093208 1 1
14 2605616 0 1
14 3160923 0 0
14 3160921 0 0
14 2526396 0 0
14 3294406 0 0
14 3160925 0 0
14 3842452 0 0
14 1761051 0 0
14 3413305 0 1
14 3559281 0 0
14 3603860 0 0
14 2410290 0 0
14 3653235 0 0
14 3676336 0 1
14 2120485 0 0
14 3720952 0 0
14 2448460 0 1
14 2448467 0 0
14 2705356 0 0
14 3476906 0 0
14 3777819 0 1
14 3385694 0 0
14 3343451 0 0
14 3549450 0 0
14 3437303 0 0
14 3160941 0 0
14 3175192 0 0
14 3691508 0 1
14 3530861 0 0
14 2526371 0 1
14 2829486 0 1
14 3218759 0 0
14 3160943 0 0
14 3247680 0 0
14 3435130 0 1
14 3309573 0 0
14 2008667 0 0
14 3357616 0 0
14 2479171 0 0
14 2943071 0 0
14 2946581 0 1
14 2955055 0 1
14 3093233 0 0
14 2644320 0 1
14 3529422 0 0
14 3503276 0 0
14 3054948 0 0
14 3584277 0 0
14 3809434 2 1
14 2136873 0 0
14 3542887 0 1
14 2275736 0 0
14 3542884 0 0
14 2259255 0 0
14 3613650 0 1
14 3284669 0 1
14 2074576 0 1
14 2957285 0 0
14 2876696 0 0
14 2938984 0 0
14 2984408 0 0
14 2984407 0 1
14 3869913 1 1
14 3088707 0 0
14 1654154 0 1
14 3527238 1 0
14 3795691 0 0
14 3074558 0 1
14 3833552 0 0
14 3101765 0 1
14 3102610 0 1
14 2585577 1 1
14 3321668 0 1
14 3459527 1 0
14 3176485 0 0
14 3201058 0 1
14 3469334 0 0
14 3481421 0 0
14 3693727 0 0
14 3773423 0 0
14 2992003 0 0
14 2631053 1 1
14 2677268 1 0
14 2248586 1 0
14 3458200 0 1
14 1964804 0 0
14 3822405 0 1
14 3517463 0 0
14 3063409 1 1
14 3668300 0 1
14 3631047 0 0
14 2991663 0 0
14 3045998 0 0
14 1065060 0 1
14 3463094 0 0
14 3879583 0 0
14 3756617 0 0
14 3673351 0 0
14 3436712 0 1
14 2646790 0 1
14 3409560 0 1
14 3650238 0 0
14 2125099 0 0
14 2769272 0 1
14 3389887 1 1
14 2714576 0 0
14 3162713 1 0
14 2813098 0 0
14 3377421 0 1
14 3205509 0 1
14 2726548 0 1
14 1343591 0 1
14 3742472 0 1
14 1413549 0 1
14 2838368 2 1
14 3123554 0 1
14 3170346 0 1
14 3560643 0 0
14 3075397 0 0
14 2441433 0 0
14 3298966 0 0
14 2761786 0 1
14 3503657 0 1
14 3533064 0 1
14 2646334 0 1
14 2940086 1 1
14 3390892 1 1
14 3835514 0 1
14 2821934 0 0
14 317469 1 1
14 3134683 0 0
14 3194779 1 1
14 3835510 0 0
14 1065097 0 1
14 2921346 0 0
14 3557002 0 1
14 3030032 0 1
14 2799973 0 1
14 2690077 0 0
14 3499487 0 0
14 3227341 0 0
14 3457605 0 0
14 3516987 0 0
14 3597910 0 1
14 3514321 0 0
14 3745928 1 1
14 2682450 0 1
14 3573542 0 0
14 2559826 1 1
14 2578985 0 0
14 2628085 0 1
14 2232040 0 0
14 2559824 0 0
14 3401656 1 1
14 3064241 0 0
14 3401657 0 1
14 1483826 0 0
14 3663595 0 0
14 2375864 0 1
14 3516513 0 0
14 2829468 0 1
14 3326248 1 1
14 3549440 0 1
14 3238485 0 1
14 3415800 0 1
14 3728598 0 1
14 3420385 0 0
14 3701923 0 0
14 3006373 0 1
14 2599461 0 1
14 1033893 0 0
14 3846689 0 1
14 3348025 0 0
14 3573524 0 1
14 3444317 0 0
14 3650297 0 1
14 3547238 0 0
14 3837720 0 0
14 3467437 0 1
14 2690068 0 0
14 512286 0 0
14 3506731 0 1
14 3420375 0 0
14 2690065 0 0
14 2690064 0 0
14 2622752 0 0
14 2690062 0 0
14 2682448 0 0
14 3463068 0 0
14 3153822 0 0
14 3884537 0 1
14 2901307 0 0
14 3420767 0 1
14 1592112 0 0
14 3407781 0 0
14 3519134 0 0
14 3263000 0 1
14 3147136 0 0
14 3168092 0 1
14 3377020 0 0
14 3528082 0 0
14 3884541 0 0
14 3215703 0 1
14 2604089 0 0
14 3036638 1 1
14 1779609 0 0
14 3639017 0 0
14 2771980 0 0
14 2366049 0 0
14 3278954 0 1
14 3287422 0 0
14 3555219 1 1
14 3276779 0 1
14 3161475 0 1
14 3779797 0 0
14 3139986 0 0
14 3444754 0 0
14 3011363 0 1
14 3760701 0 0
14 3312078 0 0
14 3577473 0 0
14 2580013 0 0
14 3862719 0 1
14 3884562 0 0
14 3328889 0 1
14 2714513 0 0
14 3097155 0 0
14 3627030 0 0
14 2682486 0 0
14 2686843 0 1
14 3464355 0 0
14 2796066 0 1
14 2941366 0 0
14 3615026 0 0
14 3583747 0 0
14 3439340 0 0
14 3214823 0 0
14 3632848 0 1
14 3713931 0 1
14 3788258 0 1
14 3441662 0 0
14 2595921 0 1
14 1386702 0 1
14 3722415 0 0
14 3162749 0 0
14 3430592 0 1
14 3160575 0 0
14 524672 0 0
14 2384720 0 1
14 3588184 0 1
14 2366074 0 0
14 2874837 0 0
14 3852970 0 1
14 2636171 0 0
14 3885848 0 1
14 3848462 0 0
14 3829702 0 0
14 3541093 0 0
14 3754493 0 0
14 3570899 0 0
14 3804449 0 0
14 3836009 0 0
14 2796093 0 0
14 2802381 0 0
14 2766585 0 0
14 2607539 0 0
14 395832 0 1
14 3136022 0 0
14 3880166 0 1
14 3136021 0 1
14 2893118 0 0
14 3765128 0 1
14 3426078 0 0
14 3541470 0 0
14 1382265 1 1
14 2596774 0 1
14 3759205 0 0
14 2760911 0 1
14 3358219 0 0
14 2598959 0 0
14 2923178 0 0
14 3451558 0 0
14 3470296 0 0
14 3874342 0 1
14 3803125 0 0
14 3512919 0 0
14 2740075 0 0
14 3361851 0 0
14 2729252 0 0
14 3220246 0 1
14 3756167 0 0
14 3004541 0 1
14 3591743 0 0
14 3741913 0 0
14 3615916 0 1
14 2426706 1 0
14 3358685 0 1
14 549194 0 0
14 1564177 0 0
14 2918600 0 0
14 3402118 0 0
14 3876531 0 0
14 1448174 0 0
14 2515304 0 0
14 3633793 0 0
14 3406955 0 1
14 2730277 0 0
14 3291889 0 1
14 2631760 0 1
14 3008914 0 1
14 3467913 0 1
14 3220250 2 1
14 3741947 0 0
14 3726300 0 1
14 3852524 0 0
14 3793580 0 1
14 3724138 0 1
14 3548091 0 0
14 3385502 1 1
14 2740054 0 1
14 3181906 0 0
14 3847169 0 1
14 3740602 0 0
14 1804268 0 1
14 3740609 0 0
14 3319096 0 1
14 3740606 0 0
14 2984544 0 0
14 3189875 0 0
14 3640070 0 0
14 3876543 0 0
14 3793562 0 0
14 3446154 0 1
14 3747664 0 0
14 3868095 0 0
14 2390579 1 1
14 3771778 0 1
14 3085972 0 0
14 3808860 0 0
14 3569844 0 1
14 2605766 0 0
14 3000134 0 0
14 2890018 0 0
14 3507127 0 0
14 3748500 0 0
14 2799065 0 1
14 3703679 0 0
14 3291467 0 0
14 3577456 0 0
14 37406 0 1
14 3230099 0 0
14 3701489 0 0
14 1519138 0 0
14 3230095 0 0
14 3015646 0 0
14 3431952 0 0
14 3733039 0 0
14 2203182 0 0
14 3528076 0 1
14 3884116 0 0
14 3600860 0 1
14 2740008 0 1
14 1557854 1 1
14 3700151 0 1
14 3230093 0 0
14 3161032 0 0
14 3402151 0 0
14 2625348 0 1
14 3658225 0 1
14 3661871 0 0
14 2605759 0 1
14 3246434 0 1
14 3141457 0 0
14 3819526 0 0
14 3733041 0 0
14 2627525 1 0
14 2901793 0 0
14 3876502 0 0
14 3505772 0 1
14 3834717 0 0
14 3772265 0 0
14 2474850 1 1
14 3109789 0 1
14 2762252 0 0
14 1824728 0 1
14 3152170 0 0
14 3841499 0 1
14 3517754 0 0
14 3532909 0 0
14 3536037 2 1
14 2627996 0 1
14 3599613 0 1
14 3817371 0 1
14 3821409 0 0
14 3574792 0 1
14 2753304 0 0
14 3180639 0 0
14 2448554 0 0
14 3517768 0 1
14 3866778 2 1
14 3373100 0 1
14 3644056 0 0
14 1679798 0 1
14 2612016 0 1
14 3515586 0 0
14 2923106 0 0
14 548267 0 1
14 3692925 0 0
14 3852134 0 0
14 3279364 0 0
14 2448585 0 1
14 3810763 0 0
14 3502287 0 1
14 3530755 0 0
14 2009625 0 0
14 3176167 1 1
14 3176166 0 0
14 2761388 0 0
14 2783161 1 1
14 2920084 0 0
14 3517777 0 0
14 2124954 0 0
14 3170856 0 0
14 3816063 0 1
14 3666207 0 0
14 3799710 0 1
14 3851260 0 1
14 3706726 0 0
14 3271409 0 0
14 2706570 0 0
14 3339080 0 1
14 3389947 0 0
14 3843640 0 1
14 3781199 0 1
14 2577649 0 0
14 3130360 1 0
14 3431062 1 1
14 2715046 0 0
14 3271411 0 1
14 3176170 0 0
14 3741533 0 0
14 2569194 0 0
14 3614649 0 1
14 3094446 0 0
14 2578976 0 1
14 2831203 1 1
14 1794449 1 1
14 3262507 0 1
14 3205552 0 1
14 3813813 1 0
14 3124981 0 0
14 3466160 0 0
14 3505333 0 1
14 3745087 0 1
14 3589846 0 0
14 3677352 0 0
14 3389956 1 1
14 3477292 0 0
14 2739423 0 0
14 3627920 0 0
14 3517315 0 0
14 2822791 1 1
14 3375793 0 1
14 3137826 0 1
14 3224232 0 0
14 2857829 1 0
14 3137828 1 1
14 3728519 0 0
14 2585689 0 1
14 3402108 0 0
14 3508855 0 1
14 2936441 0 0
14 2706994 0 1
14 3320427 0 0
14 3341383 0 0
14 3305278 0 0
14 3821450 0 0
14 3867662 0 1
14 3451906 0 1
14 3565879 0 1
14 1402327 1 0
14 2927504 0 1
14 3402100 0 0
14 3615955 0 1
14 2949758 0 0
14 3573493 0 0
14 3015244 0 0
14 3858701 0 0
14 3552547 0 1
14 2131284 0 0
14 3089911 2 1
14 3752633 0 0
14 3294566 0 1
14 3602640 0 0
14 3451917 0 1
14 2828090 0 0
14 3240746 0 0
14 2769293 0 0
14 3691667 0 0
14 2725276 0 0
14 3836928 1 1
14 2935134 1 1
14 3363139 0 1
14 1794008 0 0
14 3821438 0 1
14 3821435 1 0
14 1471781 1 0
14 3021929 0 1
14 3728537 0 0
14 2698060 1 0
14 3423753 0 1
14 3044544 0 0
14 3148997 0 1
14 3172623 0 1
14 3538612 0 0
14 3305484 0 0
14 2098752 0 0
14 3695255 0 0
14 2844943 0 0
14 1379647 1 0
14 544193 0 0
14 3310834 1 1
14 3524458 0 0
14 3162821 0 0
14 2909783 1 1
14 3079651 0 1
14 3181586 0 0
14 3181584 0 0
14 3204303 0 1
14 3834551 0 1
14 3684111 0 1
14 2804020 0 1
14 3722979 0 1
14 3459716 0 1
14 3065493 0 0
14 1858696 0 0
14 2990449 0 1
14 3524445 0 0
14 3010784 0 0
14 3396049 0 1
14 3296432 0 0
14 3444223 0 0
14 3489580 0 0
14 2828440 2 1
14 3560522 0 0
14 3686329 0 1
14 3821221 0 0
14 3711853 0 0
14 2246514 0 0
14 3296424 0 2
14 2798987 0 1
14 3708635 0 0
14 3386260 0 0
14 3597853 0 1
14 3504870 0 1
14 3687640 0 0
14 3364663 0 0
14 2496697 1 0
14 3259028 0 0
14 3430499 0 0
14 3751055 0 0
14 2992604 0 0
14 2449020 0 0
14 3087248 1 1
14 3181592 0 1
14 3459730 0 1
14 1278504 0 0
14 3231948 0 0
14 3570325 0 1
14 3429028 0 0
14 3525316 0 0
14 3559119 1 0
14 3797241 0 0
14 3349490 0 0
14 3878578 1 1
14 2684511 0 0
14 3764327 0 1
14 3213209 0 0
14 1240387 0 0
14 161802 0 0
14 3878102 0 0
14 2222592 0 1
14 3231973 0 0
14 3330899 0 0
14 3845249 0 0
14 3695280 0 0
14 3114312 1 1
14 3273373 0 0
14 2924510 0 1
14 3253774 0 0
14 3613341 0 1
14 2745137 0 0
14 2843635 0 0
14 3845239 1 0
14 2908877 1 1
14 3226158 0 1
14 3100151 0 0
14 1852903 0 0
14 3318771 0 0
14 3168100 0 0
14 3794193 0 0
14 3714092 1 1
14 3787892 0 1
14 2956576 0 0
14 3004089 0 0
14 2363305 0 0
14 3150839 2 1
14 3529716 0 1
14 3764312 0 0
14 3555598 0 1
14 3421971 0 0
14 3639158 0 1
14 3658236 0 1
14 3214503 1 1
14 2443793 0 1
14 2779365 0 0
14 2125149 0 1
14 3123294 0 0
14 3298221 1 1
14 3377381 0 1
14 3523515 0 0
14 3113028 0 0
14 3779461 0 0
14 3714958 0 1
14 3629351 0 1
14 3177918 0 1
14 1866702 0 0
14 1920553 0 1
14 3126789 0 0
14 3342800 0 0
14 2990838 0 0
14 3046346 0 1
14 3658250 1 1
14 1805747 0 0
14 3519038 0 1
14 2823148 1 0
14 3306757 0 0
14 137370 1 0
14 3200327 0 1
14 2952111 0 0
14 2996132 0 1
14 1175898 0 0
14 3298206 0 0
14 3499780 0 0
14 3658262 0 0
14 3722115 0 0
14 2582796 0 0
14 2840956 0 0
14 3228382 0 0
14 3638277 0 1
14 3638278 1 1
14 2904905 0 1
14 3430891 0 0
14 3692153 0 0
14 3846115 0 0
14 3166813 0 0
14 3503948 0 1
14 2630722 0 1
14 3241343 0 0
14 3189914 0 1
14 128832 1 1
14 3393871 0 0
14 3394723 0 0
14 3743036 0 0
14 137307 0 0
14 3183319 0 1
14 3022794 0 0
14 3641437 1 0
14 2954790 0 0
14 3769617 0 0
14 3281818 0 0
14 2777147 0 0
14 3870214 0 0
14 3843918 0 1
14 3599144 1 1
14 3519070 0 0
14 3660129 0 1
14 126243 0 0
14 3475301 0 0
14 3521370 0 0
14 3106748 0 0
14 3443736 1 1
14 3523553 0 0
14 2760704 0 1
14 3276451 0 0
14 3617787 0 0
14 3182009 0 1
14 3182008 0 1
14 116425 0 0
14 3485580 0 1
14 2639568 0 1
14 2743353 0 0
14 3136152 0 0
14 3539927 0 1
14 2080648 0 0
14 3182010 0 1
14 3323283 0 0
14 3485102 0 1
14 2876922 0 0
14 521495 0 0
14 2672140 0 0
14 1420328 0 0
14 3599156 0 1
14 3182011 0 1
14 3846152 0 1
14 2449069 0 0
14 3847000 0 1
14 3114370 1 1
14 2768640 0 1
14 3407696 0 1
14 2503996 0 1
14 3714936 0 1
14 2503999 0 0
14 3182007 0 0
14 1551927 0 0
14 3296058 0 1
14 3489953 0 0
14 2648045 0 0
14 2799007 0 1
14 2799006 0 1
14 3315651 0 1
14 3851981 0 0
14 3775813 0 1
14 3311241 0 0
14 3827460 0 0
14 2642757 0 0
14 3864401 0 1
14 3864400 0 0
14 3371672 0 0
14 3842624 0 0
14 3680202 0 0
14 3670882 0 1
14 1621058 0 0
14 2764381 0 1
14 3115284 0 0
14 3326724 0 1
14 3556859 0 1
14 2938301 0 0
14 3323212 0 1
14 2630300 0 1
14 3858192 0 1
14 3859040 0 0
14 3118318 0 0
14 3068084 0 1
14 481084 0 1
14 3667233 0 1
14 2775026 1 1
14 3606293 0 0
14 2822212 0 0
14 3712269 0 0
14 3815017 1 1
14 2803948 0 0
14 2893429 0 1
14 3837243 0 0
14 3179729 0 1
14 3877750 2 0
14 2586631 0 1
14 2376133 0 0
14 2762184 0 0
14 3624964 0 0
14 3166897 0 0
14 3883197 0 1
14 3099615 2 0
14 3440320 0 0
14 2688502 0 0
14 3554226 0 1
14 2881896 0 0
14 2881895 0 0
14 3309367 0 1
14 3464703 0 0
14 2953983 0 0
14 2656964 0 1
14 3530247 0 1
14 3704649 0 0
14 3324503 0 0
14 1414020 0 0
14 3407750 0 1
14 3438425 0 1
14 3892077 0 1
14 3130466 1 1
14 3578669 0 1
14 280681 0 0
14 1949812 0 0
14 3492397 0 0
14 3690068 0 0
14 2803981 0 0
14 3690066 1 0
14 3151382 0 1
14 3713559 0 1
14 2763003 0 0
14 3182093 0 0
14 2822251 0 0
14 3611601 0 0
14 3547916 0 0
14 3821706 0 0
14 1470187 0 0
14 3598224 0 0
14 2387294 0 0
14 3231079 0 0
14 3658340 0 0
14 3439771 1 0
14 3309376 0 1
14 2783070 0 0
14 32297 0 0
14 3701592 0 0
14 3110859 0 0
14 1364522 0 0
14 3470100 0 0
14 3691736 0 0
14 3474946 0 0
14 2914743 0 0
14 3054752 0 0
14 3106393 1 1
14 3110420 0 1
14 2572044 0 0
14 2868875 0 1
14 3272873 0 0
14 2448206 0 0
14 2754980 0 0
14 3282669 1 1
14 3693903 0 1
14 3254196 0 0
14 3283531 0 0
14 107028 0 0
14 2364534 0 0
14 2915602 0 1
14 3754944 0 0
14 3109418 0 1
14 3198048 0 0
14 3438866 0 0
14 3603620 0 0
14 3374796 0 0
14 1247497 0 0
14 3031621 0 0
14 2033858 0 0
14 3021828 1 0
14 2738482 0 0
14 3417907 0 0
14 3635693 0 1
14 3120681 0 0
14 3546180 0 1
14 2783048 1 1
14 3102813 0 1
14 3548361 1 1
14 1044508 0 0
14 3336925 0 1
14 3622376 0 0
14 3336921 0 1
14 3537269 0 0
14 3092134 0 0
14 2440744 0 0
14 2832893 0 0
14 3491032 0 1
14 2627607 0 0
14 3181626 2 1
14 3552875 0 0
14 3632177 0 0
14 3687249 0 0
14 1914302 0 1
14 2728221 0 0
14 2967260 0 0
14 3273706 1 1
14 3531955 2 1
14 3808793 0 1
14 3410014 1 1
14 3438403 0 1
14 3482561 0 1
14 2448217 0 1
14 3091294 0 0
14 3133997 0 0
14 3632179 0 1
14 3373009 0 1
14 3573792 1 1
14 2397008 0 0
14 3746051 0 0
14 3586697 1 0
14 2726472 0 0
14 3829287 0 1
14 3433121 1 1
14 3458412 0 0
14 3750555 0 1
14 3246148 1 0
14 3565765 0 1
14 2124659 0 0
14 3074328 0 0
14 3636523 0 0
14 2648945 1 1
14 3282245 0 1
14 3285752 0 0
14 3529656 0 1
14 3145557 1 1
14 3417940 0 0
14 3284420 0 1
14 2880956 0 0
14 2656553 0 1
14 3389848 2 1
14 3436640 0 1
14 2867991 0 0
14 3887575 0 1
14 2803937 0 0
14 2842275 0 0
14 3134427 0 0
14 1253729 0 0
14 3206512 0 1
14 3226548 0 1
14 3074312 0 0
14 3467396 0 0
14 3260467 0 0
14 2727343 0 1
14 3284874 0 0
14 3060136 0 0
14 3218969 0 0
14 3583163 0 0
14 3859919 0 1
14 3471412 0 0
14 3458432 0 1
14 2613898 0 0
14 3300974 0 1
14 3480336 0 0
14 3812862 0 1
14 3830269 0 1
14 2807031 0 0
14 2856402 0 1
14 3227410 0 1
14 3387206 0 0
14 3462926 0 1
14 2135756 0 0
14 2413103 0 0
14 3410057 0 0
14 2803913 0 1
14 3354306 0 1
14 3437511 0 0
14 3724297 1 1
14 2385033 0 1
15 3614378 0 1
15 3087156 0 0
15 3562604 0 1
15 2011096 0 0
15 3786275 0 0
15 3304271 0 1
15 3821123 0 0
15 3304276 0 0
15 1208965 0 0
15 3398111 0 0
15 3304279 0 0
15 2385628 0 0
15 1036504 0 0
15 3215550 0 0
15 3573503 0 1
15 3166068 0 0
15 2588583 0 1
15 3502786 0 0
15 3556165 0 0
15 2726540 2 1
15 3502792 0 1
15 3215545 0 1
15 3614381 0 0
15 1185520 0 0
15 3686658 0 0
15 3304262 0 1
15 2678139 0 0
15 3043563 0 0
15 3162708 0 0
15 3304266 0 1
15 3665738 0 0
15 3733741 0 0
15 3033529 0 0
15 3273697 0 0
15 3309957 0 1
15 3825977 0 1
15 1174872 0 0
15 3261233 0 0
15 194660 0 0
15 2794498 0 0
15 2346482 0 0
15 2930290 1 0
15 3304290 0 0
15 3780706 2 1
15 3123554 0 0
15 3432328 0 0
15 2913953 0 0
15 3194557 0 0
15 2655295 0 0
15 2991649 0 0
15 3043591 0 0
15 1131910 0 0
15 2978429 0 0
15 3196730 0 0
15 3791844 0 0
15 3809254 0 1
15 3409542 0 0
15 3572638 0 0
15 3332729 0 0
15 3653760 0 0
15 2763727 0 0
15 2921330 0 0
15 3830291 0 0
15 2763729 0 0
15 3443031 0 0
15 2687099 0 0
15 3304281 0 0
15 3162726 1 1
15 3539835 0 0
15 3196963 0 0
15 3069953 0 0
15 3304289 0 1
15 3410771 0 0
15 3785158 0 0
15 3170348 0 1
15 3399219 0 0
15 2779296 0 0
15 2579429 0 0
15 3857520 0 0
15 3090124 0 0
15 3707411 0 0
15 2726513 0 0
15 3214429 0 0
15 3663347 0 0
15 2726514 2 1
15 3721953 0 0
15 3422109 0 0
15 3784054 0 0
15 3431058 0 1
15 2747450 0 0
15 2522300 0 0
15 3111156 2 1
15 2637889 1 0
15 3653542 0 1
15 3074283 0 0
15 3570271 0 0
15 3683194 0 0
15 3043528 0 0
15 3733704 0 1
15 3822024 0 0
15 2782204 1 1
15 3283056 0 1
15 3659092 0 0
15 1592140 0 1
15 3431046 0 0
15 545194 0 0
15 3708320 0 0
15 2726508 0 0
15 3595984 0 0
15 3507803 0 0
15 1525160 0 0
15 2882051 0 0
15 2922212 0 0
15 3665546 0 0
15 3614797 1 1
15 3419394 0 0
15 2174491 0 0
15 2890908 0 1
15 1784608 1 1
15 1832178 0 0
15 2657276 0 0
15 1832179 0 0
15 3006376 0 1
15 3749061 0 0
15 3825982 0 1
15 3304256 0 1
15 1988825 0 0
15 3507817 0 0
15 3350117 0 0
15 3505635 0 0
15 3261489 0 1
15 3564814 0 0
15 3100269 0 0
15 3614322 0 0
15 3148888 0 0
15 3170312 0 0
15 3524144 0 0
15 3237174 0 1
15 3476131 0 0
15 3348033 0 1
15 3859740 0 1
15 3203987 0 0
15 3337595 0 1
15 3477658 0 0
15 3692029 0 1
15 3719271 0 0
15 3782509 0 0
15 138799 0 0
15 2241597 0 0
15 2769446 2 0
15 65528 0 0
15 3302016 0 0
15 3445826 0 0
15 3056012 0 0
15 1581463 0 1
15 2071305 0 0
15 2963121 2 1
15 3682695 0 0
15 3400924 0 0
15 421743 0 0
15 1581458 0 0
15 2001691 0 0
15 421745 0 0
15 3838404 0 0
15 1164436 0 1
15 1779609 0 0
15 2852863 0 0
15 3618104 0 1
15 2700585 0 0
15 2700584 0 0
15 2366049 0 0
15 3659468 0 1
15 3719296 1 1
15 2048992 0 0
15 2639405 0 0
15 2672220 0 0
15 2790738 0 0
15 2672226 2 0
15 3016819 0 0
15 3361201 2 1
15 3792537 0 0
15 2931786 0 0
15 1036568 0 0
15 3163653 0 0
15 3531040 0 0
15 1976672 0 1
15 3531039 0 1
15 2884455 2 1
15 3016820 0 0
15 2640409 0 0
15 3016828 0 0
15 3213743 0 1
15 3710498 0 0
15 2801018 0 0
15 3263230 0 0
15 2627162 0 0
15 2770406 0 0
15 2769416 0 0
15 3866077 0 1
15 3262143 0 1
15 152645 0 0
15 3603084 0 0
15 3445851 0 1
15 1581470 0 1
15 3783812 0 1
15 2642832 0 0
15 2675516 0 0
15 3862308 0 1
15 1892058 0 0
15 3015902 0 0
15 2672247 1 1
15 3848245 0 1
15 2713835 0 1
15 3014817 2 1
15 1913924 0 1
15 3056215 2 1
15 3162982 0 1
15 3521269 0 1
15 3522359 1 1
15 2628006 0 0
15 3771809 0 0
15 3000417 0 0
15 3782713 0 0
15 3599262 0 0
15 2697319 0 0
15 2713849 2 1
15 1513580 0 1
15 1526415 0 0
15 3015918 2 1
15 3792989 0 0
15 3160575 0 0
15 3652862 0 0
15 1769412 0 0
15 3180160 0 0
15 2009374 0 1
15 3874942 1 0
15 2366074 0 0
15 2823093 0 0
15 2941598 2 1
15 64494 0 0
15 2642857 0 1
15 2712529 0 0
15 3325348 0 0
15 2642859 0 0
15 3581782 0 0
15 2669090 0 1
15 2713850 0 0
15 3603059 0 0
15 3043391 0 1
15 3141862 0 0
15 3002854 0 0
15 3335596 0 0
15 1373631 0 0
15 2449186 2 1
15 3152741 0 0
15 3340954 1 1
15 3504950 0 1
15 3789311 0 0
15 3789312 0 1
15 3113161 0 0
15 3521270 0 0
15 3881498 0 0
15 3369119 1 0
15 3323394 0 0
15 2008067 0 0
15 3340949 0 0
15 2816301 2 1
15 3161682 0 1
15 3336698 0 0
15 3872390 0 1
15 3853875 2 1
15 3015424 2 0
15 3171096 0 0
15 1878510 0 0
15 2672280 0 0
15 2893321 0 0
15 3461599 0 0
15 2009687 0 0
15 3222657 0 0
15 3162145 0 0
15 3191936 0 1
15 3565202 0 0
15 2008352 0 0
15 1896172 0 0
15 2719216 0 0
15 2672282 0 0
15 3334005 0 0
15 3633335 0 0
15 3037213 0 0
15 3097768 0 0
15 1180859 0 0
15 1079913 0 0
15 3797952 0 0
15 2219959 0 0
15 2698209 0 1
15 1971834 0 0
15 1569865 0 0
15 2377328 0 0
15 2480222 0 1
15 3030805 0 0
15 3030804 0 0
15 3818617 0 0
15 3498648 0 0
15 3052620 1 0
15 1166574 0 0
15 3052621 0 0
15 3818613 0 1
15 3094260 2 1
15 3097770 0 1
15 3359777 0 0
15 1474474 0 0
15 2850842 0 0
15 2010675 0 1
15 3673807 0 0
15 3015448 0 1
15 3103189 0 0
15 3015447 0 0
15 2903549 0 0
15 3586356 0 0
15 3018959 2 0
15 3002375 2 0
15 2803824 0 0
15 2576948 0 0
15 3002374 0 0
15 2526409 0 1
15 2596792 0 1
15 3396873 0 0
15 3304619 0 0
15 2900277 0 0
15 3357589 0 0
15 1382248 0 0
15 3519790 0 0
15 3804475 0 0
15 3477709 0 1
15 3750880 0 0
15 3151451 0 1
15 3583074 2 1
15 3589611 0 1
15 3082229 0 0
15 3636818 0 0
15 2803839 0 0
15 3303515 0 0
15 2217555 0 0
15 3018960 0 0
15 2835646 0 0
15 2918627 0 1
15 2729468 2 1
15 3015867 0 1
15 2740022 1 1
15 2804732 0 0
15 3660999 0 0
15 2169208 0 1
15 2116997 0 0
15 3265187 0 0
15 2766898 2 1
15 1142319 0 0
15 1475532 0 0
15 3747426 0 1
15 3475944 0 1
15 3830327 0 1
15 2799065 0 0
15 3810931 0 0
15 3405216 0 0
15 3015636 0 0
15 3793558 0 0
15 2193324 0 0
15 3527194 0 0
15 1247570 0 0
15 3543221 0 0
15 2766886 2 1
15 3353198 0 0
15 3335546 0 1
15 3851007 0 0
15 3747418 0 0
15 3188720 0 1
15 3521416 0 1
15 3851001 0 0
15 2479648 0 0
15 3013222 0 0
15 2921813 2 0
15 3492030 0 0
15 3499904 0 0
15 2226069 0 0
15 3499903 0 0
15 2954974 2 0
15 3761953 0 1
15 2718108 0 0
15 3215178 0 0
15 2766875 2 1
15 3671674 0 0
15 3671678 0 1
15 1601970 0 0
15 3299175 0 0
15 2709639 1 0
15 1884144 0 0
15 2754658 0 1
15 3535835 0 0
15 3787093 0 0
15 1994710 0 0
15 3016743 0 0
15 3129104 2 1
15 2526210 0 0
15 3329089 0 1
15 3662728 0 0
15 2135230 0 0
15 3814079 0 1
15 3481396 0 0
15 459232 0 0
15 2718110 0 0
15 3003679 0 1
15 3097598 0 0
15 1142325 0 0
15 2984348 0 0
15 3016115 1 0
15 1784628 0 1
15 2693827 0 0
15 2480051 0 0
15 1201366 0 0
15 3389914 0 0
15 3714388 0 1
15 3152170 0 0
15 3226616 0 0
15 3604615 0 0
15 1555610 0 0
15 3517754 0 0
15 2795733 0 0
15 2576766 0 0
15 2010840 0 1
15 2668621 0 0
15 3684085 0 1
15 3878777 0 0
15 3686255 0 0
15 3451952 0 0
15 3139193 0 0
15 3612480 0 0
15 2693837 0 1
15 3016127 0 1
15 2643339 0 0
15 3016128 0 0
15 3721928 0 0
15 3236427 0 0
15 3679720 0 1
15 59895 0 1
15 2693828 0 0
15 2448317 0 1
15 3639707 0 1
15 3204258 0 0
15 3015288 0 0
15 2684097 0 0
15 3156516 0 1
15 3560125 0 0
15 3760260 0 1
15 1097757 0 0
15 3322677 0 0
15 2970786 1 1
15 3751105 0 0
15 3600025 0 0
15 2970787 0 0
15 3139186 0 0
15 3600265 0 0
15 3659907 0 1
15 1533809 0 0
15 3604837 0 1
15 3516685 1 0
15 3514267 0 1
15 3646223 1 1
15 60651 0 0
15 3283619 0 0
15 3335711 0 1
15 3564735 0 0
15 3575620 0 1
15 2124710 0 0
15 3169873 0 0
15 3659905 0 0
15 2480047 0 0
15 3097708 0 0
15 3156502 0 1
15 1241812 0 0
15 2223143 0 0
15 3178110 0 0
15 3799716 0 1
15 2630042 0 0
15 2817394 0 1
15 3180421 0 0
15 3180661 0 0
15 3788829 0 1
15 2578976 0 0
15 2838901 0 0
15 3015222 0 0
15 3015464 0 1
15 3208820 0 0
15 3507754 0 1
15 2448763 0 0
15 2693868 0 1
15 3180603 0 0
15 2693869 0 0
15 3549390 0 1
15 1282573 0 1
15 3799706 0 1
15 3477292 0 0
15 3789904 0 1
15 2822794 1 1
15 2876108 0 0
15 3687153 0 1
15 3530760 0 0
15 155642 0 0
15 3205541 2 1
15 2479038 0 1
15 3304185 0 0
15 3699154 0 0
15 1190221 0 0
15 3416739 0 0
15 1201172 0 0
15 3113861 0 0
15 1201170 0 0
15 2698088 0 1
15 3451907 0 0
15 2385131 0 0
15 3530310 0 0
15 2855661 0 0
15 3015243 0 0
15 1175050 0 0
15 3015487 1 0
15 3362054 0 0
15 3415873 0 0
15 3858709 0 0
15 3414549 0 0
15 2698057 0 1
15 3205779 2 1
15 3015480 0 0
15 3575664 0 0
15 3854342 0 1
15 3015242 0 0
15 3204688 0 1
15 3634207 0 1
15 2724187 0 0
15 3669515 0 0
15 3282101 1 1
15 2822309 0 1
15 3053729 0 0
15 2007650 0 1
15 3539596 0 0
15 2841282 0 0
15 3539598 0 0
15 1904435 0 1
15 3468117 0 0
15 2649930 2 0
15 3188582 0 0
15 2051328 0 0
15 2926674 0 0
15 3100577 0 1
15 3766780 0 0
15 2647525 0 0
15 3043456 0 1
15 3041036 0 1
15 2948919 0 0
15 3121279 0 0
15 2670306 0 0
15 2098752 0 0
15 3043454 0 1
15 3820150 0 0
15 3126727 0 0
15 3413953 0 0
15 1501023 0 0
15 3375113 0 0
15 3433566 0 0
15 1379641 0 0
15 1368996 0 0
15 2098769 0 1
15 1185645 0 1
15 2626812 0 0
15 3789895 0 0
15 3523596 0 0
15 3549522 0 0
15 3814932 0 1
15 3814933 0 1
15 2600205 0 0
15 3217843 0 1
15 3251766 0 0
15 3043440 0 0
15 1845153 0 0
15 2563151 0 1
15 2785424 0 0
15 2384646 0 0
15 3711848 0 0
15 3019596 2 0
15 3446884 0 0
15 3446641 0 0
15 3832385 0 0
15 1948008 0 0
15 3741020 0 0
15 2270857 0 0
15 3086162 0 0
15 1208861 0 0
15 3041052 0 0
15 2993706 0 1
15 1241403 0 0
15 3493842 0 1
15 3734720 0 0
15 3398254 0 0
15 2735164 0 0
15 3236393 0 1
15 3695270 0 0
15 1502130 0 0
15 3273785 0 1
15 3493838 1 1
15 3556020 0 0
15 2879835 0 0
15 3465177 0 0
15 2798987 0 0
15 3489587 0 0
15 3655828 0 0
15 2908674 2 2
15 1976706 0 0
15 2428105 0 0
15 3687400 0 0
15 3880005 0 0
15 3666967 0 0
15 1781429 0 0
15 2496697 0 0
15 1160585 0 0
15 3821232 0 1
15 2694981 0 0
15 3884602 0 0
15 3127806 0 0
15 2908669 0 0
15 3676995 0 0
15 2265272 0 0
15 3654500 0 0
15 3235072 0 0
15 2133405 0 1
15 2971735 0 0
15 3364650 0 0
15 2700241 2 0
15 3086146 0 1
15 2861009 0 0
15 3430087 2 1
15 2737761 2 1
15 2908657 0 0
15 2800936 2 1
15 3183722 0 1
15 3625584 0 0
15 3274453 0 0
15 1977862 0 0
15 3043409 0 0
15 2729904 0 1
15 2518156 0 0
15 2645389 0 0
15 305332 0 0
15 3169892 0 0
15 2784508 0 0
15 2827162 0 0
15 305338 0 0
15 305339 0 0
15 3563625 0 1
15 1624808 0 0
15 1764008 0 0
15 2173019 0 0
15 3493829 0 0
15 2222594 0 0
15 2384447 0 0
15 3376497 0 0
15 3557185 0 0
15 3173916 0 0
15 3614675 0 1
15 2971715 0 0
15 1538579 0 0
15 2967696 0 0
15 3043439 0 1
15 3662158 0 0
15 2345467 0 0
15 2829574 0 0
15 2850132 0 0
15 3500066 0 0
15 3364639 0 0
15 3822354 0 1
15 2635124 0 0
15 3653680 0 0
15 2448140 0 0
15 3043431 0 0
15 2672301 0 0
15 2001388 0 0
15 2479080 0 1
15 3605968 0 1
15 3697224 0 1
15 2737786 1 0
15 2878701 0 0
15 2945465 0 0
15 1934908 0 1
15 1934909 0 0
15 2888977 0 0
15 2827146 0 1
15 3214510 1 0
15 2397531 0 0
15 1791015 0 0
15 3675465 0 0
15 3678977 0 0
15 1803779 0 1
15 2464600 0 0
15 2629028 0 0
15 3249029 0 0
15 3751251 0 0
15 3517744 0 0
15 3719309 0 0
15 3512299 0 0
15 2946301 0 0
15 2276198 0 0
15 2700684 0 0
15 2700683 2 1
15 2700443 0 0
15 3148597 2 1
15 3437081 0 1
15 1082912 0 0
15 3662738 0 0
15 3662739 0 0
15 3021262 0 0
15 3135046 0 0
15 2009049 0 1
15 3350450 0 0
15 2848228 0 0
15 2713990 0 0
15 2953660 0 0
15 2700687 0 1
15 2366155 0 0
15 3662740 0 0
15 3656060 0 1
15 2195262 0 0
15 3617135 0 0
15 3021277 2 1
15 3015834 0 0
15 3847222 0 0
15 2767137 2 1
15 3354800 0 0
15 2710492 0 0
15 3407431 0 0
15 2685416 0 0
15 3407432 0 0
15 3407435 0 0
15 3730194 0 1
15 3151509 0 1
15 88995 0 1
15 2479992 0 0
15 3057237 0 0
15 2702879 0 1
15 3350201 0 1
15 3662753 0 1
15 2702400 0 0
15 2840968 0 0
15 3149422 0 0
15 3862842 0 0
15 3701608 0 0
15 1090565 0 0
15 3860662 0 0
15 2136494 0 0
15 3649179 0 0
15 1469833 0 0
15 3628476 0 0
15 3298201 0 1
15 3001446 0 0
15 2848680 1 0
15 3430659 0 0
15 3227299 0 0
15 3480933 0 1
15 2724421 0 1
15 1526717 0 0
15 3015616 0 0
15 3021298 0 0
15 3398080 0 1
15 1464386 0 0
15 2384824 0 0
15 3351993 0 0
15 1464382 0 0
15 2359643 0 0
15 1712223 0 0
15 3746308 0 1
15 2990894 2 0
15 2475342 0 0
15 3568470 0 0
15 3719119 0 1
15 2672121 0 0
15 3289784 0 0
15 3892005 0 0
15 3628456 2 1
15 2791738 2 1
15 3158125 0 0
15 3519057 0 1
15 1036668 0 0
15 2627270 0 0
15 3745887 0 0
15 3859019 0 1
15 2448199 0 1
15 3790680 0 0
15 2662791 0 0
15 3316966 0 0
15 3195536 2 1
15 3569550 0 0
15 3234607 0 0
15 3543180 0 1
15 2806401 2 0
15 3437059 0 0
15 2174501 0 0
15 3415088 0 1
15 3751076 0 1
15 3852859 0 1
15 3088390 0 0
15 3782821 0 0
15 3314574 0 0
15 3558887 0 0
15 3742153 0 0
15 3742155 0 0
15 3015802 0 0
15 3015801 0 0
15 3212982 0 0
15 2360428 0 1
15 126229 0 0
15 1382200 0 0
15 1175853 0 0
15 2695461 0 0
15 3002730 0 0
15 3088381 0 0
15 3461175 0 0
15 3533144 0 0
15 1568587 0 0
15 2631604 0 0
15 3850663 0 0
15 1326207 0 0
15 3314562 0 1
15 3150205 0 0
15 3335484 0 0
15 1182398 0 0
15 2700674 0 1
15 2861675 0 0
15 1064083 0 0
15 2700671 1 0
15 3535796 0 1
15 2694385 0 0
15 3847484 0 1
15 3400823 0 0
15 3847007 0 0
15 3015816 0 0
15 3201605 0 0
15 2385957 0 0
15 3544255 0 0
15 3184426 0 0
15 3444845 1 1
15 2700676 0 0
15 2799007 0 0
15 2799006 0 0
15 3183571 0 0
15 3498754 0 0
15 2694199 0 0
15 3679696 0 1
15 1784589 0 0
15 3348525 0 1
15 3184057 0 0
15 117226 0 0
15 2576808 0 0
15 2963752 2 0
15 3496585 0 0
15 2942803 0 0
15 3419921 0 0
15 3713583 0 0
15 3562058 0 0
15 3567978 0 0
15 3850479 0 0
15 3004669 0 0
15 2775033 0 0
15 3671968 0 0
15 2239218 0 0
15 3804365 0 1
15 2435545 0 0
15 1831562 0 0
15 3415795 0 0
15 3751622 0 0
15 3002013 0 0
15 3267663 0 0
15 3442737 0 0
15 3783665 0 0
15 3347651 0 0
15 3481061 0 1
15 3306913 0 0
15 1198256 0 1
15 3483006 0 0
15 2778773 0 0
15 3779390 0 0
15 3890720 0 1
15 2033425 0 0
15 2627210 0 0
15 3748446 0 0
15 1475660 0 0
15 2757601 0 0
15 2744771 0 0
15 3001171 0 0
15 2503671 0 0
15 3717729 0 0
15 3224746 0 0
15 2595577 0 0
15 3015570 1 0
15 3099610 2 1
15 3449135 0 0
15 3748448 0 0
15 3206367 0 0
15 3722006 0 1
15 2667615 0 1
15 3384787 0 0
15 3409923 0 0
15 1968591 0 0
15 3320159 0 0
15 2718206 1 0
15 1062158 0 0
15 3712208 0 0
15 3097688 0 1
15 2718201 0 1
15 1459165 0 0
15 1769382 0 0
15 1475650 0 0
15 3310351 0 0
15 3818784 0 1
15 3855972 0 0
15 3556413 0 1
15 3469387 0 0
15 3015996 0 0
15 2809077 2 0
15 3015759 1 0
15 3451631 0 0
15 3529251 0 0
15 3539052 0 0
15 2783092 0 0
15 2730560 0 1
15 3610305 0 0
15 2627664 0 0
15 3448224 0 0
15 2363096 0 1
15 3015761 0 0
15 2665694 0 0
15 3507018 0 0
15 1942180 0 0
15 2740120 0 0
15 3166604 0 0
15 3335639 0 1
15 3364193 0 0
15 3640158 0 0
15 3854612 0 0
15 1968325 0 0
15 3446062 0 0
15 3640153 0 0
15 2569039 0 0
15 1637216 0 0
15 3110857 0 0
15 3651717 1 1
15 3425143 0 1
15 3502812 0 1
15 2878686 1 0
15 2934591 0 0
15 3402896 0 0
15 3249850 0 0
15 3352193 0 0
15 3562200 0 0
15 2395266 0 2
15 2783065 0 0
15 3819678 0 0
15 2572047 0 0
15 3335616 0 0
15 3481248 0 0
15 3030782 0 0
15 2626783 2 1
15 3015382 0 1
15 1459125 0 0
15 3015398 0 0
15 2827085 0 0
15 3015399 0 0
15 3097809 2 1
15 2778945 2 0
15 3531939 0 0
15 3088753 0 0
15 2395497 0 0
15 1188074 0 0
15 3335627 0 1
15 3189573 0 0
15 3016001 1 0
15 2385693 0 0
15 3787639 0 1
15 2667400 0 1
15 3740785 0 0
15 3812827 0 0
15 2667437 0 0
15 3066713 2 1
15 3279489 0 0
15 1847506 0 1
15 3321462 0 0
15 3472540 0 1
15 3880751 0 0
15 3549451 0 0
15 3625888 0 0
15 2679412 0 0
15 548132 0 0
15 2679411 0 0
15 3436697 0 0
15 2886082 0 0
15 3886298 0 1
15 2944173 0 0
15 3625880 0 1
15 3283513 0 0
15 3424655 0 0
15 3693925 0 0
15 2075828 0 0
15 3424659 0 1
15 3324967 0 0
15 2730309 0 0
15 3888003 0 0
15 2978397 0 0
15 3518997 0 0
15 3784102 0 0
15 3332574 0 1
15 3261730 0 0
15 3763664 0 0
15 3354101 0 0
15 3016023 0 0
15 3702243 0 0
15 3180724 0 0
15 2526182 0 0
15 156624 0 0
15 3284654 0 0
15 2938513 1 1
15 2782171 1 0
15 1550248 0 0
15 3214386 0 0
15 3636525 0 0
15 3728865 0 0
15 3633019 0 0
15 3205660 2 0
15 3806158 0 0
15 3016207 0 0
15 3690676 0 0
15 3873172 1 1
15 3198241 0 0
15 3654120 0 0
15 3751634 0 0
15 1073695 0 0
15 2938501 0 1
15 3806153 0 0
15 3829299 0 0
15 2847726 0 0
15 3702061 0 0
15 2275724 0 0
15 3596679 0 1
15 3702062 0 1
15 3191606 0 0
15 3702063 0 1
15 3702068 0 1
15 3702069 0 1
15 3728878 0 0
15 3015594 0 1
15 3728876 0 0
15 3469333 0 0
15 3529447 0 0
15 3714001 0 0
15 2912386 0 0
15 3814804 0 0
15 3237206 0 1
15 2994439 0 0
15 3677018 0 0
15 3843336 0 1
15 3399425 0 1
15 2668561 0 0
15 3225467 0 1
15 3728883 0 0
15 3015361 0 0
15 2385285 0 0
15 3015362 0 0
15 3773424 0 1
15 3776937 0 0
15 3267071 0 0
15 3585334 0 0
15 3457596 0 0
15 3866672 0 0
15 2948321 0 1
15 1208937 2 0
15 3318241 0 1
16 3286512 0 0
16 2772217 0 1
16 3777312 0 0
16 2566553 0 0
16 2636754 0 1
16 3068871 0 0
16 3490473 0 0
16 3700815 0 0
16 2566559 0 0
16 3491320 0 0
16 3157100 0 0
16 1036500 0 0
16 2682415 0 0
16 3629863 0 0
16 3249577 0 1
16 3778641 0 0
16 2952291 0 0
16 3446758 0 0
16 3833582 0 0
16 3833581 0 0
16 1550568 0 0
16 3111117 0 1
16 3092510 0 0
16 3685570 0 0
16 3833342 0 1
16 2125099 0 0
16 3878268 0 0
16 3582688 0 0
16 3878264 0 0
16 3091428 0 0
16 3229972 0 0
16 3664409 0 1
16 3809224 0 0
16 3653756 0 1
16 1253520 0 0
16 3601044 0 0
16 3249569 0 1
16 1174872 0 0
16 2886210 0 1
16 3500135 0 1
16 3819261 0 0
16 3000623 0 1
16 3411405 0 1
16 2794498 0 0
16 2981853 0 0
16 2693524 0 0
16 3664413 0 1
16 3579029 0 2
16 3528951 0 0
16 3480649 0 0
16 3537666 0 1
16 3734606 0 0
16 3825941 0 0
16 1617125 0 0
16 3162715 0 1
16 2940090 0 0
16 2657234 0 1
16 2807864 0 1
16 2626929 0 0
16 2751738 0 1
16 2781142 2 1
16 101408 0 0
16 3673374 0 1
16 1869017 0 0
16 3200044 0 1
16 3819295 0 0
16 3030043 0 0
16 3400742 0 0
16 3638554 0 1
16 3095802 0 1
16 3683167 0 1
16 3835513 0 1
16 3387247 0 1
16 3024602 0 0
16 3683169 0 1
16 3785150 0 0
16 1469301 0 0
16 2693774 0 0
16 3328247 0 0
16 3512370 0 0
16 3698884 0 0
16 3785158 0 0
16 3825954 0 1
16 3653530 0 0
16 3825955 0 1
16 3835511 0 1
16 2862042 0 1
16 2827055 0 1
16 3200261 0 0
16 2448245 0 1
16 3664433 0 0
16 2874680 0 0
16 2988293 0 1
16 3601013 0 0
16 3868414 0 0
16 3353400 0 0
16 3536590 0 0
16 3452151 0 0
16 3657909 0 1
16 3136456 0 0
16 1310615 1 1
16 3570032 0 1
16 2323571 0 1
16 1483829 0 0
16 2559826 0 0
16 3856266 0 0
16 3565928 0 0
16 3861848 0 0
16 2888835 0 0
16 1435742 0 0
16 2821515 0 0
16 3162908 0 0
16 3674472 0 1
16 3476114 0 1
16 3410355 0 0
16 3674474 0 1
16 3114433 0 1
16 2542391 0 0
16 3676414 0 0
16 3091471 0 0
16 3759076 0 1
16 3705057 0 0
16 2949708 0 0
16 3016178 0 0
16 2989126 0 1
16 3730206 0 1
16 1832179 0 0
16 2639601 0 1
16 3514348 0 0
16 3478569 0 1
16 2982978 0 0
16 3159754 0 0
16 3517611 0 0
16 2384358 0 0
16 3517854 0 0
16 3821148 0 1
16 2413194 0 1
16 1036920 0 0
16 3180598 0 0
16 3837720 0 0
16 1044542 0 0
16 2982972 0 0
16 3016177 0 0
16 3616977 0 1
16 3506972 0 1
16 3146462 0 0
16 2690065 0 0
16 3166293 0 0
16 3172973 0 0
16 2449103 0 0
16 2810606 0 1
16 3518715 0 0
16 3110293 0 1
16 3457633 0 0
16 3135331 1 0
16 1044538 0 0
16 3710613 0 0
16 3193647 0 0
16 3558377 0 1
16 3705276 0 1
16 3717099 0 0
16 3582858 0 0
16 3253678 0 0
16 3361469 0 0
16 2670267 0 0
16 2670265 0 1
16 2686859 0 1
16 3011109 0 1
16 2895343 0 0
16 3784930 0 0
16 3662609 0 0
16 3735991 0 0
16 1702536 0 1
16 3611701 0 0
16 1550723 0 0
16 3464588 0 1
16 2929436 0 1
16 3153816 0 0
16 3203973 0 0
16 1331979 0 0
16 3084711 0 1
16 3814419 0 0
16 3304660 0 0
16 3513847 0 0
16 3521698 0 1
16 1779609 0 0
16 3851840 0 0
16 2864859 0 0
16 3214849 0 1
16 2366049 0 0
16 3389012 0 1
16 1712359 0 0
16 3534556 0 1
16 3660211 0 0
16 2048992 0 1
16 2245974 0 0
16 2672220 0 0
16 3452136 0 0
16 2384707 0 2
16 2864858 0 0
16 2874428 2 1
16 3299659 0 0
16 3708351 0 1
16 3407524 0 0
16 3474161 0 0
16 3339518 0 1
16 3462186 0 0
16 2929215 0 0
16 2944852 0 0
16 3553047 0 0
16 1940253 0 0
16 3389023 0 0
16 3452149 0 0
16 2479851 0 0
16 3660221 0 0
16 2954407 0 0
16 3596807 0 1
16 3487217 0 0
16 3520148 0 0
16 3409951 0 0
16 3432784 0 0
16 3432785 0 0
16 2873321 0 0
16 3298317 1 0
16 2999511 0 0
16 2984268 0 1
16 3443435 0 0
16 3443436 0 0
16 3858693 0 1
16 2488319 0 1
16 3036896 0 0
16 3264568 0 0
16 3858699 0 0
16 3619629 0 0
16 1185557 0 0
16 3495043 0 0
16 3330915 0 0
16 2479827 0 0
16 3082500 0 1
16 1274270 0 0
16 3881467 0 0
16 2713835 0 0
16 2776170 0 0
16 3522113 0 0
16 3639225 0 0
16 3885838 0 0
16 2391256 0 0
16 3152527 0 0
16 3495055 0 1
16 2857279 0 1
16 3660485 0 1
16 3509387 0 1
16 2672230 0 1
16 2780663 0 1
16 3509386 0 1
16 3383503 0 1
16 3734632 0 0
16 3160575 0 0
16 524672 0 0
16 3034658 0 0
16 3196738 0 0
16 2749805 0 0
16 2366074 0 0
16 3434906 0 0
16 3723983 0 0
16 3311185 0 1
16 3581787 0 1
16 2989524 0 0
16 3127311 0 0
16 3498772 0 0
16 3807714 0 0
16 2989522 0 0
16 3253013 0 0
16 3849315 0 1
16 2172233 0 0
16 1373644 0 0
16 3756431 0 0
16 2745658 2 1
16 3304659 0 0
16 3035773 0 0
16 3119933 0 0
16 3130976 0 0
16 2014743 0 1
16 3582863 0 1
16 3687966 0 0
16 3087163 0 0
16 3756428 0 0
16 3566383 0 0
16 3663778 0 0
16 3659270 0 0
16 3261091 0 0
16 3569893 0 0
16 3409992 0 0
16 3141612 0 0
16 2901953 0 1
16 2631736 0 0
16 2557459 0 0
16 3314870 0 0
16 3704734 0 0
16 3703406 0 1
16 3751728 0 0
16 3420800 0 1
16 3886796 0 1
16 2526427 0 1
16 3514085 0 0
16 3543894 0 0
16 3373970 0 0
16 3518200 0 0
16 1044802 0 1
16 2654866 0 0
16 2672283 0 0
16 3840326 0 0
16 3635998 0 0
16 3094011 0 1
16 1569852 0 0
16 2448722 0 0
16 3517591 0 0
16 3508655 0 1
16 3252294 0 1
16 2219957 0 0
16 3665179 0 1
16 2758835 0 0
16 2377328 0 0
16 3751717 0 0
16 3472230 0 0
16 1697803 0 1
16 3711047 0 0
16 2526433 0 1
16 3498646 0 0
16 3517365 0 0
16 3561083 0 0
16 3863660 0 1
16 3071360 1 0
16 3289591 1 0
16 60006 0 1
16 3005636 0 1
16 3098861 0 0
16 2691805 0 0
16 3189858 0 1
16 3679568 0 0
16 3132722 0 0
16 2426701 0 1
16 2792870 0 0
16 1448174 0 1
16 2557388 0 0
16 2953609 0 1
16 3129533 0 0
16 3533862 0 0
16 2903549 0 0
16 3589868 0 0
16 3349957 0 0
16 3883066 0 1
16 2135201 2 1
16 1952062 0 1
16 2803826 0 0
16 2606871 0 0
16 2850859 0 1
16 3192804 0 0
16 3636828 0 1
16 2740288 0 1
16 3085505 0 0
16 3583083 0 0
16 2631524 0 1
16 2664448 0 1
16 3576558 0 0
16 3852767 0 0
16 3670546 0 1
16 3650930 0 0
16 3517370 0 0
16 3825153 0 0
16 3878962 0 0
16 1431525 1 1
16 3181901 0 0
16 2781812 0 0
16 3533610 0 1
16 2857499 0 1
16 3702526 0 0
16 544952 0 0
16 3082232 0 0
16 3053927 0 1
16 2732448 1 1
16 2654630 0 0
16 3222205 0 0
16 2595452 0 0
16 2702819 0 0
16 3291884 0 1
16 2443045 0 1
16 2900267 0 1
16 3371349 0 0
16 1868710 0 1
16 3611775 0 1
16 3445067 0 0
16 3493386 0 0
16 3830316 0 0
16 3533400 0 0
16 324409 0 1
16 3621786 0 1
16 3062610 0 0
16 3506020 0 0
16 3756130 0 1
16 2740268 0 0
16 2707433 0 0
16 3894143 0 0
16 2709611 0 0
16 2010884 0 0
16 3853673 0 0
16 3773960 0 0
16 2799065 0 0
16 3139154 0 0
16 2939556 0 1
16 3318181 0 0
16 3479061 0 0
16 2791100 0 0
16 2964538 0 1
16 3479060 0 0
16 2626695 0 0
16 3488800 0 1
16 3722376 0 0
16 2185904 0 1
16 3307080 0 0
16 2856357 0 1
16 3325748 0 0
16 3122702 0 0
16 3244020 0 0
16 2613134 0 0
16 2866395 0 1
16 2952311 0 1
16 3291450 0 0
16 3524713 0 0
16 3215178 0 0
16 3291214 0 1
16 3545850 0 0
16 2329654 0 1
16 2492862 0 0
16 2708301 0 0
16 3364074 0 1
16 2478793 0 0
16 3208405 0 0
16 3873464 0 0
16 3873223 0 0
16 2927599 0 1
16 1884144 0 0
16 1323333 0 0
16 3767020 0 1
16 2995479 0 0
16 3377918 0 0
16 3849380 0 0
16 3016743 0 1
16 3437471 0 0
16 3663812 0 0
16 2377385 0 0
16 1618827 0 1
16 3517187 0 1
16 1036356 0 0
16 2892661 0 1
16 3267353 0 0
16 3619691 0 1
16 2794878 0 0
16 2358879 0 0
16 3039607 0 0
16 2507714 0 0
16 3141696 0 1
16 3395579 0 0
16 3681220 0 0
16 2125433 0 0
16 2515334 0 1
16 3015890 0 0
16 3506862 0 0
16 2693822 0 1
16 2132353 0 1
16 1097736 0 0
16 3385313 0 0
16 3731711 0 0
16 2765762 0 0
16 3152172 0 0
16 1824728 0 1
16 3063345 0 0
16 3633170 0 0
16 3152173 0 1
16 3473972 0 0
16 3737029 0 0
16 1193543 0 0
16 3152170 0 0
16 3294548 0 1
16 3438738 0 1
16 2762259 0 1
16 2909942 0 0
16 3374424 2 2
16 3110305 0 0
16 3731969 0 0
16 2706797 0 0
16 1838902 0 0
16 3752881 0 0
16 3858918 0 0
16 1914404 0 0
16 3604621 0 0
16 3269355 0 1
16 2742899 1 0
16 2956246 0 0
16 3679720 0 1
16 1553445 0 0
16 2923106 0 0
16 3637512 0 1
16 2448585 0 0
16 3666435 0 0
16 3655541 0 0
16 2135602 0 0
16 3309222 0 0
16 3600267 0 0
16 3517776 0 0
16 3697148 0 0
16 2914649 0 0
16 3517533 0 0
16 3656631 0 1
16 1470263 0 1
16 3657963 0 1
16 2892615 0 1
16 3542944 0 1
16 3759065 0 0
16 2575213 0 0
16 1175099 0 1
16 3128042 0 0
16 3832751 0 0
16 3542949 0 1
16 3139170 0 1
16 3161919 0 1
16 3546077 0 1
16 2599651 0 0
16 3215367 0 0
16 2009637 0 0
16 2474607 0 0
16 3309696 0 1
16 2846934 2 1
16 1576566 0 0
16 2246010 0 0
16 3333306 0 0
16 3161921 0 1
16 3309218 0 1
16 2635975 0 0
16 3271411 0 0
16 3314805 0 0
16 2385119 0 0
16 2923368 0 0
16 3141494 0 1
16 3614649 2 1
16 2578976 0 0
16 3517780 0 0
16 3878326 0 0
16 2773587 0 0
16 3205552 0 1
16 3347913 2 1
16 3389954 0 1
16 3876310 0 0
16 1282576 2 1
16 3477292 0 0
16 3027454 0 1
16 3272799 0 1
16 1033950 0 0
16 3271466 0 0
16 3350097 0 0
16 3328151 0 1
16 2448768 0 0
16 2448765 0 0
16 3642086 2 1
16 2448524 0 0
16 2841070 0 0
16 2644696 0 1
16 3310871 0 0
16 3686063 0 1
16 2140188 0 0
16 2772251 0 1
16 3280188 0 0
16 3445230 0 0
16 3833677 0 0
16 2705666 0 0
16 3280186 0 0
16 3402108 0 0
16 1563447 0 0
16 2693638 0 0
16 3517569 0 0
16 3589833 0 0
16 3504250 0 1
16 3153296 0 0
16 3598739 0 0
16 2900086 0 0
16 2561290 0 0
16 2900082 0 1
16 3310623 0 0
16 3821215 0 1
16 3451906 0 1
16 3741953 0 0
16 3612208 0 0
16 1402329 0 0
16 2448518 0 0
16 3038335 0 0
16 3224248 0 0
16 3509705 0 0
16 3509704 0 1
16 3615956 0 0
16 3728529 0 1
16 155678 0 0
16 3339032 0 0
16 3154135 0 0
16 3350070 0 0
16 3504261 0 1
16 3751786 0 0
16 1247383 0 0
16 3294322 2 0
16 3190429 0 0
16 3679799 0 0
16 3327083 0 0
16 2759016 0 0
16 3135628 0 1
16 3261649 0 1
16 3691667 0 0
16 3712193 0 0
16 1401496 0 0
16 3834987 0 0
16 3554733 0 0
16 3678211 0 1
16 3738323 0 1
16 3532966 0 0
16 3752865 0 1
16 3532725 0 1
16 1819386 0 0
16 2578937 0 0
16 3787933 0 0
16 2676298 0 0
16 2824957 0 0
16 2824958 0 0
16 3875019 0 0
16 3573475 0 0
16 1343569 0 1
16 2797745 2 1
16 2890888 0 0
16 1457013 0 0
16 3468355 0 0
16 3786848 0 1
16 3875015 0 0
16 2386244 0 0
16 3259499 0 1
16 3684124 0 1
16 419380 0 0
16 3513313 0 0
16 2098752 0 0
16 3848723 0 0
16 2843859 0 0
16 3341574 0 0
16 3477138 0 0
16 1379641 0 0
16 1891284 0 0
16 3297536 0 0
16 3477371 0 0
16 3513310 0 0
16 2039785 0 0
16 3705145 0 1
16 3204303 0 1
16 3400885 0 0
16 1562432 0 0
16 3614262 0 0
16 3431369 0 0
16 3490122 0 0
16 3730118 0 0
16 3868100 0 0
16 1513261 0 0
16 2769397 0 0
16 1533092 0 1
16 2954349 0 1
16 2842514 0 1
16 1501015 0 0
16 1602190 0 1
16 3352221 0 0
16 3893529 0 1
16 1602193 0 0
16 3261594 0 1
16 3779860 0 0
16 2890620 0 1
16 3833473 0 0
16 3051097 0 1
16 1044231 0 0
16 3871751 0 1
16 2453776 0 0
16 3642942 0 1
16 3764340 0 0
16 3778987 0 0
16 3162835 0 1
16 3718246 0 0
16 3162845 0 0
16 1247187 0 0
16 1602183 0 1
16 2908672 0 0
16 3201012 0 1
16 2798987 0 0
16 3296421 0 1
16 3429034 0 1
16 3201016 0 0
16 3409660 0 0
16 1781425 0 0
16 2151066 0 0
16 3636493 0 1
16 1781429 0 0
16 3425902 0 0
16 2496697 0 0
16 2694981 0 0
16 3148967 0 0
16 3880487 0 0
16 1469425 0 0
16 3870447 0 0
16 3137834 0 1
16 2265272 0 0
16 3864171 0 0
16 2361563 0 0
16 2885264 0 1
16 1637097 0 0
16 2980628 0 1
16 3854131 0 0
16 3764358 0 1
16 3741014 0 0
16 1513058 0 0
16 2988177 0 0
16 2671435 0 0
16 2830585 0 0
16 3359068 0 0
16 3400672 0 0
16 3150871 0 1
16 3836538 0 0
16 2650973 0 0
16 3452035 0 0
16 3457722 0 0
16 1318453 0 0
16 2650970 0 0
16 2893084 0 0
16 3112366 0 0
16 3429098 0 0
16 3429097 0 0
16 3511174 0 0
16 3572577 0 1
16 3111033 0 0
16 2876742 0 2
16 3111034 0 1
16 1550406 0 0
16 3227226 0 0
16 3542924 0 1
16 3768920 0 1
16 3080839 0 0
16 3796396 0 1
16 3660194 0 0
16 514562 0 1
16 2799624 0 0
16 3640972 0 1
16 3800331 0 1
16 3878100 0 1
16 2213654 0 1
16 3562534 0 0
16 3766991 0 0
16 3753412 0 0
16 1634849 0 0
16 3778978 0 0
16 2936728 0 0
16 3626201 0 0
16 3890453 0 1
16 3869637 0 0
16 2908646 0 1
16 3676772 0 1
16 3573898 0 1
16 3412657 0 0
16 2898546 0 1
16 2854968 0 1
16 3655618 0 0
16 2803182 1 1
16 2827394 0 1
16 2246109 0 0
16 2829574 0 0
16 3716027 0 0
16 2639721 0 0
16 3648447 0 0
16 2246105 0 0
16 3846566 0 0
16 2694775 0 1
16 3820174 0 0
16 128809 0 0
16 3242647 0 0
16 3263543 0 0
16 3296221 0 1
16 3833481 0 0
16 1852908 0 0
16 2579735 0 0
16 2600629 0 1
16 3418175 0 0
16 3665438 0 0
16 2590517 0 0
16 3610089 0 1
16 2888977 0 0
16 3191597 0 0
16 3004083 0 0
16 3787891 0 0
16 3027184 0 0
16 3718697 0 0
16 2769330 0 1
16 3099090 0 0
16 3410211 2 1
16 3675465 0 0
16 2760761 0 0
16 2875668 0 1
16 3517743 0 0
16 3814995 0 0
16 3784388 0 1
16 2705728 0 0
16 2107587 0 0
16 2909711 0 0
16 2705726 0 0
16 3182881 0 1
16 3488469 0 0
16 2916000 0 0
16 3530296 0 1
16 3555597 0 0
16 2125381 0 0
16 3835007 0 0
16 3895790 0 0
16 3423911 0 1
16 1483912 0 0
16 2193076 0 0
16 2769324 0 0
16 2769323 0 1
16 2991707 0 1
16 2062963 0 0
16 3080003 0 0
16 3765290 0 0
16 3062807 0 1
16 2874766 0 0
16 2609885 0 0
16 2872101 0 0
16 3407664 0 1
16 3629345 0 0
16 3141720 0 0
16 3758991 0 0
16 2719058 0 0
16 2813124 0 1
16 3611824 0 1
16 3403064 0 1
16 3723652 0 0
16 1351921 0 0
16 3335064 0 0
16 3153935 0 0
16 3657152 0 1
16 2887820 0 1
16 1351926 0 0
16 3847223 0 0
16 1409793 0 0
16 3808096 0 0
16 3506193 0 0
16 3534409 0 0
16 3662989 0 0
16 3758983 0 1
16 3302124 0 0
16 1036213 0 0
16 2848211 0 0
16 3139875 0 0
16 3298218 0 1
16 2611962 0 0
16 3298217 0 0
16 3465309 0 0
16 3299302 0 1
16 3629350 0 0
16 3652708 0 1
16 3337488 0 0
16 3435917 0 1
16 1257603 0 0
16 3177918 0 1
16 3194032 0 1
16 3358150 0 1
16 3658254 0 0
16 1976317 0 0
16 1036440 0 0
16 2708185 0 0
16 1852308 0 1
16 2769306 0 1
16 2990829 0 1
16 3202504 0 0
16 150573 0 0
16 2609862 0 0
16 1277009 0 0
16 2533584 0 0
16 3838509 0 0
16 2938289 0 0
16 3194020 0 0
16 2479732 0 0
16 2565398 0 0
16 1592488 0 0
16 1464147 0 1
16 1464386 0 0
16 3792648 0 1
16 2385908 0 0
16 3420609 0 0
16 1464382 0 0
16 3261172 0 0
16 3856151 0 0
16 3545545 0 0
16 3463148 0 1
16 1550639 0 0
16 3267716 0 0
16 2603096 0 0
16 3423950 0 0
16 3745883 0 0
16 3802125 0 0
16 3424805 2 1
16 3384944 0 1
16 3891157 0 0
16 3671015 0 0
16 3359226 0 0
16 3498670 0 1
16 3432836 0 1
16 2777146 0 0
16 3519056 0 0
16 2628121 0 0
16 2628122 0 0
16 2840538 0 0
16 3152889 0 0
16 2640787 0 0
16 3024987 0 0
16 3090417 0 1
16 1088250 0 0
16 3755437 0 1
16 3591418 0 0
16 1559621 0 0
16 2615281 0 1
16 3546218 0 0
16 2546470 0 0
16 3546215 0 1
16 1088011 0 1
16 3502875 0 1
16 3799013 0 0
16 3494083 0 1
16 2702835 0 0
16 3351973 0 0
16 3023428 0 1
16 3423930 0 0
16 2731168 1 0
16 2740085 0 1
16 3604232 0 0
16 2917397 0 1
16 3157089 0 1
16 2360667 0 0
16 3694380 0 1
16 2384632 0 2
16 3274037 0 0
16 137331 0 0
16 2900754 0 0
16 3519073 2 0
16 2072938 0 0
16 3088380 0 0
16 3654939 0 0
16 3875922 0 1
16 1361782 0 0
16 3162880 0 0
16 2628341 0 0
16 1044263 0 0
16 3146188 0 0
16 3194460 0 1
16 2886951 0 1
16 3199913 0 0
16 1942115 0 0
16 2449069 0 0
16 1081878 0 0
16 3149217 0 0
16 2672132 0 1
16 2740099 0 0
16 3475321 0 1
16 2235848 0 1
16 3400824 0 0
16 2268742 2 0
16 2449062 0 0
16 3571609 0 0
16 3666926 0 0
16 2363948 0 0
16 2908229 0 0
16 2441586 0 1
16 3143908 0 0
16 3652761 0 1
16 2700438 0 0
16 3893583 0 0
16 3851743 0 1
16 2799007 0 0
16 2799006 0 1
16 2908223 0 1
16 3835276 0 0
16 2627243 0 0
16 3212602 0 1
16 2813527 0 0
16 2684151 0 1
16 3270607 0 0
16 3196037 0 0
16 3407708 0 1
16 3462327 0 0
16 3439305 0 1
16 3756058 0 0
16 3760322 0 0
16 3489807 0 0
16 3104373 0 0
16 2684397 0 0
16 3870098 0 0
16 3670647 0 1
16 3825053 0 0
16 2815959 1 1
16 3806512 0 0
16 2447983 0 0
16 3471260 0 1
16 3150268 0 0
16 3419921 0 0
16 3385600 0 0
16 3655494 0 0
16 2630300 0 1
16 3088907 0 0
16 3567978 0 1
16 2664536 0 0
16 3872045 0 0
16 3841529 0 0
16 3037323 0 1
16 3206387 0 1
16 3476989 0 0
16 2538503 0 1
16 1277085 0 0
16 2640119 0 0
16 2914369 0 0
16 3143727 0 1
16 3691591 0 0
16 116597 0 1
16 3569902 0 0
16 3096572 0 1
16 3569905 0 0
16 2480309 0 0
16 3519670 0 0
16 2661056 0 0
16 3098519 0 1
16 3079182 0 0
16 3119861 0 0
16 2757601 0 0
16 3452305 0 0
16 3691589 0 0
16 2137975 0 0
16 3150240 0 1
16 2762181 0 1
16 2762186 0 0
16 2045656 0 0
16 3287034 0 0
16 3385626 0 1
16 3717729 0 0
16 2768726 0 0
16 2192377 0 1
16 3709274 0 0
16 3071468 0 0
16 2687896 0 0
16 1977474 0 0
16 2684148 0 1
16 3372799 0 0
16 3509409 0 0
16 2479305 0 0
16 3451623 0 1
16 2914383 0 1
16 2941760 0 0
16 2582685 0 1
16 3282872 0 0
16 3062973 0 1
16 3120665 0 0
16 3171175 0 0
16 3320390 2 1
16 3569962 0 1
16 2743655 0 1
16 2253541 0 0
16 3338923 0 0
16 3668114 0 1
16 3095265 0 0
16 3371475 0 1
16 3011142 0 0
16 2367444 0 0
16 3013334 0 1
16 3620103 0 0
16 1184074 1 1
16 3544670 0 0
16 2678974 0 1
16 2783091 0 0
16 3644772 0 1
16 2847560 0 0
16 2737196 0 0
16 1564027 0 1
16 2665694 0 0
16 3387831 0 0
16 2732774 0 0
16 2710506 1 1
16 2139965 0 0
16 3289486 0 1
16 3735336 0 0
16 3735335 0 1
16 1769368 0 0
16 2675011 0 0
16 2602597 0 1
16 3247896 0 0
16 3671311 0 0
16 3004639 0 0
16 1459145 0 0
16 3131546 0 1
16 3611840 0 0
16 2447977 0 0
16 3072504 0 1
16 3205483 0 1
16 3072505 0 1
16 2734944 0 0
16 2654791 0 0
16 3750721 0 0
16 3488901 0 0
16 3569932 0 0
16 2527426 0 1
16 3673960 0 1
16 3756022 0 0
16 3876621 0 0
16 3131536 0 0
16 3690644 0 0
16 2947428 0 0
16 3875144 0 0
16 3016239 0 0
16 3795024 0 0
16 3037170 0 0
16 3347830 0 0
16 3562202 0 0
16 3309321 0 0
16 3622393 0 1
16 2868875 0 1
16 3438857 0 0
16 1821335 0 0
16 2386554 0 0
16 1297514 0 0
16 2924303 0 1
16 3021819 0 0
16 3331493 0 0
16 2109453 0 0
16 3614776 0 1
16 3853354 0 0
16 3618901 0 1
16 3284865 0 1
16 2777858 0 0
16 3235695 0 0
16 3531935 0 1
16 3599747 0 1
16 1297500 0 0
16 2596002 0 0
16 3309319 0 0
16 3169986 0 0
16 3879517 0 0
16 3257462 0 1
16 3502163 0 0
16 3667642 0 0
16 2481244 0 0
16 2702084 0 0
16 3546188 0 1
16 1262627 0 0
16 3086328 0 0
16 2783048 0 1
16 3585303 0 0
16 3546186 0 1
16 1654142 0 1
16 2656546 2 1
16 3218764 0 0
16 3622375 0 1
16 3182973 0 0
16 3575983 0 0
16 2790183 0 0
16 3277062 0 1
16 3170739 0 1
16 2238755 0 0
16 2096525 0 0
16 2773232 0 0
16 3546191 0 1
16 2234399 0 0
16 2808324 0 0
16 2958551 1 0
16 3664389 0 1
16 3687249 0 0
16 3324966 0 0
16 2822627 0 1
16 3548379 0 1
16 3626747 0 0
16 3829234 0 1
16 3516573 0 0
16 3540892 0 0
16 3793290 0 1
16 3170745 2 1
16 3261730 0 0
16 3335603 0 1
16 2819215 0 0
16 2688588 0 0
16 3570283 0 0
16 2742518 0 1
16 3445178 0 1
16 3101743 0 0
16 3145562 0 0
16 3040303 0 0
16 356919 0 1
16 3284654 0 0
16 3283561 2 1
16 2656321 0 0
16 2912121 0 1
16 2567965 0 0
16 3353247 0 1
16 3460740 0 0
16 1550245 0 0
16 2124659 0 0
16 3038227 0 0
16 3201078 0 1
16 3542889 0 1
16 1034926 0 0
16 3800625 0 1
16 1033837 0 1
16 3613646 0 1
16 3686177 0 1
16 3832226 0 1
16 3833799 0 0
16 1915650 0 0
16 3526146 0 1
16 2782168 0 0
16 2867999 0 0
16 356924 0 0
16 3647408 0 1
16 3308666 0 0
16 3823991 0 0
16 3765827 0 0
16 3135513 0 0
16 2867996 0 0
16 2943095 0 0
16 3111561 0 1
16 3166438 0 1
16 2902147 0 1
16 2793241 0 1
16 3367620 1 1
16 3857979 0 0
16 130019 0 1
16 3248584 0 0
16 3608039 0 0
16 3459527 0 1
16 1352389 0 0
16 2397020 0 0
16 2547099 0 1
16 3880707 0 1
16 2668561 0 0
16 3135503 0 0
16 3208924 0 1
16 2361073 0 0
16 2927873 0 0
16 3385264 0 0
16 3304080 0 0
16 3531519 0 0
16 2262882 0 0
16 3699252 0 0
16 3457597 0 0
16 3829277 0 1
16 2726480 0 1
16 3440917 0 1
16 2904543 0 0
16 3437511 0 0
16 3376792 0 1
16 3479123 0 0
16 3822401 0 0
16 3717529 0 1
16 3543720 0 1
16 1033800 0 1
16 3180982 0 1
16 3706882 0 0
17 3341456 0 0
17 3443482 0 1
17 3614379 0 1
17 3418041 0 0
17 2424073 0 1
17 2726551 0 1
17 2804130 0 0
17 3663309 0 1
17 3075170 0 1
17 3784095 0 1
17 2783104 0 0
17 3809230 0 1
17 3418044 0 1
17 2678146 0 0
17 3056414 0 1
17 3249338 0 0
17 3205519 0 1
17 3607609 0 0
17 2442981 2 1
17 3512584 0 1
17 3446759 0 0
17 3259374 0 1
17 2853788 2 0
17 3078209 0 0
17 1847446 0 1
17 3811791 0 1
17 2516298 0 1
17 3838809 0 1
17 3022645 0 0
17 1413535 0 0
17 3686657 0 0
17 2678139 1 1
17 2955315 0 0
17 3654844 0 0
17 3654842 0 0
17 3711721 0 1
17 3825978 0 1
17 3711723 0 1
17 3075160 1 1
17 2384762 0 1
17 2794498 0 0
17 3659061 0 0
17 3786492 0 1
17 3649454 0 1
17 3842049 0 1
17 2699069 0 1
17 3711739 0 0
17 2699061 0 1
17 3647272 0 0
17 3089785 0 1
17 3168032 0 1
17 3762050 0 0
17 3638550 0 0
17 1784817 0 1
17 3102882 0 1
17 3722636 0 0
17 3215523 0 1
17 1472708 0 0
17 2935975 0 0
17 3711740 2 1
17 3846631 0 0
17 3305376 0 0
17 3159321 0 0
17 3399211 0 1
17 2384308 0 1
17 3647262 0 0
17 3134687 0 1
17 3785158 0 1
17 3399219 0 0
17 3294111 0 1
17 3319776 0 1
17 2799960 0 1
17 3075147 0 1
17 3707411 0 0
17 3663347 0 0
17 3359184 0 1
17 2726510 0 1
17 3457606 0 0
17 3290811 0 1
17 3732603 0 1
17 3215995 0 1
17 2119462 0 1
17 3457840 0 1
17 3201597 0 1
17 3573784 0 1
17 3813776 0 1
17 3858201 0 1
17 3502587 0 0
17 1569379 0 1
17 3537200 0 0
17 1044562 0 0
17 3691806 0 1
17 2628089 0 1
17 3638532 0 1
17 2395456 0 1
17 2671787 0 0
17 2232037 0 0
17 1925058 0 1
17 2045078 0 0
17 1925057 0 1
17 2769477 0 1
17 2829468 0 1
17 2542397 0 1
17 2821513 0 1
17 3737059 0 1
17 3601004 0 1
17 2395453 0 0
17 3135110 0 1
17 3293089 0 1
17 2920270 0 0
17 3296598 0 1
17 3114431 0 1
17 3822029 0 0
17 3152917 0 0
17 3536587 0 0
17 3676417 0 0
17 2683798 0 1
17 3595981 0 0
17 3765788 0 0
17 3085395 0 1
17 2213305 2 1
17 2769460 0 0
17 2279110 0 1
17 2374788 1 1
17 2933122 0 1
17 2566578 0 0
17 3754654 0 0
17 2480196 0 1
17 2933124 0 0
17 2657279 0 0
17 3866288 0 1
17 2664807 0 1
17 3696258 0 0
17 3243857 0 1
17 3350117 0 0
17 3201578 0 0
17 3074268 0 1
17 3613232 0 0
17 2769450 0 0
17 2797583 0 1
17 2810601 0 1
17 3148882 1 1
17 3101356 2 0
17 3666889 0 0
17 3170312 0 1
17 3504311 0 0
17 3626309 0 1
17 3432358 0 0
17 3754406 0 0
17 3242991 0 0
17 3465008 0 0
17 2715881 0 1
17 2442959 1 1
17 3078858 0 1
17 3227379 0 1
17 3655519 0 0
17 3389237 0 0
17 2884449 0 0
17 2984297 0 0
17 3506066 0 1
17 3438050 2 1
17 3015703 0 0
17 3249179 0 0
17 3375074 0 0
17 3891070 0 1
17 3593510 0 1
17 3852708 0 0
17 3524734 0 0
17 3712886 0 0
17 3410720 0 1
17 3443647 0 1
17 2572604 0 1
17 2014766 0 1
17 3371954 0 1
17 3782515 0 0
17 1459933 0 1
17 2771990 0 1
17 3122097 1 1
17 3047768 0 0
17 3499212 0 1
17 3641101 0 0
17 2621401 0 0
17 3015711 0 1
17 3015713 0 1
17 3221851 0 0
17 3547865 0 0
17 3784926 0 1
17 3122091 1 1
17 2254204 0 0
17 3433859 0 1
17 2631918 0 1
17 3160370 0 1
17 3580896 0 1
17 2366049 0 0
17 3534311 0 1
17 2672220 0 1
17 2801000 0 1
17 3685519 0 0
17 3227160 2 1
17 3329710 0 0
17 3776283 0 1
17 3407765 0 0
17 2756345 0 0
17 3531040 0 0
17 2683563 0 0
17 3097148 0 1
17 2292733 0 1
17 3783828 2 1
17 3011363 0 1
17 3840708 0 1
17 3782734 0 1
17 1242225 0 0
17 2700595 0 0
17 2967700 0 0
17 2988864 0 1
17 2640886 0 1
17 2884455 0 1
17 2988862 0 1
17 3404028 0 0
17 3760949 0 0
17 3104662 0 0
17 3277634 0 0
17 3362768 0 0
17 2954407 0 0
17 2954406 0 0
17 2640408 0 1
17 3597902 0 0
17 1173129 0 0
17 2972291 0 1
17 3407531 0 1
17 3377046 0 0
17 1164413 0 1
17 3872586 0 0
17 2553057 0 0
17 3033147 0 0
17 3037982 0 1
17 3649285 0 1
17 1581470 0 1
17 3766223 0 1
17 3021346 0 1
17 3723738 0 0
17 3775178 0 1
17 3047730 0 0
17 3456911 0 0
17 3015902 0 1
17 3886912 2 1
17 3015906 0 1
17 1523371 0 1
17 2816793 2 1
17 3113176 0 1
17 2384734 0 0
17 3019022 0 0
17 2702949 0 0
17 3304639 0 1
17 3019024 0 0
17 2687743 0 1
17 3632844 0 0
17 3599262 0 0
17 3340973 0 1
17 3340975 0 1
17 3560636 0 1
17 1538622 0 1
17 3113183 2 1
17 3113180 0 1
17 2479837 0 1
17 3402902 0 1
17 2637256 0 1
17 3304621 0 1
17 3160575 0 0
17 2384720 0 0
17 2366074 0 0
17 2980725 0 1
17 3019037 0 0
17 3180165 0 1
17 2980723 0 1
17 3019034 0 1
17 3015922 0 1
17 3113153 2 1
17 3509391 0 0
17 3302231 0 0
17 3571988 0 0
17 3113154 0 0
17 29048 0 1
17 2913911 0 1
17 2908112 0 0
17 3502769 0 1
17 3649493 0 1
17 2702965 0 1
17 2212861 0 1
17 3533016 0 0
17 2912830 0 1
17 3113161 0 1
17 3881493 0 1
17 3884764 0 1
17 2384501 0 0
17 2604268 0 0
17 3290871 0 1
17 2686885 0 0
17 3465883 0 1
17 3872300 0 0
17 3336218 0 1
17 3603281 0 0
17 3183690 2 1
17 3150318 0 1
17 3183691 0 1
17 3183692 0 1
17 3183693 0 0
17 3016752 0 1
17 2918822 0 0
17 3554543 0 0
17 2667937 0 1
17 2442185 0 1
17 3654276 0 1
17 3291426 0 1
17 3786831 0 1
17 3568712 0 1
17 3872157 0 1
17 2289809 0 1
17 2925354 0 1
17 2860402 0 1
17 2377328 0 0
17 3030803 0 1
17 3087704 0 0
17 3383300 0 1
17 3289597 0 0
17 3711047 0 0
17 2009695 0 2
17 3003213 0 1
17 3542335 0 0
17 3073786 0 1
17 2663564 0 1
17 3072212 0 1
17 3015684 0 1
17 3451569 0 0
17 2092431 0 1
17 3015685 0 0
17 2092434 0 0
17 3015688 0 1
17 3830976 0 0
17 3429833 0 1
17 2732457 0 1
17 3018959 0 0
17 3177411 0 0
17 3564571 0 1
17 2493516 0 0
17 2892693 0 1
17 3814044 0 1
17 2572586 1 1
17 2732452 0 0
17 3304619 2 1
17 2121043 0 0
17 2217540 0 0
17 2900277 0 1
17 3852762 0 0
17 3336885 0 1
17 3533611 0 1
17 2480444 0 0
17 2954928 0 1
17 1488855 1 1
17 2974995 0 0
17 3853607 0 1
17 3506494 0 1
17 1448186 0 1
17 3349963 0 1
17 2740293 2 1
17 2631532 0 0
17 2728191 0 1
17 3023071 0 0
17 3818878 0 1
17 2008383 0 0
17 2702819 0 0
17 3097559 0 1
17 3336896 0 1
17 3533887 0 0
17 3828476 0 1
17 3015862 0 0
17 3229087 1 1
17 3512708 0 1
17 2766892 0 0
17 1488841 0 0
17 3146939 0 1
17 2116997 0 1
17 1544354 0 1
17 3097565 0 1
17 3318199 0 1
17 2939554 0 1
17 2984361 0 0
17 2799065 0 1
17 3015636 0 0
17 3806430 0 1
17 2530977 0 0
17 3737618 0 1
17 1564132 0 1
17 2387157 0 1
17 3722376 0 0
17 2266718 0 0
17 3307080 0 0
17 3015404 0 1
17 3791363 0 1
17 3307088 0 0
17 3512720 0 1
17 3081356 0 0
17 3499903 0 0
17 3015409 0 1
17 3678063 0 1
17 1034185 0 0
17 2803863 0 1
17 2740248 0 1
17 2790027 0 0
17 2490689 0 1
17 3215178 0 1
17 3221144 0 1
17 1459265 0 1
17 2625357 0 0
17 3097588 0 0
17 2615318 0 1
17 2443016 0 1
17 2089067 0 1
17 3299162 1 1
17 3016500 0 1
17 3015410 0 0
17 3506056 0 1
17 3016743 0 1
17 2443000 0 1
17 3015898 0 1
17 3658225 0 1
17 2629705 0 0
17 3016508 0 1
17 3023038 0 1
17 3407614 0 0
17 3779006 0 1
17 3788188 0 1
17 2762021 0 0
17 2952783 0 1
17 2892662 0 1
17 3649089 0 1
17 3003677 0 0
17 3109994 0 1
17 3407612 0 1
17 3141694 0 1
17 3003679 0 1
17 2443005 0 1
17 3375743 0 1
17 3465920 0 1
17 1618394 0 1
17 3810748 0 0
17 3145881 0 1
17 3152170 0 0
17 2792227 0 1
17 3649513 0 0
17 3132335 0 0
17 2836925 2 1
17 3206687 0 1
17 1082485 0 0
17 131012 0 1
17 3180879 0 1
17 3764891 0 0
17 1334206 0 1
17 2395378 0 1
17 3604621 0 1
17 3625558 0 0
17 2292162 0 0
17 2956246 0 0
17 3517523 0 1
17 2740232 0 1
17 3679720 0 1
17 2613589 0 0
17 2894825 0 1
17 3834720 0 1
17 3090068 0 1
17 3506884 0 0
17 3234016 0 0
17 3520709 0 1
17 3810763 0 0
17 2110546 0 0
17 3246483 0 1
17 3760260 0 1
17 3190471 0 1
17 3501191 0 0
17 3600025 0 0
17 3765957 0 0
17 3461776 0 1
17 1533809 0 1
17 3843899 2 1
17 3655301 0 0
17 3784234 0 1
17 2459235 0 1
17 2448349 0 1
17 3810762 0 0
17 2448109 0 0
17 2992565 0 1
17 2587688 0 0
17 3088856 0 1
17 2589624 0 0
17 2630042 0 1
17 2395391 0 1
17 2635975 0 0
17 3600251 0 1
17 3416911 0 0
17 3516696 0 1
17 2385119 0 0
17 2569193 2 1
17 2740219 0 1
17 3016143 2 1
17 3180661 0 1
17 3017885 0 1
17 3016311 0 0
17 3770042 0 0
17 2364444 0 0
17 2813609 0 0
17 3389959 0 1
17 3178522 0 1
17 3603714 0 0
17 1764411 0 1
17 3707881 0 0
17 2890891 0 1
17 2636832 0 1
17 2413250 0 1
17 3770040 0 0
17 2803809 0 1
17 3728746 0 0
17 3876312 0 1
17 3530760 0 0
17 3632032 0 0
17 1831474 0 0
17 1831473 0 0
17 2588715 0 1
17 3310629 0 0
17 3878509 0 0
17 3132369 0 1
17 3226425 0 0
17 3015243 0 0
17 1824747 0 0
17 3154130 0 0
17 3085308 0 1
17 2082036 0 1
17 3438719 0 1
17 3353108 0 0
17 3015242 0 0
17 3379934 0 0
17 3118050 0 1
17 3492681 0 0
17 2480006 0 1
17 2443086 0 1
17 3716558 0 1
17 3492684 0 1
17 2769297 0 1
17 3271694 0 1
17 3468117 2 0
17 3390729 0 0
17 2385158 0 0
17 3271690 0 0
17 2990183 0 0
17 3632018 0 1
17 2599617 0 0
17 2765939 0 0
17 3046969 0 0
17 2923613 0 0
17 3797049 0 1
17 2323013 0 0
17 2966580 0 1
17 3213015 0 1
17 3470986 0 0
17 3544067 0 1
17 3820150 0 0
17 2746284 0 0
17 2679597 0 0
17 3251528 1 1
17 1379641 0 0
17 2384414 0 0
17 3751282 0 0
17 3108290 0 1
17 3708897 0 0
17 1458326 0 0
17 3560799 0 1
17 3733628 0 1
17 2911400 0 1
17 3459711 0 1
17 2627909 0 1
17 2384649 0 1
17 1904453 0 1
17 2612654 0 0
17 3533152 0 1
17 3289902 0 1
17 3350048 0 1
17 1948009 0 0
17 3812549 0 1
17 3023866 0 1
17 3558207 0 1
17 3878395 0 1
17 3401707 0 0
17 3047832 1 1
17 2841416 0 1
17 2267201 0 1
17 3183542 0 1
17 3183543 0 1
17 3327282 0 1
17 2798987 0 1
17 3655827 0 1
17 3745864 0 0
17 3668902 0 0
17 3319418 0 1
17 3879014 0 0
17 1183201 0 0
17 1781429 0 0
17 2496697 0 0
17 3227694 0 1
17 2589588 0 0
17 1183200 1 1
17 3214316 0 1
17 3041043 1 1
17 3655832 0 1
17 3654742 0 0
17 3110132 0 1
17 3200155 0 1
17 3488028 0 1
17 3285529 0 0
17 3087470 0 1
17 1784707 0 0
17 2784517 0 1
17 2995940 0 0
17 2449213 0 0
17 2784516 0 1
17 3250001 0 0
17 2784515 0 1
17 2784512 0 1
17 3516865 0 0
17 3099062 0 1
17 1764017 0 1
17 2769365 0 1
17 3099067 0 1
17 2737763 0 1
17 3114544 0 1
17 3410246 0 1
17 3600282 0 1
17 3661041 0 1
17 2384691 0 0
17 2992666 0 1
17 3364643 0 1
17 2784509 0 1
17 2784508 0 1
17 3423789 1 1
17 2784504 0 1
17 3776553 0 1
17 2784984 0 1
17 3551405 0 1
17 1762068 0 1
17 3452044 0 0
17 3493829 0 1
17 3258191 0 0
17 3237276 0 0
17 3859883 1 1
17 2361344 0 0
17 2556666 0 0
17 3173916 0 1
17 3655859 0 0
17 3350004 0 1
17 3043436 0 0
17 1540413 0 0
17 3227485 0 1
17 3192212 2 1
17 2246105 0 0
17 2769341 0 0
17 3099080 0 1
17 2480070 0 0
17 2479080 0 1
17 1190177 0 0
17 2855828 0 1
17 3648688 0 0
17 1044425 0 0
17 3349473 0 1
17 3855276 0 1
17 3401996 0 0
17 3634274 0 1
17 2826293 0 1
17 3063251 0 1
17 2888977 0 1
17 3500078 0 0
17 3182877 0 1
17 3099092 0 1
17 3214511 1 1
17 2365966 0 1
17 3149619 0 1
17 3492965 0 1
17 2910374 0 1
17 2896582 0 1
17 2737771 0 1
17 2760525 1 1
17 3080807 0 0
17 3350224 0 1
17 2531175 0 1
17 3555598 0 1
17 3616039 0 1
17 1885440 2 1
17 3214505 0 1
17 3415050 0 1
17 3015824 0 1
17 1524788 0 1
17 3015825 0 1
17 3662733 0 1
17 3765290 0 1
17 3398075 0 1
17 3662734 0 1
17 3514804 0 1
17 2610646 0 0
17 2847139 0 0
17 3068590 0 1
17 3628494 0 1
17 3789027 0 1
17 2719058 0 0
17 2277430 0 1
17 2830945 2 1
17 3512638 0 1
17 3821091 0 0
17 3745432 0 0
17 1570456 0 1
17 2840972 0 0
17 3662748 0 1
17 2767137 0 1
17 3421967 0 0
17 3021273 0 1
17 3021274 0 0
17 3021272 0 0
17 3328985 1 1
17 3141714 0 1
17 3021270 0 1
17 3407431 0 0
17 122079 2 1
17 3298212 0 0
17 2591237 0 0
17 3583806 0 0
17 3840837 0 1
17 2702879 0 1
17 2609891 2 1
17 3363980 0 0
17 2702883 0 1
17 3513733 0 1
17 3490972 0 0
17 3568893 0 0
17 3657161 0 0
17 3672562 0 1
17 3126780 0 1
17 2011155 0 1
17 3059860 0 1
17 3719188 0 1
17 3068583 2 1
17 3892050 0 0
17 3474275 0 1
17 3068103 0 1
17 2803799 0 1
17 2600825 2 1
17 3159287 0 1
17 3166808 0 1
17 3630317 0 1
17 1464382 0 0
17 1526710 0 0
17 2686968 0 1
17 3628489 0 1
17 3628244 0 1
17 2011141 0 0
17 3838988 0 1
17 1885437 0 1
17 3628240 0 1
17 2964798 0 0
17 3681262 0 1
17 3745456 0 1
17 2142510 0 0
17 2721581 0 0
17 2861643 0 0
17 3172665 0 1
17 3683477 0 1
17 3014930 0 1
17 3044582 0 1
17 3073909 2 1
17 3628218 2 1
17 3649156 2 0
17 1036420 0 0
17 3546444 0 1
17 3671015 0 0
17 2910504 0 1
17 3140674 0 1
17 2164958 0 0
17 2791730 0 0
17 3169498 0 1
17 3745887 0 0
17 2718181 0 0
17 2640782 0 0
17 3025836 0 0
17 3101056 0 1
17 2576055 0 0
17 2806400 0 0
17 3695684 0 1
17 3437059 0 0
17 3628469 2 1
17 2997273 0 0
17 3841963 0 0
17 3409899 0 1
17 2730284 0 0
17 3584937 0 0
17 3025845 0 0
17 3351958 2 1
17 2672145 0 1
17 2806858 0 1
17 2694377 0 1
17 2848006 2 1
17 2852719 0 1
17 3713838 0 0
17 3444833 0 1
17 3052194 0 1
17 2603042 0 1
17 2941255 0 1
17 3848570 0 1
17 2479935 0 1
17 3015810 0 0
17 3419668 0 1
17 3254217 0 1
17 3108944 0 1
17 3545342 0 1
17 3779402 0 1
17 3863961 0 0
17 2827788 0 1
17 3061903 0 1
17 3827419 0 1
17 2627247 0 0
17 3440487 0 1
17 3031281 1 0
17 2799007 0 0
17 2799006 0 0
17 2852725 0 1
17 3835276 0 0
17 3446077 0 1
17 3348529 0 1
17 3870096 0 1
17 3015305 0 1
17 2526540 0 1
17 3713330 0 1
17 3015306 0 0
17 3715990 0 0
17 3712003 0 1
17 2740180 0 0
17 3198695 0 1
17 3349853 0 0
17 3326973 0 0
17 1140052 0 0
17 3108731 1 1
17 3867925 0 1
17 1977268 0 1
17 2776370 0 1
17 2964605 0 1
17 2702900 0 1
17 3598246 0 0
17 3701338 0 1
17 3793477 0 1
17 2992067 0 1
17 3017976 0 1
17 3747330 0 0
17 1552074 0 1
17 2640349 0 0
17 3419921 0 1
17 3381485 0 1
17 3451670 0 0
17 3385600 0 0
17 3098982 0 0
17 2821393 2 1
17 1199598 0 0
17 2630308 0 1
17 3339825 0 0
17 3446093 0 1
17 2195633 0 0
17 3860027 0 1
17 3475895 0 1
17 3411195 0 1
17 2627451 0 1
17 3245434 0 0
17 3779396 0 1
17 3541574 0 0
17 3442737 0 0
17 3635619 0 1
17 2576828 0 1
17 3347651 0 1
17 436065 0 1
17 3015576 0 1
17 1567346 0 0
17 2757601 0 0
17 2808165 0 0
17 3556838 0 1
17 3691581 0 1
17 3460158 0 1
17 3717729 0 0
17 3815002 0 0
17 3680210 0 0
17 2992040 0 1
17 3460151 0 1
17 2642780 0 1
17 2687895 0 1
17 2687896 0 0
17 3372799 0 0
17 2479308 0 0
17 3445186 0 1
17 3015743 0 1
17 3289029 0 1
17 3166818 0 0
17 3771415 0 0
17 2254639 0 1
17 1936994 0 1
17 3038627 0 1
17 3133986 0 0
17 343279 0 1
17 3705742 0 1
17 3484318 0 1
17 3580506 0 1
17 3015994 0 1
17 3345229 0 1
17 2740150 0 0
17 2672190 0 1
17 3543584 0 1
17 2740156 0 1
17 2730560 0 1
17 2479552 0 0
17 3578667 0 1
17 1198220 0 1
17 2253550 0 0
17 3875995 0 0
17 3512606 0 1
17 3579987 0 0
17 2833155 2 1
17 2881438 0 1
17 1942180 0 0
17 2705151 0 1
17 3409907 0 1
17 2008697 0 1
17 2595300 0 0
17 2604530 0 0
17 2783087 0 1
17 3545734 0 1
17 3643670 0 1
17 3438439 0 1
17 3407722 0 0
17 3673977 0 0
17 3681112 0 1
17 3852206 0 0
17 3534871 0 0
17 2447979 0 1
17 2929414 0 1
17 3279695 0 1
17 3313870 0 0
17 3748403 0 1
17 3015771 0 0
17 3015534 0 1
17 3015777 0 1
17 2698104 0 1
17 2955936 0 0
17 3196249 0 1
17 3807663 0 0
17 2783077 2 1
17 3004641 0 0
17 2827707 0 0
17 3488907 0 0
17 3544655 0 0
17 3877957 0 1
17 3596056 0 1
17 1784748 2 1
17 2812834 0 0
17 2949848 0 1
17 3249850 0 0
17 3352193 0 1
17 3562200 0 1
17 3342146 0 0
17 3411373 0 1
17 1784745 0 0
17 3787646 0 0
17 2938716 0 1
17 2938719 0 1
17 2719730 0 0
17 3709902 0 0
17 3427950 0 1
17 2810651 0 0
17 3796347 0 0
17 3687464 0 1
17 1974825 0 1
17 2074137 0 0
17 2705345 0 1
17 2934582 0 1
17 2601019 0 1
17 3088753 0 1
17 3032707 0 1
17 2783054 0 0
17 3075200 0 1
17 3032715 0 0
17 3245485 0 1
17 2395491 0 0
17 2955276 0 0
17 3337804 0 1
17 2109466 0 0
17 2384366 0 1
17 3310784 0 1
17 2664139 0 0
17 3357634 0 1
17 2827072 0 1
17 3261719 0 0
17 3279489 0 1
17 2626767 0 0
17 3342366 0 0
17 3585781 0 0
17 2572068 2 1
17 3680866 2 1
17 2719756 0 1
17 3725171 0 1
17 3615849 0 0
17 3765831 0 1
17 2483436 0 0
17 3094314 0 1
17 3785209 0 1
17 1192792 0 1
17 2990024 0 0
17 3223493 0 1
17 2808561 0 1
17 3290028 0 0
17 1784778 0 1
17 3357616 0 1
17 3888002 0 1
17 2050150 0 0
17 3192516 0 1
17 3118379 0 0
17 3133999 0 1
17 3261730 0 0
17 2646742 0 0
17 3016022 0 1
17 3396109 1 1
17 3822608 0 1
17 3639802 0 1
17 3746057 0 0
17 2726474 0 1
17 3553533 0 1
17 3459509 0 1
17 3633010 0 0
17 3083035 0 0
17 3413594 0 1
17 3343431 0 1
17 3410081 0 0
17 3600324 0 0
17 3060395 0 0
17 2936579 0 1
17 3806164 2 1
17 2938513 0 0
17 3539462 0 0
17 3599939 0 1
17 2820011 0 1
17 3786997 0 0
17 3825926 0 1
17 2717993 0 1
17 3005545 0 1
17 140039 0 1
17 3450927 0 1
17 3539461 0 1
17 2775874 0 1
17 3526386 0 1
17 3690674 0 1
17 3282245 0 1
17 2688164 0 0
17 3015359 0 0
17 3462906 0 0
17 1784555 0 0
17 3846852 0 1
17 2847727 0 1
17 3492103 0 1
17 3625878 0 1
17 522803 0 1
17 1087842 0 1
17 2867990 0 1
17 3051211 0 1
17 1403776 0 1
17 2448878 0 0
17 3395037 1 0
17 1082399 0 0
17 3688353 0 0
17 3853387 0 0
17 2627819 0 1
17 3467394 0 1
17 2585577 0 0
17 2726496 0 1
17 2726498 0 1
17 2199119 0 0
17 2957012 0 0
17 3087613 0 0
17 3120247 0 0
17 2820235 0 0
17 3527262 0 0
17 3843335 0 1
17 3461611 0 1
17 3350196 0 1
17 3565987 0 1
17 3759387 0 1
17 2479364 0 0
17 3135503 0 0
17 3504149 0 1
17 3015360 0 1
17 2688143 1 1
17 3013198 0 0
17 3773424 0 1
17 3144685 0 0
17 239862 0 1
17 2397013 0 0
17 3197173 0 1
17 3250653 0 1
17 3267073 0 1
17 2613409 0 1
17 3129061 0 0
17 3764957 0 1
17 2025186 0 0
17 3782364 1 1
17 2614979 0 1
18 2747499 0 0
18 3101782 0 0
18 3215553 0 1
18 2694630 0 0
18 1208965 0 0
18 3252506 0 1
18 2931125 0 1
18 2842888 0 1
18 3845336 2 1
18 3820036 0 1
18 1998881 2 0
18 3001704 0 1
18 3348082 0 0
18 2883193 0 0
18 2542358 0 0
18 3458987 0 0
18 3752485 0 0
18 2751768 0 1
18 3102869 0 0
18 3790766 0 1
18 3030016 0 1
18 3296316 0 1
18 2633017 0 0
18 3351253 2 1
18 2222672 0 0
18 1174872 0 0
18 1081546 0 1
18 3558351 0 1
18 2384762 0 1
18 2794498 1 0
18 2132856 0 1
18 2128113 0 1
18 3123554 0 0
18 3009442 0 1
18 2931142 0 0
18 3756870 0 0
18 3331875 0 0
18 3697300 0 1
18 1802750 0 1
18 3310978 0 0
18 3350152 0 1
18 3373077 0 1
18 2384793 0 0
18 2921330 0 0
18 1664556 0 1
18 3319540 0 1
18 2556730 0 0
18 2646334 0 0
18 3113998 0 0
18 2633270 0 0
18 2694628 0 1
18 1065094 0 0
18 2008949 0 0
18 2784403 2 1
18 3641729 0 0
18 3196964 0 1
18 2829407 0 1
18 2829408 0 0
18 2448291 0 0
18 3252509 0 1
18 3294114 0 0
18 2384308 0 0
18 2999595 0 0
18 1906775 0 0
18 3410774 0 0
18 3848814 0 0
18 2565670 0 0
18 3698408 0 0
18 2140299 0 0
18 3112438 0 1
18 3579014 0 0
18 3707411 0 0
18 3614335 0 1
18 3021745 0 1
18 2811945 0 0
18 3457849 0 0
18 3227583 0 1
18 3457848 0 1
18 1315066 0 0
18 1175909 0 0
18 3304471 0 0
18 3597913 2 1
18 3627643 0 1
18 2140467 0 0
18 3597915 0 0
18 2779287 0 1
18 2887510 0 0
18 2726516 0 0
18 3878216 0 0
18 3362584 0 1
18 2726501 0 0
18 3739470 0 1
18 3148421 0 0
18 3663595 0 0
18 3122058 0 1
18 2827048 0 0
18 3290800 0 0
18 3674472 0 1
18 3891422 0 1
18 1175926 2 1
18 1469523 0 0
18 2140479 0 0
18 3333805 0 1
18 3443698 0 0
18 3761189 0 1
18 3765785 0 0
18 2591956 0 1
18 2531024 0 0
18 3441033 0 0
18 2174495 0 1
18 2556770 0 0
18 3610196 0 1
18 1751042 0 0
18 2132414 0 1
18 3468761 0 0
18 3359162 0 0
18 3687339 0 1
18 137602 0 1
18 3821143 0 1
18 2131561 0 1
18 2480196 0 1
18 2246223 2 1
18 3271288 0 0
18 3574852 0 1
18 3411439 0 0
18 3564814 0 1
18 3443222 0 1
18 3564815 0 0
18 3271282 0 0
18 2384351 0 0
18 3859511 0 1
18 3229792 0 0
18 2131797 0 1
18 2811934 0 0
18 3561305 0 0
18 2690062 0 0
18 3358065 0 0
18 2690061 0 1
18 3824665 0 1
18 3215967 0 0
18 3733961 0 1
18 2933117 2 1
18 3409114 0 0
18 3789719 0 0
18 549532 0 1
18 3271299 0 0
18 2944241 0 0
18 3271296 0 1
18 3614329 0 0
18 2944247 2 1
18 3658351 0 0
18 3884537 0 1
18 3420763 0 1
18 3560820 0 0
18 3226299 2 1
18 3358057 0 1
18 2228383 2 0
18 3507390 2 1
18 2894493 0 0
18 3474147 2 1
18 3737700 0 0
18 3290862 0 1
18 3874978 0 1
18 1550961 2 1
18 3712889 0 1
18 3445823 0 0
18 2572606 0 1
18 2823040 0 1
18 3707049 0 1
18 3798094 0 0
18 1550969 0 1
18 3580664 2 1
18 3794962 0 1
18 3420510 0 1
18 3846492 0 1
18 3147139 0 1
18 3500770 0 1
18 3581514 0 0
18 3684874 0 0
18 3790368 0 0
18 3194369 0 0
18 3214856 0 1
18 3757777 0 1
18 3016806 0 1
18 3290846 0 1
18 3290847 2 1
18 3650885 0 0
18 3526908 0 0
18 3499450 0 0
18 3721128 0 1
18 2628032 0 0
18 2607110 0 0
18 3147132 0 1
18 3681391 0 0
18 2815648 0 0
18 3580652 0 0
18 2366049 0 0
18 3017901 0 0
18 137249 2 0
18 2672220 0 0
18 2488320 0 0
18 3382616 0 0
18 2135284 0 0
18 3731174 0 0
18 3161474 0 0
18 3732261 0 0
18 3674621 0 1
18 2756345 0 1
18 2756346 2 1
18 3651988 0 0
18 2531043 0 2
18 2672216 0 0
18 2797382 0 0
18 2886875 0 0
18 3830903 0 1
18 3409957 2 0
18 3682238 2 1
18 2801011 0 0
18 3376190 0 1
18 3830908 0 1
18 3326224 0 1
18 3137790 0 1
18 2547621 0 1
18 2875506 0 0
18 2522335 0 1
18 3488308 0 0
18 2910854 0 0
18 3219287 2 1
18 2823030 0 0
18 1177960 0 0
18 3850971 0 1
18 2989717 0 1
18 2687930 0 0
18 3824272 0 0
18 3499641 0 1
18 3760916 0 0
18 3293925 0 1
18 3590438 0 1
18 3326899 0 0
18 2131983 0 1
18 2713835 0 0
18 2776170 0 0
18 2384734 0 0
18 2873510 0 0
18 3219034 1 1
18 2128339 0 0
18 3202844 0 1
18 3338649 0 1
18 2779443 0 1
18 3488513 0 1
18 2108978 0 0
18 3599262 0 0
18 3682250 2 0
18 2391256 0 0
18 1550928 0 0
18 3423821 0 1
18 2699974 0 1
18 3826468 0 1
18 3303770 0 0
18 2479837 0 0
18 1397847 0 0
18 3303772 0 0
18 3792505 0 1
18 2813291 0 1
18 3183677 0 1
18 1538628 0 0
18 3030052 0 1
18 2366074 0 0
18 2944862 0 0
18 3030056 0 0
18 3030053 0 0
18 2478953 0 0
18 3090301 0 0
18 1940284 0 0
18 3684463 0 1
18 2474599 0 1
18 3582636 0 1
18 2712529 0 0
18 2825016 0 0
18 3127319 0 1
18 3219018 2 0
18 3570899 0 0
18 2626283 0 0
18 3464327 0 0
18 3161430 0 1
18 3162761 0 0
18 1550940 0 0
18 3699923 0 1
18 3161434 0 1
18 3501674 0 0
18 3265448 0 0
18 2859479 0 0
18 3616347 0 0
18 3722436 0 0
18 2685790 0 1
18 3198947 0 1
18 2652426 0 0
18 3521273 0 0
18 3390291 0 0
18 3219004 0 1
18 3219003 1 0
18 3224944 0 0
18 3408663 0 1
18 3758842 0 0
18 3161441 0 1
18 2384501 0 0
18 3818833 0 1
18 3851869 2 1
18 3649488 0 1
18 1513329 0 0
18 3064060 0 0
18 1550955 0 1
18 2893118 0 0
18 3852953 0 0
18 2875708 0 0
18 2875706 0 1
18 3829763 0 1
18 3829764 0 1
18 1697813 0 0
18 2759914 2 1
18 3657540 0 0
18 3872153 0 0
18 3768168 0 0
18 3118664 0 1
18 3558907 0 1
18 3564105 0 1
18 3361868 0 0
18 3196159 0 0
18 3412186 0 0
18 3656690 0 0
18 2734617 0 0
18 3234635 0 0
18 3305921 0 0
18 3486899 0 0
18 3541472 0 1
18 1896172 0 1
18 2409354 0 1
18 2734610 0 0
18 2125429 0 1
18 3116003 2 1
18 3827109 0 1
18 2760910 0 0
18 2810372 0 0
18 2254710 0 0
18 3610459 0 1
18 3037213 0 0
18 3726521 0 1
18 2860402 0 0
18 3314860 0 1
18 3704968 0 1
18 2377328 0 0
18 3648817 0 1
18 3174131 0 0
18 3045067 0 0
18 2631757 0 0
18 2827808 0 0
18 3461107 0 1
18 2691805 0 0
18 3414117 0 0
18 3462670 0 0
18 3681641 0 1
18 2940743 0 1
18 3671845 0 0
18 2364251 0 0
18 3277343 0 0
18 3554525 0 0
18 3633550 0 0
18 3866926 0 0
18 1448179 0 0
18 3083331 0 0
18 3379053 0 0
18 65703 0 1
18 2249582 0 0
18 2856151 0 1
18 3521645 0 1
18 3852529 0 0
18 3575228 0 1
18 3118644 0 1
18 3429832 0 1
18 3634649 0 0
18 2755787 2 1
18 3011091 0 0
18 3348639 0 0
18 2720222 0 0
18 3669557 0 1
18 3015219 0 1
18 3643343 0 1
18 3197495 0 0
18 3180819 0 1
18 1852375 0 0
18 3368228 0 1
18 3495359 0 1
18 3816213 0 0
18 3362917 0 1
18 2186811 0 0
18 3852513 0 1
18 3355157 0 1
18 3149133 0 0
18 3484228 0 1
18 3198775 0 0
18 3556766 0 1
18 2740262 0 0
18 3682302 2 1
18 2008556 0 0
18 3660999 0 0
18 3771777 0 1
18 2275218 0 1
18 3313749 0 0
18 2172608 0 0
18 2126317 0 1
18 2180241 0 1
18 1544354 0 0
18 3128263 0 1
18 2816711 0 1
18 3198766 0 0
18 1180831 0 1
18 2064011 0 0
18 2799065 1 0
18 3519588 2 1
18 2655746 0 0
18 3465905 0 1
18 2699331 0 0
18 2206446 2 1
18 2666638 0 0
18 3597487 0 0
18 2664218 0 0
18 2753342 0 0
18 3375727 0 1
18 3576368 0 0
18 3723462 0 1
18 2664214 0 0
18 3831868 0 1
18 3871041 0 1
18 2932950 0 1
18 3663802 0 0
18 3669580 0 1
18 3266255 0 0
18 2135241 0 1
18 3215178 0 0
18 2740245 0 1
18 2718101 0 0
18 3130333 0 0
18 2687569 0 1
18 3134932 0 0
18 3425271 0 1
18 3748779 0 1
18 3577671 0 0
18 3329083 0 0
18 2729477 0 1
18 2687570 0 0
18 2605759 0 0
18 2629947 0 1
18 1702343 0 0
18 3562196 0 0
18 3760632 0 0
18 3359716 0 0
18 3567877 2 1
18 3481392 0 1
18 3313757 0 1
18 3163221 0 1
18 1824724 0 0
18 3546089 2 1
18 2847812 0 1
18 3491167 0 1
18 2562358 0 1
18 3546087 2 1
18 3109782 0 1
18 3539541 0 1
18 3517754 0 0
18 3132331 0 1
18 3109785 0 1
18 3604619 0 1
18 2946695 0 1
18 3576734 2 1
18 2721942 0 1
18 2464817 0 0
18 2627994 0 0
18 3483787 0 0
18 2908853 0 0
18 3284745 0 0
18 3446121 0 1
18 1624848 0 0
18 2729892 0 0
18 2561012 0 0
18 3176151 0 1
18 3517761 0 0
18 3517523 0 0
18 3679720 0 1
18 1502064 0 0
18 2613589 0 0
18 2717442 2 0
18 3222266 0 0
18 3852134 0 0
18 3858901 0 1
18 3043756 2 1
18 3190475 0 0
18 3156995 0 0
18 3123833 0 0
18 3568097 0 0
18 3784471 0 0
18 3146709 0 0
18 3697146 0 0
18 3245397 0 1
18 2708982 0 0
18 3245399 0 1
18 3517533 0 0
18 2448349 0 0
18 3705886 0 1
18 3483767 0 0
18 3616816 0 0
18 3483526 0 0
18 2753768 0 0
18 3403610 0 0
18 1262735 0 0
18 3784461 0 1
18 2629906 0 0
18 3492244 0 0
18 3109793 0 1
18 3141019 0 1
18 2783150 0 0
18 3431061 0 0
18 2635975 0 0
18 3515123 0 0
18 2708994 0 0
18 3215362 0 1
18 3704543 0 0
18 1440867 0 0
18 3543801 0 1
18 3284718 0 0
18 3598553 0 1
18 2772253 0 0
18 2888329 0 0
18 2133249 0 0
18 3752857 0 0
18 2693868 0 0
18 3224471 2 1
18 2888325 2 1
18 3040426 0 1
18 2480012 0 0
18 3218868 0 0
18 1761145 0 0
18 3477292 0 0
18 2900097 0 0
18 3644260 0 1
18 3866344 0 0
18 3644263 0 0
18 2636832 0 1
18 2945163 0 1
18 3301921 0 1
18 3510919 0 0
18 3687151 0 1
18 3259574 0 1
18 3658835 0 0
18 3095547 0 0
18 3597633 0 0
18 3818025 0 0
18 3015232 0 0
18 3346836 0 1
18 3573492 0 1
18 1563448 0 0
18 3283454 0 1
18 2831021 0 0
18 3309635 0 0
18 3342231 0 0
18 3541200 0 0
18 3433015 0 0
18 3519746 0 1
18 3819108 0 1
18 3426770 0 0
18 3484605 0 0
18 2479278 0 1
18 3890613 0 1
18 3671804 0 0
18 2774660 0 0
18 2992138 0 0
18 261880 0 0
18 2991287 0 0
18 3415873 0 0
18 2783124 0 1
18 2589812 0 0
18 2596114 0 1
18 3461732 0 1
18 3516242 0 0
18 2572143 0 0
18 3008952 0 1
18 3272533 0 0
18 3008954 0 1
18 3741984 0 1
18 3741981 0 0
18 3391801 0 0
18 3741982 0 1
18 2386496 0 0
18 3878513 0 0
18 3123640 0 0
18 2480006 0 1
18 2857854 0 1
18 3693843 0 0
18 3563449 0 1
18 1858710 0 0
18 2132361 0 1
18 3388657 0 0
18 3276904 0 1
18 3716554 0 0
18 3002186 0 0
18 3844534 2 1
18 2131270 0 0
18 2483980 0 1
18 3741978 0 1
18 3655598 0 1
18 3741979 0 1
18 2764601 0 0
18 3390728 0 1
18 3741973 0 1
18 2124987 0 0
18 2576993 0 0
18 3741976 0 1
18 2797743 0 0
18 3422154 0 0
18 2811896 0 1
18 3517580 0 1
18 2995900 2 1
18 2729945 0 0
18 2374600 0 1
18 3339251 0 1
18 3879220 0 0
18 3544062 0 1
18 2098752 0 0
18 3524693 0 1
18 3544060 0 1
18 2804019 0 0
18 3544066 0 0
18 2679599 0 0
18 3051089 0 0
18 1277864 0 0
18 3334801 0 0
18 1379641 0 0
18 3603110 0 1
18 3778762 0 0
18 2591883 0 1
18 3830192 0 0
18 3502429 0 1
18 2738890 0 1
18 3557149 0 1
18 3722976 0 1
18 3339023 0 0
18 3686533 0 0
18 3387587 2 1
18 3798369 0 0
18 3215423 0 0
18 2693431 0 1
18 3155275 0 1
18 2784783 0 0
18 2994802 0 1
18 3297526 0 0
18 3354405 2 1
18 3399315 0 1
18 3214570 0 1
18 3479780 0 1
18 2888753 0 1
18 3391837 0 1
18 3483834 2 1
18 3505949 0 1
18 3019596 0 1
18 3653878 0 1
18 3745861 0 0
18 3086161 0 0
18 3086162 0 0
18 3284677 0 1
18 3460715 0 0
18 3653880 0 0
18 3020354 0 0
18 3238578 0 0
18 2025150 0 0
18 3162842 0 0
18 3031011 0 1
18 2798987 0 1
18 3391848 0 1
18 2769370 0 1
18 2944328 0 0
18 3879014 0 1
18 1781429 0 0
18 3637105 0 0
18 3086150 0 1
18 2128460 0 1
18 3086151 0 0
18 3430499 0 0
18 3544059 0 1
18 3544057 0 1
18 3572985 0 1
18 3478230 0 0
18 3524467 0 0
18 2106692 0 0
18 3598951 0 0
18 3143277 0 0
18 3532087 0 0
18 3182443 0 0
18 3488028 0 1
18 3764359 0 1
18 3663224 1 1
18 3425732 0 1
18 2174354 0 1
18 2650979 0 1
18 3086144 0 0
18 3086145 0 1
18 3424642 0 1
18 3542918 0 0
18 3640983 0 1
18 3741440 0 1
18 2128297 0 0
18 3534058 2 0
18 3714063 0 1
18 2935884 0 1
18 3750396 0 1
18 3190012 0 0
18 3104973 0 0
18 3086146 0 1
18 1781433 0 0
18 2933468 0 1
18 3214547 0 0
18 2064946 0 1
18 3596703 0 1
18 3296488 0 1
18 3410247 0 1
18 1277828 0 0
18 1277829 0 0
18 1569017 0 1
18 3542922 0 0
18 2684991 0 0
18 2575599 2 1
18 3700967 0 1
18 3738261 0 1
18 2904291 0 0
18 125311 1 0
18 3425729 0 1
18 3848514 0 1
18 3190481 0 1
18 3434622 0 0
18 3744706 2 1
18 3213680 0 1
18 2757389 0 0
18 3542932 0 1
18 2010078 0 0
18 3424871 0 0
18 3542938 0 1
18 3173916 0 0
18 3503330 0 0
18 2782317 0 1
18 3877022 0 0
18 2887898 0 0
18 3459926 0 1
18 2914966 0 0
18 2246105 0 0
18 2773608 0 0
18 2672301 0 0
18 3549770 0 0
18 3077410 0 1
18 2710063 0 1
18 3452293 0 0
18 3264875 0 0
18 2981765 0 0
18 3616856 0 1
18 3168342 0 0
18 3721862 0 0
18 2888977 0 1
18 3041485 0 1
18 3411783 0 0
18 3741219 0 1
18 2908860 0 0
18 3870642 0 1
18 1253667 0 1
18 2966984 0 1
18 3318957 0 1
18 2988774 0 0
18 3584910 0 0
18 2850550 0 1
18 2767145 0 1
18 3692142 2 1
18 3824354 0 1
18 2695205 0 0
18 3794614 0 0
18 3363766 1 0
18 3834393 0 0
18 2187870 0 0
18 2644092 0 0
18 2813122 0 0
18 2719058 0 0
18 3315680 0 0
18 2813126 0 1
18 2845190 0 1
18 3350215 0 0
18 2686975 1 1
18 2813128 0 1
18 2845191 0 1
18 3177908 0 0
18 3702703 0 0
18 2206480 0 1
18 2936084 0 0
18 2479759 0 0
18 2263036 0 1
18 3465549 0 1
18 3549924 1 1
18 3408521 0 1
18 3857262 0 0
18 3296275 0 1
18 2591237 0 0
18 1750965 0 0
18 3813202 0 0
18 3001437 0 0
18 3390108 0 0
18 3632512 0 1
18 3151508 0 1
18 3153924 0 1
18 3228372 0 1
18 3390365 0 0
18 3061700 0 0
18 3235905 0 0
18 3104556 0 0
18 3172481 0 0
18 3363986 0 1
18 3186895 0 0
18 3590145 0 0
18 3692160 0 1
18 2873454 0 1
18 2874544 0 1
18 2595628 0 1
18 2125368 0 1
18 3651868 0 1
18 111181 0 0
18 2686952 0 0
18 2702412 0 1
18 1885430 0 1
18 3254894 0 0
18 3692154 0 1
18 3015858 0 1
18 3507066 0 1
18 3408508 0 1
18 3659590 0 1
18 1464386 0 0
18 3068105 0 0
18 3692151 0 1
18 3541188 0 0
18 3565133 0 1
18 3568885 0 1
18 3327672 0 1
18 3548815 0 1
18 3099218 0 0
18 2011141 0 0
18 2556689 0 0
18 3719111 0 0
18 3172664 0 1
18 3279503 0 1
18 3498671 0 0
18 2928270 0 0
18 3135082 0 0
18 3614293 0 1
18 3757868 0 1
18 3614291 0 1
18 2919553 0 1
18 2206032 0 0
18 3732320 0 1
18 1036420 0 0
18 2788568 0 1
18 3843911 0 1
18 3314559 0 0
18 2629690 0 0
18 3351987 0 0
18 1550805 0 0
18 3335258 0 1
18 3534689 0 0
18 3153734 0 0
18 2478862 0 0
18 2721575 0 0
18 3046515 0 1
18 3789697 0 0
18 2099495 0 0
18 2592761 0 0
18 2933858 0 0
18 3267537 0 0
18 3580577 0 0
18 2827790 0 0
18 2827792 0 0
18 3318936 0 1
18 3318935 0 1
18 2825133 0 0
18 3545330 0 0
18 3014715 0 0
18 2636057 0 0
18 2130991 0 0
18 3658294 0 0
18 3482079 0 1
18 2009268 0 0
18 2684339 0 1
18 3627341 0 0
18 3218045 0 0
18 1568587 0 0
18 3153716 0 0
18 3088376 0 0
18 2000469 0 1
18 2479935 0 0
18 3047866 0 1
18 3359432 0 0
18 3792602 0 1
18 3482082 0 0
18 3847002 0 0
18 3847001 0 0
18 2787265 0 1
18 3847005 0 1
18 1854912 0 0
18 3284082 0 1
18 3732352 0 0
18 3512692 0 0
18 3754364 0 0
18 3857284 2 0
18 3322181 0 0
18 3482084 0 1
18 3199906 2 0
18 2106894 0 0
18 2799007 1 0
18 3371426 0 0
18 2799006 0 0
18 3827461 0 0
18 3827460 0 0
18 3669404 0 0
18 1269433 0 0
18 3041832 0 0
18 1784101 0 0
18 2137769 0 1
18 2132075 0 0
18 3825049 0 0
18 3172064 0 1
18 3349853 0 0
18 2206519 2 1
18 3618051 0 1
18 1140052 0 0
18 3263087 0 1
18 3521740 0 0
18 2125307 0 0
18 2125789 0 0
18 535900 0 0
18 3483268 0 0
18 3599577 0 0
18 2813536 0 0
18 3794566 0 1
18 3689004 2 1
18 1764728 0 0
18 3419921 0 0
18 522841 2 0
18 3647600 0 0
18 3621239 0 1
18 2822248 0 0
18 3759313 0 1
18 3245400 0 0
18 3884260 0 0
18 3661928 1 0
18 2924396 0 0
18 3118317 0 1
18 3242136 0 0
18 3368360 0 1
18 2246195 0 1
18 3044095 0 0
18 1829442 0 1
18 2632727 0 1
18 2963769 0 1
18 2965705 0 0
18 3339825 0 0
18 2663443 0 0
18 2811596 0 2
18 3071483 0 1
18 2813535 0 0
18 3659619 0 1
18 1373687 0 0
18 3573162 0 0
18 3847052 0 0
18 2824881 0 1
18 3175350 0 0
18 3691596 0 0
18 3381498 0 1
18 3415795 0 0
18 3108758 0 1
18 3442737 0 0
18 3841511 0 1
18 2576828 0 1
18 3263067 0 1
18 3590788 0 1
18 3657446 0 1
18 3671515 0 1
18 3569909 0 1
18 1397863 0 0
18 3555985 0 0
18 2685470 0 0
18 3439574 0 0
18 2764123 0 0
18 3048475 0 1
18 3263070 0 1
18 2824875 0 1
18 2198907 0 0
18 2567296 0 1
18 3263074 0 1
18 3483495 0 0
18 2823551 0 0
18 3841504 2 1
18 116587 0 1
18 3355033 0 0
18 1181818 0 1
18 3372799 0 0
18 2479305 0 0
18 2939444 0 1
18 3792591 0 1
18 3046007 0 1
18 3581603 0 0
18 3606275 0 0
18 2825552 2 1
18 2009769 0 0
18 3060309 0 0
18 2904730 0 0
18 3484552 2 1
18 3580749 0 1
18 2125105 0 0
18 3140273 0 1
18 3371476 0 0
18 3119438 0 1
18 3672626 2 0
18 3553143 0 0
18 3623618 0 1
18 1269467 0 0
18 3206110 0 1
18 2432466 0 0
18 3108768 2 1
18 3345222 0 0
18 3289276 0 0
18 2584635 0 0
18 3521778 0 0
18 3108760 0 1
18 3521774 2 0
18 2783090 0 1
18 3599547 0 0
18 3610305 0 0
18 2479552 0 0
18 3704402 0 1
18 3666183 0 0
18 2750195 0 0
18 2665694 0 0
18 3258545 0 1
18 3446054 0 0
18 3509438 0 1
18 3403367 0 1
18 3831744 0 0
18 2881432 0 1
18 1613243 0 0
18 3326710 0 0
18 3692483 0 0
18 2951104 0 0
18 2604530 0 0
18 3108793 0 1
18 1036006 0 0
18 2822252 0 0
18 2822251 0 1
18 3038406 0 1
18 2715195 0 1
18 2844281 0 0
18 2813542 0 1
18 2813541 0 1
18 3872011 0 0
18 3821949 0 0
18 3428420 0 1
18 3575386 0 1
18 3313870 0 0
18 3743197 0 0
18 3555784 0 1
18 3322349 0 0
18 2984463 0 1
18 2698104 0 1
18 3415101 0 1
18 3416673 0 1
18 3416676 0 1
18 3199753 0 0
18 3270879 0 1
18 1750984 0 0
18 3111700 0 0
18 3504561 0 1
18 3854203 0 0
18 2750143 2 0
18 3795029 0 0
18 2990053 0 0
18 3387614 2 1
18 3719954 0 0
18 3531949 0 1
18 3714027 0 1
18 3394390 0 0
18 3486932 0 0
18 2631222 2 1
18 3270458 0 1
18 3132697 0 0
18 1936313 0 0
18 3787641 0 0
18 524183 0 0
18 3691726 0 0
18 3420076 0 1
18 3145992 0 1
18 3255285 0 0
18 3876002 0 1
18 3612362 0 0
18 2447585 0 1
18 2958331 0 0
18 3649626 0 0
18 2740110 0 0
18 1821329 0 1
18 3627856 0 1
18 3387629 2 1
18 3624107 0 0
18 2740115 0 1
18 3845721 0 0
18 3654568 0 1
18 1474998 0 0
18 1475846 0 0
18 2740114 0 1
18 2384366 0 0
18 2575565 2 1
18 2858848 0 0
18 2752789 0 0
18 2967013 0 0
18 3261719 0 0
18 3152039 0 0
18 3764980 0 0
18 3636783 0 0
18 1781496 0 0
18 2009505 0 0
18 2194701 0 1
18 2820434 0 0
18 3102808 0 0
18 3537269 0 1
18 1082148 0 0
18 3771270 0 0
18 3358953 0 0
18 3016252 0 1
18 3223007 0 0
18 2096525 0 0
18 2688343 2 1
18 3551781 0 0
18 3201080 0 0
18 3632172 0 0
18 2827065 0 0
18 3552874 0 0
18 3323635 0 0
18 3721827 0 0
18 3731623 0 1
18 3087885 0 0
18 3600137 0 1
18 3600136 0 1
18 3517420 0 0
18 3132663 0 1
18 3784101 0 1
18 2575584 2 1
18 2714076 0 0
18 3333660 1 1
18 2644321 0 1
18 3701399 0 1
18 3538583 0 1
18 2693985 0 0
18 3424005 0 0
18 1181870 0 0
18 3257034 2 1
18 2704202 0 0
18 270015 0 1
18 3806160 0 0
18 2633203 0 0
18 3336909 0 0
18 1208923 0 0
18 3866460 0 0
18 2889772 0 0
18 3854243 0 0
18 3539460 0 0
18 3310990 0 0
18 3834870 0 0
18 3857503 0 0
18 2693998 0 0
18 3257265 0 1
18 3527234 0 1
18 2008608 0 0
18 2364577 0 1
18 3058085 0 0
18 3529656 0 1
18 3833317 0 1
18 2847728 0 1
18 3237433 0 0
18 2613420 0 0
18 3824840 0 0
18 3218974 0 1
18 2847727 0 1
18 3214375 0 1
18 3310988 1 0
18 3074556 0 1
18 2983799 0 0
18 3665250 0 0
18 3833552 0 0
18 3398309 0 0
18 3508744 0 0
18 3017305 0 0
18 3386343 0 1
18 3507411 0 1
18 3459528 0 1
18 3459526 0 1
18 3459524 0 1
18 3218965 2 0
18 3621248 0 1
18 2125967 0 1
18 2547098 0 1
18 2125963 0 0
18 2668561 0 0
18 3135503 0 0
18 3205656 2 1
18 3529430 0 1
18 2814806 0 1
18 2878411 0 1
18 3181823 0 0
18 2664192 0 1
18 3666368 0 1
18 3809442 0 0
18 3552439 0 1
18 2131157 0 0
18 3101758 0 2
18 1762324 0 0
18 3764715 0 1
18 3764714 0 1
18 3459530 0 1
18 3049121 0 1
18 3886265 2 0
18 3006423 0 0
18 2025186 0 0
18 2125954 0 1
18 2949656 0 0
18 3771480 0 0
18 3666123 0 0
18 3302904 0 1
18 3544813 0 0
18 3819246 0 1
18 3302907 0 1
19 3660277 0 0
19 3389873 0 1
19 3516942 0 1
19 2633003 0 0
19 3491320 0 1
19 3674681 0 1
19 270052 0 1
19 3218821 0 0
19 3348087 0 0
19 2415357 0 1
19 3350176 0 1
19 2600792 0 0
19 3236011 0 0
19 3136412 0 0
19 1036506 0 0
19 3502788 0 0
19 2405793 0 0
19 3765337 0 0
19 1519920 0 0
19 1664583 0 0
19 2751761 0 0
19 3536789 1 1
19 2886216 0 1
19 3812876 0 0
19 2810826 0 0
19 3852093 0 0
19 2211558 0 0
19 2693554 0 1
19 3663318 0 0
19 3777329 1 1
19 3870306 0 0
19 3075163 0 1
19 3572643 0 1
19 1764163 0 1
19 3812874 0 0
19 3137978 0 0
19 2924849 0 0
19 2211561 0 0
19 3510189 0 1
19 3852083 0 1
19 3480649 0 0
19 1112598 0 0
19 3401825 0 0
19 3874909 0 0
19 3214689 0 1
19 3010678 0 0
19 3776440 0 0
19 3271241 1 1
19 3271242 0 1
19 3874910 0 0
19 3858865 0 1
19 2430546 1 1
19 3641964 0 0
19 3389661 0 1
19 3046850 0 0
19 3492402 0 0
19 3362129 0 0
19 3825950 0 1
19 3641969 0 1
19 1112589 0 0
19 1241778 0 0
19 2483261 1 1
19 3512371 1 0
19 3238463 0 0
19 2636788 1 1
19 2682406 0 1
19 3271255 0 1
19 2920253 0 0
19 3170349 0 0
19 3025929 0 0
19 3392843 0 0
19 3732609 0 0
19 2690073 0 0
19 3227341 0 1
19 3252781 0 0
19 2726510 0 0
19 3861854 0 1
19 2958889 0 0
19 2989381 0 1
19 1567191 0 0
19 3431052 0 0
19 3512381 0 0
19 3709662 0 1
19 3350132 0 1
19 2225999 0 0
19 3850722 0 1
19 2360120 0 0
19 2682454 0 0
19 3169773 0 2
19 3318873 0 0
19 2232040 0 0
19 2386750 0 0
19 2556315 0 1
19 2769470 0 0
19 3400325 0 0
19 3065337 0 0
19 3717463 0 0
19 2232037 0 0
19 3668800 0 1
19 3528964 0 0
19 3549204 0 0
19 3452169 0 0
19 3585753 0 0
19 3479868 0 0
19 3674472 0 1
19 3201108 0 1
19 3195806 0 1
19 3674474 0 1
19 3303139 0 0
19 3296595 0 0
19 1569142 0 0
19 3480642 0 0
19 2174496 0 1
19 1241564 0 0
19 3042229 0 1
19 3423414 0 1
19 3610195 0 0
19 2174499 0 1
19 2845931 0 0
19 3552828 0 0
19 2769464 0 1
19 3539883 0 0
19 3699767 0 1
19 2814195 0 0
19 3009646 0 1
19 3647234 0 0
19 3636107 0 0
19 3813797 0 0
19 3837720 0 0
19 3813311 0 0
19 2690065 0 0
19 3087321 0 0
19 3042218 0 1
19 1634746 0 0
19 3603204 1 1
19 3009659 2 1
19 3193889 0 0
19 3539876 0 1
19 3482801 0 0
19 3558373 0 1
19 3537696 0 0
19 3482800 0 1
19 517726 0 0
19 2837218 0 0
19 2959098 0 0
19 2583979 0 1
19 3414088 0 1
19 2769444 0 0
19 3606353 0 0
19 3860565 0 0
19 3322097 0 0
19 3445826 0 0
19 1702536 0 1
19 3750907 0 0
19 3631314 0 0
19 3531257 0 0
19 3480838 0 1
19 3147136 0 1
19 3499214 0 0
19 2862663 0 0
19 3420511 0 1
19 3249167 0 0
19 3284186 0 0
19 3682458 0 1
19 3788287 0 1
19 2172248 0 0
19 2893173 0 0
19 3860552 0 0
19 2276219 0 1
19 3590497 0 1
19 2713885 1 1
19 1779609 0 0
19 2366049 0 0
19 3073801 1 1
19 3080583 0 1
19 3012218 0 0
19 3197660 0 0
19 1036566 0 0
19 2911937 0 0
19 3856281 0 0
19 3856280 0 0
19 2684419 0 0
19 2756345 0 1
19 3760945 0 1
19 3760944 0 0
19 2531037 0 0
19 3277871 0 0
19 1242223 0 0
19 3420730 1 1
19 2797382 0 0
19 3743391 0 0
19 2553052 1 0
19 3015975 0 1
19 3529191 0 0
19 3452147 0 0
19 3016829 0 1
19 1904196 1 0
19 1852413 0 1
19 2815650 0 0
19 3522322 1 1
19 3778234 0 0
19 3037985 0 2
19 2072848 0 0
19 2531045 0 0
19 1569122 0 0
19 3371985 0 1
19 3619629 0 0
19 3660477 0 0
19 2531092 0 0
19 2211506 0 0
19 2840665 0 1
19 3474342 0 0
19 3112085 0 0
19 3514724 0 0
19 3512307 0 0
19 3011309 0 0
19 3891033 0 1
19 3078483 0 1
19 1475136 0 0
19 3489845 1 0
19 3723742 0 1
19 2391256 0 0
19 3560635 0 1
19 3717067 0 0
19 3153853 0 0
19 3093803 0 0
19 3660487 0 1
19 1538622 0 1
19 2837245 0 0
19 2857279 0 0
19 2001893 0 0
19 3790564 0 1
19 3792501 0 1
19 3609830 0 0
19 3292826 1 0
19 2710338 0 0
19 3384834 0 1
19 3160575 0 0
19 2848133 0 0
19 2231341 0 0
19 3078239 0 1
19 1450293 1 1
19 2699708 0 0
19 2726930 0 1
19 3420783 1 1
19 3195680 0 0
19 1568469 0 0
19 3717071 0 0
19 3380241 0 0
19 2151538 0 1
19 2151774 0 1
19 3075199 0 1
19 3141867 0 0
19 3570899 0 0
19 3019041 0 1
19 2533017 0 1
19 3162760 0 1
19 2394307 0 0
19 2781734 0 0
19 2211534 0 0
19 3047987 0 1
19 3880166 0 1
19 2254469 1 1
19 3488508 0 0
19 3523455 0 0
19 3409515 0 1
19 3671388 0 1
19 3034675 0 0
19 3220108 0 0
19 3448088 0 0
19 1180860 1 1
19 2024846 0 1
19 1448191 0 0
19 3083358 0 0
19 2846329 0 0
19 2826729 2 1
19 3221562 0 0
19 3852307 0 1
19 3746139 0 1
19 3015431 0 1
19 3528486 0 0
19 3529578 0 1
19 3151233 0 0
19 3349509 0 0
19 2674456 0 1
19 2374297 0 0
19 60006 0 1
19 2691805 0 0
19 3189859 0 0
19 3859168 0 1
19 3359777 0 0
19 2596526 0 1
19 3185253 0 1
19 3877612 0 1
19 1566591 0 0
19 3509508 0 0
19 3615910 0 0
19 3199689 0 1
19 3229067 0 1
19 1448174 0 0
19 2194660 0 0
19 3103189 0 0
19 3392266 0 1
19 2918849 0 0
19 3015689 0 0
19 2797093 0 0
19 2903549 0 0
19 3711051 0 0
19 3883066 0 1
19 1519330 0 0
19 2133021 0 0
19 3586352 0 0
19 3563473 0 0
19 2654882 0 0
19 3437024 0 0
19 3527185 0 0
19 3751742 0 0
19 3031932 0 0
19 3679119 0 0
19 2822333 0 1
19 3005641 0 0
19 3141668 0 0
19 3108630 0 1
19 3467913 0 0
19 2740048 0 1
19 3393121 0 0
19 3576558 0 1
19 3636823 0 0
19 3852767 0 1
19 2390549 0 0
19 3658657 0 0
19 3255350 0 1
19 3335552 0 0
19 3786815 0 0
19 3358678 0 1
19 3498623 0 0
19 3610680 0 0
19 3746147 0 1
19 1947967 0 0
19 2064275 0 0
19 3016303 0 1
19 2644609 0 0
19 3323356 0 0
19 3792009 0 1
19 2894641 0 1
19 1559608 0 0
19 3636818 0 0
19 2654879 0 0
19 3839799 0 1
19 3269978 0 0
19 2576953 0 0
19 3748329 0 0
19 3423042 0 1
19 2836326 0 0
19 3851494 0 0
19 3743061 0 0
19 3342066 0 0
19 3085971 0 1
19 3309245 0 0
19 3806682 0 0
19 1386666 0 0
19 3862140 0 1
19 3435269 0 0
19 3437688 0 0
19 2294139 0 1
19 2994175 0 0
19 2929516 2 1
19 3672507 0 1
19 2902432 0 0
19 3469037 0 0
19 3672508 0 0
19 3773964 0 1
19 2687594 0 1
19 3806675 0 1
19 2479675 0 1
19 2799065 0 0
19 3535810 0 0
19 3430630 0 0
19 3016726 0 0
19 3343169 0 1
19 2595874 0 0
19 3220046 0 0
19 3244475 0 0
19 3332039 0 0
19 3518011 0 1
19 1470077 0 0
19 3098669 0 0
19 3644649 0 0
19 3492032 0 0
19 3874792 0 0
19 2976729 0 1
19 3015401 0 1
19 2516439 0 1
19 3015403 0 0
19 3023029 0 0
19 3605285 0 0
19 3083531 0 0
19 2377139 0 1
19 3663807 0 0
19 3499903 0 0
19 3756159 0 0
19 3828452 0 0
19 3451760 0 0
19 2905920 0 0
19 3840587 0 0
19 3215178 0 0
19 3883260 0 0
19 1566561 0 0
19 3029818 2 0
19 1474420 0 1
19 3299175 0 1
19 2289823 0 0
19 3329083 0 0
19 3016743 0 1
19 3661872 0 0
19 3678057 1 0
19 2266722 0 0
19 3589657 0 1
19 2740017 1 1
19 2846331 0 0
19 2359964 0 1
19 3266267 0 0
19 2409368 0 0
19 2453042 0 0
19 3097355 2 1
19 3129585 0 0
19 3814073 0 1
19 2169216 0 0
19 3354269 0 0
19 3724576 2 1
19 3876111 0 0
19 1182400 2 1
19 3473978 1 1
19 3560387 0 0
19 3753740 0 1
19 3383136 0 0
19 2877232 0 0
19 3549351 2 1
19 1082241 0 0
19 2548046 0 0
19 3517754 0 0
19 2483574 0 0
19 3785345 0 1
19 3309209 0 1
19 1251637 0 0
19 1474884 0 1
19 212447 0 1
19 3354496 0 0
19 2033726 0 1
19 2323545 0 0
19 1824716 1 1
19 3220081 0 0
19 3517768 0 0
19 3517523 0 1
19 3679720 0 1
19 2538493 0 0
19 2716350 0 0
19 3480049 0 0
19 2923106 0 0
19 3764657 0 1
19 3852134 0 0
19 2640077 0 0
19 2684091 0 1
19 3234016 0 0
19 1617089 0 0
19 2811848 0 0
19 2990396 0 0
19 3868991 0 0
19 1201147 0 0
19 2448580 0 0
19 549588 0 0
19 3517777 0 0
19 503388 0 0
19 3128042 0 1
19 3224456 0 0
19 3566916 0 1
19 3376625 0 0
19 3234026 0 0
19 3403856 0 0
19 3468391 0 0
19 3320007 0 1
19 2135836 0 0
19 2169650 0 0
19 3539550 0 1
19 1332000 0 0
19 3539552 0 0
19 3788822 0 0
19 3581290 2 1
19 3889692 0 0
19 3052447 0 0
19 3840139 0 1
19 1440864 0 1
19 2640083 0 0
19 3614649 0 0
19 3702362 0 0
19 3851267 0 0
19 2831032 0 0
19 3627928 0 0
19 3429819 0 1
19 3765937 0 1
19 2716306 0 0
19 2900094 0 0
19 2658866 0 0
19 3884175 2 1
19 2360085 0 1
19 2140187 0 0
19 3402108 0 0
19 3751757 0 0
19 2879843 2 1
19 3656421 0 1
19 3751751 0 1
19 1240788 0 0
19 1201178 0 0
19 552311 0 0
19 2570197 0 0
19 2715465 0 0
19 2715460 0 1
19 3642077 0 0
19 2879845 2 1
19 2903590 0 0
19 3354200 0 1
19 3170804 0 0
19 3705694 0 0
19 3878504 0 0
19 3015473 0 1
19 3015243 0 0
19 3669507 0 0
19 3873065 0 1
19 1950520 1 0
19 2612686 1 1
19 3154135 0 0
19 3120126 0 0
19 1914238 1 1
19 2783124 0 0
19 3175036 0 0
19 2658886 0 0
19 2746183 0 0
19 3669509 0 1
19 3824937 0 0
19 3867894 0 1
19 3108275 0 0
19 3516242 0 0
19 3655106 0 0
19 3678466 0 1
19 3820575 0 1
19 2596111 0 0
19 3820576 0 0
19 3479252 0 1
19 3168502 0 1
19 3235142 0 0
19 3166566 2 1
19 2556935 0 0
19 3575421 0 0
19 3728525 0 1
19 3549382 0 1
19 2725276 0 0
19 1543630 2 1
19 2853497 0 0
19 1469460 0 1
19 3479247 0 1
19 3624649 0 0
19 3821431 1 1
19 2634686 1 1
19 3821432 0 1
19 2063305 0 0
19 3236007 0 1
19 3796648 0 0
19 3713288 0 1
19 3179882 0 1
19 3479249 2 1
19 1471788 0 0
19 3271214 1 1
19 3271698 0 1
19 2949773 0 1
19 1190202 0 0
19 3295643 0 0
19 1190204 0 0
19 2667582 1 1
19 2667583 0 0
19 3873078 0 0
19 3170827 0 1
19 2769162 0 0
19 3018259 0 0
19 3400875 0 1
19 3639794 0 1
19 1914254 1 1
19 2098752 0 0
19 3031238 0 0
19 3299959 0 1
19 3751043 0 0
19 2875455 0 0
19 3435508 0 0
19 1936270 0 0
19 3859855 0 0
19 3043446 0 1
19 3687867 0 0
19 3400883 0 1
19 1183227 0 1
19 1469683 0 1
19 3459714 0 1
19 3604224 0 1
19 3710512 0 0
19 2841420 0 1
19 2361301 0 0
19 3571436 0 0
19 2728609 0 1
19 2890621 0 1
19 3051092 1 1
19 3708404 0 0
19 3350289 0 1
19 1936261 0 1
19 2946722 0 1
19 3871751 0 0
19 3168381 0 1
19 2837158 0 0
19 3764342 0 1
19 2246306 0 0
19 1931600 0 0
19 3006050 0 0
19 3606611 0 0
19 3844107 0 0
19 3253728 0 0
19 3333938 0 1
19 3821225 0 0
19 2798987 0 0
19 3708635 0 0
19 3342898 0 1
19 3361154 0 1
19 2941056 0 0
19 1318461 0 0
19 2670314 0 0
19 2729956 0 0
19 3342418 0 0
19 3425902 0 0
19 3481628 0 0
19 3407019 0 0
19 2289222 0 0
19 2656493 0 0
19 3023873 0 0
19 2827105 0 1
19 3276823 0 1
19 1183200 0 1
19 1781421 0 0
19 2784762 0 0
19 3791957 0 1
19 2958954 0 0
19 3880487 0 0
19 2515091 1 1
19 3332613 0 0
19 1637097 0 0
19 3201001 0 0
19 1044450 0 1
19 2829594 0 1
19 2988177 0 1
19 3214309 0 1
19 2073898 0 0
19 3385196 0 0
19 1082319 0 0
19 3552963 0 0
19 1318457 1 1
19 3820193 0 1
19 2694313 0 0
19 1716178 0 1
19 2839393 0 0
19 3409245 0 0
19 3350251 0 0
19 3441149 0 0
19 3775210 0 0
19 2854953 0 0
19 3034940 0 1
19 3859893 0 0
19 2819787 0 0
19 3570393 0 1
19 1533902 0 0
19 2211476 0 1
19 3392734 0 0
19 2211474 0 0
19 2211473 0 0
19 3020306 0 0
19 3686575 0 1
19 2211477 0 0
19 3230405 0 0
19 3717101 0 0
19 1762065 0 0
19 2717923 0 0
19 3113224 0 0
19 3155071 1 1
19 3191328 0 1
19 3625595 0 1
19 2922332 0 0
19 2584072 0 0
19 2852784 1 1
19 3503324 0 0
19 2211472 0 0
19 2211471 0 0
19 2705705 0 1
19 2908644 0 1
19 2211470 0 0
19 2129137 0 0
19 3591023 0 1
19 2829571 0 0
19 2531110 0 0
19 2651849 0 1
19 2992653 0 0
19 3363301 0 0
19 2867809 0 0
19 3504423 0 0
19 3417093 0 0
19 2213664 0 0
19 2211488 0 0
19 3716027 0 1
19 2915810 0 0
19 3417098 0 0
19 387277 0 1
19 1762052 0 0
19 2449239 0 0
19 2944375 0 0
19 3813675 0 1
19 3833481 0 0
19 2945469 0 1
19 3765877 0 1
19 2211497 0 0
19 3420494 0 0
19 2211496 0 0
19 3230420 0 0
19 2213673 1 0
19 2804043 0 0
19 3662168 0 1
19 2365965 0 1
19 2769335 0 1
19 3012945 0 0
19 3452064 0 0
19 3517743 0 0
19 3760199 0 1
19 3814995 0 0
19 3378452 0 0
19 2211490 0 0
19 1698474 0 0
19 3833494 0 0
19 3538663 0 0
19 2211494 0 0
19 3094401 0 0
19 3783719 0 1
19 3012798 0 0
19 3354807 0 0
19 1590052 0 0
19 2872341 0 0
19 3420405 0 1
19 3141718 0 0
19 3788174 0 0
19 3140878 0 0
19 3354812 0 0
19 3059647 0 0
19 3241333 0 0
19 3435900 0 0
19 2719058 0 0
19 3747627 0 1
19 3502822 0 1
19 2141630 0 0
19 3249280 0 0
19 1266310 0 0
19 3767002 0 0
19 3789014 0 1
19 3863945 0 0
19 2767134 0 0
19 3791337 0 0
19 3791579 0 1
19 3015837 0 1
19 3409617 0 0
19 3790246 0 0
19 3171384 0 0
19 2769310 0 1
19 2546433 0 0
19 2710493 0 0
19 3892036 0 1
19 3698942 0 0
19 2732267 0 0
19 2852741 0 1
19 3435915 0 0
19 1977652 0 1
19 2366153 0 1
19 3177918 0 0
19 3700996 0 0
19 3342800 0 0
19 3275563 0 0
19 3806701 0 0
19 3616010 0 1
19 3348105 0 0
19 3609961 0 2
19 2768214 0 0
19 2840960 0 1
19 3586077 0 0
19 1805747 0 0
19 3875968 0 0
19 2664725 0 1
19 1976312 2 1
19 1277009 0 0
19 3833047 0 1
19 3005807 0 1
19 1456992 0 0
19 3649173 0 1
19 2150132 0 0
19 3658262 0 1
19 2702897 0 1
19 2755149 0 0
19 3581613 0 1
19 3417687 0 0
19 1559688 0 0
19 2546416 0 1
19 2765173 0 1
19 2872351 0 0
19 3177940 1 1
19 3565134 0 1
19 2813111 0 1
19 2556687 0 0
19 3875973 0 0
19 2479946 0 1
19 3514609 0 0
19 3560986 0 0
19 3614056 0 0
19 3717171 0 0
19 3615384 0 0
19 1456978 0 0
19 3535786 0 1
19 2206034 2 1
19 2174511 0 0
19 3409883 0 1
19 3590563 0 1
19 3138115 0 0
19 3671015 0 0
19 2263060 1 1
19 3649159 0 1
19 2010240 0 1
19 1242151 0 0
19 2687866 0 0
19 3503952 1 1
19 1750931 0 1
19 3560758 0 1
19 3153734 0 0
19 2359661 0 0
19 3891380 0 0
19 3694111 0 0
19 2771838 1 1
19 2951033 0 0
19 3651411 0 0
19 2995091 0 1
19 3730396 0 0
19 3734750 0 1
19 1469800 0 0
19 3547544 0 1
19 3591427 0 1
19 3532020 0 0
19 3405058 0 0
19 1474397 0 0
19 3649142 1 1
19 3893325 0 1
19 2615034 0 0
19 3418340 0 1
19 3025844 0 0
19 2639567 1 1
19 3792611 1 0
19 3143923 0 0
19 3860462 0 0
19 3400815 0 1
19 2631841 0 0
19 3590347 0 0
19 3777451 0 1
19 3409867 0 0
19 3088380 0 0
19 1326214 0 1
19 2872328 0 0
19 2595823 0 0
19 3500470 0 0
19 3704905 0 0
19 2841609 0 0
19 2099277 0 0
19 2740099 1 1
19 3384973 0 1
19 2137136 0 0
19 3400823 2 2
19 3400824 2 1
19 3289771 0 0
19 3407696 0 0
19 2687616 0 0
19 3082828 0 1
19 3857284 0 0
19 3146180 0 0
19 3337669 0 1
19 2778440 0 0
19 3797055 0 0
19 3371427 0 1
19 3530453 0 0
19 3533722 0 0
19 3668317 0 0
19 1567313 0 0
19 2686331 0 1
19 3831725 0 0
19 2503662 0 0
19 3369467 0 1
19 1764736 0 0
19 3714424 0 1
19 3714421 0 1
19 3245898 0 0
19 3371672 0 0
19 3564478 0 0
19 3334368 0 0
19 1566460 0 0
19 3015310 0 1
19 1621058 0 1
19 2538539 0 0
19 3015311 0 1
19 1519247 0 0
19 3154863 0 1
19 3278106 0 0
19 1567327 0 0
19 3015319 0 1
19 2972238 0 1
19 3600510 0 0
19 3542452 0 0
19 3088907 0 0
19 2702915 1 1
19 3700241 0 1
19 3038415 0 0
19 3224721 0 0
19 3629194 0 1
19 3098989 0 1
19 1082199 0 0
19 3128590 0 0
19 1373687 0 0
19 1621066 0 0
19 3254142 0 0
19 3015322 0 0
19 3212828 0 0
19 2780610 2 1
19 2855180 0 0
19 3860028 0 1
19 419718 0 0
19 522810 0 0
19 3049576 0 0
19 3442737 0 0
19 3485663 0 0
19 2606992 0 1
19 3541572 2 1
19 1459185 1 1
19 2631888 0 0
19 3073896 0 0
19 416457 0 0
19 2606991 0 0
19 3877987 0 0
19 1266380 1 0
19 2147358 0 0
19 3508559 0 0
19 1291398 0 1
19 3527059 1 1
19 3667015 0 1
19 3052714 0 0
19 2762186 1 1
19 3860496 0 0
19 1036275 0 0
19 1184093 0 1
19 3001179 0 0
19 3735381 0 0
19 3671744 0 0
19 3851541 0 1
19 2266859 0 1
19 2640133 0 0
19 3853796 0 1
19 3792598 0 0
19 3405327 0 0
19 3422903 0 1
19 2322927 0 0
19 2825313 1 1
19 3166818 0 1
19 2749198 0 1
19 3678164 0 1
19 3184257 0 0
19 3781223 1 1
19 3108531 0 0
19 3598208 0 1
19 1936995 1 1
19 3369420 0 1
19 3438418 0 0
19 3618254 0 0
19 3426263 1 0
19 2627675 0 0
19 3875983 0 0
19 3184010 0 0
19 2640147 0 1
19 2900129 0 1
19 3607137 0 0
19 3713301 1 1
19 3385649 0 0
19 3369416 0 1
19 425596 0 0
19 3438426 1 1
19 3131791 0 0
19 3713304 1 1
19 2741486 0 1
19 1240816 0 0
19 3184009 0 1
19 2847561 0 0
19 2479310 0 0
19 2665694 0 0
19 3669469 0 0
19 3315826 0 0
19 3887506 0 0
19 3194078 0 1
19 2822257 0 0
19 3715978 0 1
19 3374763 0 1
19 3671552 0 0
19 3271961 0 0
19 2491654 0 1
19 2844044 0 1
19 3480172 0 0
19 2491650 0 0
19 3485626 0 1
19 3429992 0 0
19 3556636 0 1
19 3588205 0 0
19 3069357 0 0
19 3766290 0 0
19 3757354 0 0
19 3246797 0 0
19 3680016 0 0
19 3759770 1 1
19 2253537 1 1
19 2929428 0 1
19 3131779 0 0
19 2827094 0 0
19 3040584 0 0
19 2924548 0 1
19 3401564 0 0
19 3474946 0 0
19 3502146 0 0
19 3343231 2 1
19 3582054 0 0
19 3309320 0 1
19 3040583 0 0
19 2222163 0 0
19 3087677 0 0
19 2783065 0 0
19 2984859 0 0
19 3697045 0 1
19 2448207 0 1
19 3420085 0 1
19 3853113 0 1
19 3525250 0 0
19 3180518 0 0
19 3666304 0 0
19 3666546 0 0
19 1519647 0 0
19 2777858 0 0
19 2040141 2 1
19 3539657 0 1
19 2248560 0 0
19 3738223 0 0
19 2762362 0 0
19 3088754 0 1
19 2565735 0 0
19 1936305 0 1
19 3295988 0 0
19 3027127 0 0
19 3572006 0 0
19 3843305 0 0
19 3193822 0 1
19 3876009 0 1
19 3595144 0 1
19 3635227 0 1
19 1475844 1 1
19 2785826 2 1
19 3598414 0 0
19 1316906 0 0
19 2483449 0 0
19 3878666 0 1
19 3879513 1 0
19 3277097 0 0
19 3876012 0 0
19 3546181 2 1
19 3261719 0 0
19 3816191 0 1
19 3088747 0 1
19 1469395 0 0
19 2395286 0 1
19 3083057 0 0
19 3433181 0 0
19 2481241 0 1
19 2395287 0 0
19 2516590 0 0
19 3870959 0 0
19 3886056 0 1
19 3816181 0 1
19 3816182 0 1
19 3816183 0 1
19 3540645 0 1
19 3303807 0 1
19 1586011 2 1
19 3446014 0 1
19 2259431 0 1
19 3546191 1 0
19 3832642 0 1
19 3878682 0 0
19 3424656 0 1
19 3692830 0 0
19 2912115 0 1
19 3548135 0 1
19 3651073 0 0
19 3034909 0 1
19 3062129 0 1
19 3781073 0 0
19 2131114 0 0
19 2820689 2 1
19 3603642 0 1
19 3438402 0 0
19 2978398 0 1
19 3118379 0 1
19 3192514 0 1
19 3014081 0 1
19 3091294 0 0
19 3030793 0 0
19 3169762 0 0
19 3573790 0 1
19 3816175 0 1
19 3852477 0 0
19 3553533 0 1
19 2693508 2 1
19 3665246 0 0
19 2912126 1 1
19 1519673 0 0
19 3324911 0 1
19 2912127 0 1
19 3844443 0 1
19 3417713 0 0
19 3542884 0 0
19 2363236 0 1
19 2689248 0 1
19 3539460 0 1
19 3539461 0 1
19 2669865 0 0
19 3613894 0 0
19 1890567 0 0
19 2669867 0 0
19 2972439 0 0
19 2814827 0 0
19 2850087 0 0
19 3155116 0 0
19 3852050 0 1
19 2074575 0 1
19 2010904 0 0
19 3496703 0 0
19 3276801 0 0
19 3413585 0 0
19 2847967 0 1
19 3032904 0 0
19 2898022 0 0
19 1314921 0 0
19 3825938 0 1
19 3825939 0 1
19 3480120 0 1
19 3583172 0 0
19 3681964 0 1
19 3682809 0 0
19 3539458 0 1
19 3184082 0 0
19 3800610 0 1
19 2854446 0 1
19 3235492 0 0
19 3113988 0 0
19 3636517 0 0
19 3833552 0 0
19 3853387 0 0
19 2854450 0 0
19 2364103 0 0
19 3793268 0 0
19 3354790 0 0
19 3563557 0 0
19 3810203 0 0
19 2602996 1 1
19 3082166 0 0
19 3217879 0 1
19 3527260 0 1
19 3190550 0 0
19 2396178 0 1
19 2678120 0 0
19 2678121 0 0
19 3610358 0 1
19 3354793 0 1
19 2270269 0 0
19 3481425 0 0
19 3740777 0 0
19 3890522 0 0
19 2890519 0 1
19 2915662 0 1
19 2833302 1 1
19 3851185 0 1
19 2585102 0 1
19 3880727 0 1
19 3646776 0 1
19 3250651 0 1
19 3699492 0 1
19 1241976 0 1
19 1241733 0 0
19 3626944 0 0
19 3129061 1 0
19 3521953 0 1
19 2596468 0 0
19 2892707 0 0
20 3878495 0 1
20 3342549 0 1
20 2851121 0 1
20 2804130 0 0
20 3170567 0 0
20 3183636 0 1
20 3846662 0 0
20 3700815 0 0
20 3698892 0 0
20 3426908 0 1
20 2762898 0 1
20 3825967 2 1
20 3413830 0 1
20 3476161 0 0
20 3823306 0 1
20 420248 0 0
20 3166069 0 0
20 3257196 0 1
20 3502786 0 1
20 3637244 0 0
20 3229972 0 0
20 3343409 0 0
20 2873384 0 0
20 2599233 0 0
20 2769279 0 1
20 3814812 0 1
20 3155150 0 1
20 3654844 0 0
20 2222677 1 1
20 2998047 0 0
20 3032677 0 0
20 3075161 1 1
20 3259121 2 1
20 2862020 0 1
20 2106597 0 0
20 2726548 1 1
20 3585708 0 0
20 3000625 0 1
20 3617620 0 1
20 2838367 0 0
20 3123554 0 1
20 2804114 0 0
20 3162715 0 0
20 2782233 0 1
20 2657235 0 1
20 3673379 0 1
20 3711735 2 1
20 2222229 0 0
20 3499262 0 0
20 2141131 0 0
20 3056631 0 1
20 3854264 0 1
20 2907222 0 0
20 1560153 0 1
20 3089785 0 0
20 2568949 0 0
20 2940087 0 1
20 3422996 0 1
20 3835513 0 0
20 2895172 0 1
20 3043580 0 1
20 3825951 0 1
20 3785150 0 0
20 3711740 2 1
20 3043583 0 0
20 3075144 0 1
20 2761773 0 0
20 3376597 0 0
20 2779295 0 1
20 3412713 0 1
20 3785158 0 0
20 2628097 2 1
20 3143154 0 0
20 3317113 0 0
20 2628099 0 0
20 2817438 0 0
20 3030031 0 0
20 2890927 0 0
20 3611065 0 1
20 3663347 0 0
20 3664678 0 1
20 3563977 0 0
20 3215995 2 1
20 3193642 0 0
20 2808534 0 0
20 3517837 0 0
20 3457840 0 1
20 3601016 0 0
20 2612985 0 0
20 3193635 0 0
20 2682450 0 0
20 3572695 0 1
20 3683186 0 0
20 1187905 0 0
20 3665536 0 0
20 3663595 0 0
20 1187901 0 1
20 2695771 0 0
20 2808308 0 0
20 3301191 0 0
20 2873581 0 0
20 3193634 0 0
20 2829468 1 1
20 3485093 0 1
20 3674472 0 0
20 2769475 0 1
20 3099190 0 0
20 3054444 0 0
20 3195808 0 0
20 3674474 0 1
20 3296598 0 1
20 2637899 2 1
20 3415800 0 0
20 3032876 0 0
20 3306407 0 0
20 3745916 0 0
20 2731099 0 0
20 2726504 0 1
20 3408283 0 0
20 2683798 0 1
20 3579079 0 0
20 2531024 0 0
20 3201103 2 1
20 3571593 0 1
20 1891108 1 0
20 3401865 0 0
20 2279110 0 1
20 2887775 0 0
20 3764660 0 1
20 2982978 0 0
20 2739840 0 1
20 3351440 0 0
20 3074264 0 0
20 2566573 0 1
20 3579064 0 1
20 3180596 1 1
20 3468765 1 1
20 3685153 0 1
20 2449101 0 1
20 2133735 0 0
20 3101356 2 1
20 3148888 0 1
20 3170312 1 1
20 2989115 0 1
20 3504311 0 0
20 2989114 0 1
20 3148887 0 1
20 3424976 0 0
20 3648558 0 0
20 3601021 0 0
20 1035822 0 0
20 3699537 0 1
20 3078859 0 0
20 2989118 0 0
20 3574840 0 0
20 3338236 0 1
20 3201565 0 1
20 3339326 0 1
20 2797112 0 0
20 3151403 0 2
20 2884205 0 1
20 2884449 2 0
20 2245957 1 0
20 3439380 0 0
20 3253678 0 1
20 3645713 0 0
20 2884209 0 0
20 2358881 0 1
20 3096030 0 1
20 3852708 0 0
20 3410720 0 0
20 2572607 0 0
20 2572606 0 1
20 3591572 0 0
20 3837543 0 0
20 3160360 2 1
20 1044194 0 1
20 3127307 0 0
20 3016800 0 0
20 2700572 0 0
20 3177801 0 0
20 3814659 0 0
20 3377020 0 0
20 3513602 0 0
20 3490885 0 0
20 2848339 0 0
20 2873547 0 1
20 3467606 1 1
20 3443655 2 1
20 3618104 0 0
20 3631787 0 1
20 137242 0 1
20 2701432 0 1
20 2989960 0 0
20 3122068 0 0
20 3695314 0 0
20 2672221 0 0
20 2672220 0 1
20 2769425 0 1
20 2637226 0 0
20 2790738 0 0
20 3073809 0 1
20 3227160 0 1
20 3016817 1 1
20 2805600 1 1
20 3161476 0 1
20 3080336 0 0
20 3781884 0 0
20 1636036 1 1
20 2637228 0 0
20 2822176 2 0
20 3856285 0 0
20 3443664 0 1
20 2731085 0 0
20 3746438 2 1
20 3395946 0 1
20 2531043 0 0
20 2553050 2 1
20 2700595 1 1
20 3193052 0 0
20 3821193 0 1
20 3862719 0 0
20 2988864 0 1
20 2531040 0 0
20 2640885 0 0
20 2759627 0 1
20 3404028 0 0
20 2873320 0 1
20 2954407 0 0
20 555570 0 0
20 1592121 0 0
20 3597902 0 0
20 3781871 0 0
20 2039817 0 1
20 3523895 0 0
20 3541069 0 0
20 555568 0 1
20 3866073 0 1
20 3004846 0 1
20 2570216 0 0
20 3649285 1 1
20 2448089 0 0
20 3642644 0 1
20 2672249 0 1
20 3700455 0 1
20 1431558 0 0
20 2804573 0 0
20 3780529 0 0
20 2804570 0 1
20 3194338 0 1
20 2672241 0 1
20 3214823 0 0
20 1523371 1 1
20 3521269 0 0
20 2726919 0 0
20 2776170 0 0
20 2791852 0 0
20 2769404 0 1
20 3873848 0 0
20 3674406 0 0
20 3765379 0 1
20 1386707 0 1
20 3465871 0 1
20 3649270 2 1
20 2687742 0 1
20 1065024 0 1
20 3339733 0 0
20 3585913 0 0
20 2070897 0 0
20 3401818 0 0
20 3113185 1 0
20 1526416 0 0
20 2788455 0 1
20 3382416 0 0
20 3885832 0 0
20 1781721 0 1
20 3015908 0 1
20 3160575 0 0
20 3521258 0 0
20 3567017 0 0
20 2804109 0 0
20 3030057 0 0
20 3463441 0 1
20 3874942 0 0
20 3180168 0 1
20 2980723 0 1
20 2874837 0 0
20 3489613 0 0
20 2885998 0 0
20 3123199 2 1
20 3127318 1 1
20 3153845 0 0
20 2804796 0 0
20 2712529 0 0
20 3022694 2 1
20 3043392 0 1
20 3864940 0 1
20 3219018 0 0
20 2708261 0 0
20 3113158 0 0
20 3162521 0 0
20 1805426 1 1
20 2686872 0 1
20 2850895 0 0
20 1513559 0 1
20 3701514 0 1
20 3860338 0 0
20 3524783 0 1
20 3020288 0 1
20 3516932 1 1
20 2672257 0 0
20 2672256 0 1
20 3580681 0 0
20 3159366 0 0
20 3817744 0 1
20 2599059 0 0
20 3183690 0 1
20 3835395 0 1
20 3599047 0 0
20 3765128 1 1
20 3870124 0 1
20 2241638 0 0
20 3016754 0 1
20 516037 0 0
20 2672287 0 1
20 1578574 0 0
20 2599801 0 0
20 2672280 0 1
20 3292520 0 1
20 3543893 0 0
20 2700607 0 1
20 2776010 0 0
20 2212070 0 0
20 2483976 0 1
20 2813640 0 1
20 2813642 0 1
20 2869440 1 1
20 2925354 0 1
20 3037213 0 0
20 3523803 0 1
20 3725448 0 1
20 3827593 0 0
20 3382696 1 1
20 3087701 0 1
20 3623779 0 1
20 2672275 0 0
20 3030803 0 1
20 3177884 0 1
20 2740076 0 1
20 2925362 0 1
20 3681648 0 0
20 3756167 0 0
20 2672271 0 1
20 3003213 0 1
20 3292995 0 1
20 3134901 0 0
20 2426706 0 0
20 3299146 0 0
20 3876522 1 1
20 3073785 0 1
20 1586188 1 1
20 3704959 0 1
20 2258299 0 1
20 3876531 0 0
20 2070962 0 0
20 2258295 2 1
20 3291889 0 1
20 3349957 0 1
20 3113191 0 1
20 3113190 0 1
20 3849356 0 1
20 3535805 0 1
20 3521404 2 0
20 2699982 0 1
20 2822572 0 0
20 2526407 0 0
20 3394212 0 0
20 2900039 0 0
20 2390549 0 0
20 3701680 0 1
20 2984313 0 1
20 2850852 0 0
20 3464400 0 0
20 2902452 2 1
20 3336885 0 1
20 3672726 0 0
20 3034193 0 0
20 3212934 0 0
20 3797933 1 1
20 3691226 0 0
20 2443044 0 1
20 3678496 0 1
20 3601504 0 0
20 3263192 0 0
20 3601500 2 1
20 2654872 0 0
20 2526417 0 0
20 2893311 0 1
20 2852806 0 1
20 3818878 2 1
20 2740058 0 1
20 2443045 0 1
20 3338831 0 0
20 3876546 0 0
20 3015692 0 1
20 3220027 0 1
20 3312222 0 0
20 3336896 0 1
20 3580632 0 1
20 3209994 1 0
20 3299191 0 1
20 3771770 0 1
20 2918628 2 1
20 2984376 0 1
20 3144753 0 0
20 2803884 0 1
20 3060433 0 1
20 3085975 0 2
20 3349934 0 0
20 554111 0 0
20 3062852 0 0
20 2139865 0 1
20 3771778 0 0
20 2139862 0 1
20 2903521 2 0
20 3567424 0 1
20 2116997 2 1
20 2903522 0 0
20 3335538 0 0
20 2892435 1 1
20 1470087 0 0
20 2746801 0 0
20 3425293 0 0
20 2902433 0 0
20 2746805 0 1
20 324410 0 1
20 3097568 2 1
20 3209998 0 1
20 2684083 0 0
20 3555203 0 0
20 2423870 2 1
20 2799065 0 1
20 3405458 0 0
20 2766882 0 0
20 3061777 0 1
20 3322205 0 1
20 3178930 0 1
20 2740038 1 0
20 3161023 2 1
20 3071322 0 0
20 3097575 0 0
20 3518251 0 1
20 3722376 0 0
20 1810518 0 1
20 2749057 0 0
20 2266718 1 1
20 3299171 0 0
20 3642468 0 1
20 1544337 0 0
20 3507134 0 0
20 2936076 0 0
20 3015404 0 1
20 3445081 0 0
20 3683414 0 1
20 3307088 0 0
20 3556748 0 1
20 2613134 0 0
20 2835690 2 1
20 3683417 0 1
20 3733039 0 0
20 2803864 0 1
20 3609646 0 0
20 3097580 0 1
20 2790027 0 0
20 3108430 0 0
20 3184159 0 0
20 1557855 0 1
20 3221144 0 1
20 2784292 0 0
20 3004513 1 1
20 3305900 0 0
20 2718101 0 0
20 3700151 0 0
20 1459264 1 1
20 2900235 0 0
20 3134932 0 0
20 1459269 0 1
20 3681230 0 0
20 3854980 2 0
20 1459268 1 0
20 1564383 0 1
20 3134918 0 1
20 3016743 0 1
20 3015416 0 1
20 3616185 2 1
20 3791356 0 1
20 2711962 0 0
20 1618827 0 1
20 2448938 1 1
20 2601153 0 0
20 3524702 0 1
20 2448939 0 0
20 3141457 0 0
20 2740015 0 1
20 2733972 0 0
20 3407612 0 1
20 3110977 0 0
20 3129103 1 1
20 3876503 1 1
20 2984347 0 1
20 2443005 0 1
20 3071782 0 1
20 3483334 0 0
20 3876502 0 1
20 3772269 0 0
20 3038384 0 0
20 3016119 0 1
20 3123852 1 1
20 2888369 0 0
20 3354493 0 1
20 2847818 0 0
20 3154350 0 1
20 1193543 0 0
20 2740226 0 0
20 3003288 0 1
20 1553435 0 0
20 2744824 0 0
20 3152170 0 0
20 3372001 0 0
20 3517513 0 0
20 3575407 0 1
20 3678886 0 1
20 3797560 0 0
20 1082008 0 0
20 3816040 0 1
20 3507713 0 1
20 3317068 0 0
20 2361371 0 0
20 3015279 0 1
20 3451952 0 1
20 2323545 0 0
20 293467 0 0
20 3385320 0 0
20 2888359 0 1
20 3426977 0 0
20 2605737 0 1
20 3352062 0 1
20 3530725 0 0
20 3546099 0 1
20 2132345 0 0
20 3530728 0 1
20 3604621 0 1
20 3540796 0 0
20 3437419 0 0
20 3679720 0 1
20 2612016 0 1
20 2693828 0 1
20 2974906 0 0
20 3015287 2 1
20 2684097 0 1
20 2448346 0 0
20 2711919 0 1
20 57001 0 0
20 3138095 0 0
20 3753525 0 0
20 2749011 1 1
20 3679758 0 0
20 1525177 0 0
20 3320491 0 0
20 1474624 0 0
20 2920084 0 1
20 3750490 2 1
20 3655301 0 1
20 2330057 0 1
20 3520958 0 0
20 3482436 0 1
20 3423694 0 1
20 3403857 0 0
20 2857893 0 0
20 3156508 0 1
20 3853448 0 0
20 1097749 0 0
20 3840130 0 1
20 2007696 0 0
20 3460675 0 1
20 3843642 0 1
20 1474619 0 0
20 2007694 0 0
20 2940929 0 1
20 2926870 0 0
20 1977192 0 0
20 2395391 0 0
20 1277817 0 0
20 2627963 0 0
20 2740219 0 1
20 3482687 0 0
20 2578976 0 1
20 3206412 0 0
20 2744817 0 0
20 2810578 0 1
20 2693866 0 1
20 3747026 0 0
20 3504246 0 1
20 3665126 0 1
20 2443077 0 0
20 3691890 0 1
20 2830180 0 1
20 2630294 0 1
20 2565667 0 1
20 3477292 0 0
20 3566732 0 0
20 2890893 0 0
20 3095784 0 1
20 1899482 0 1
20 3137826 0 0
20 2140186 0 0
20 3263603 1 0
20 3789901 2 1
20 3107160 0 1
20 3018986 0 1
20 1180430 0 0
20 3402108 0 0
20 3555602 2 1
20 1402320 0 0
20 3309632 0 0
20 3304183 0 0
20 2007877 0 0
20 2908802 0 0
20 3433013 0 0
20 2908803 0 0
20 2900080 0 0
20 3132366 0 1
20 3680991 0 0
20 1899490 0 0
20 2479278 0 1
20 3693817 0 0
20 3015243 0 1
20 3833645 0 0
20 3339032 0 0
20 3415873 0 1
20 3479014 2 1
20 3531646 2 1
20 3379930 0 0
20 3576519 0 0
20 3517578 0 0
20 1784680 0 1
20 3249314 0 0
20 3434359 0 0
20 3463912 0 1
20 3072006 0 1
20 3445248 0 1
20 3423012 0 1
20 2900077 0 0
20 3878513 0 1
20 3016344 0 0
20 3016349 0 1
20 3403898 0 0
20 1687187 2 0
20 3053729 0 1
20 1914227 0 1
20 2397379 0 0
20 2765935 0 0
20 3301930 0 1
20 3417800 0 1
20 3094002 0 1
20 3468117 2 0
20 2738342 0 0
20 3167661 0 0
20 3291284 0 1
20 3015253 0 1
20 3291282 0 0
20 3286878 0 1
20 113776 0 0
20 3087271 0 0
20 2773426 0 1
20 3172623 0 1
20 2940192 0 0
20 2966580 1 1
20 3043450 2 1
20 2098752 0 0
20 3470986 2 1
20 3845211 0 1
20 3396050 0 0
20 1469457 0 0
20 544193 0 0
20 3375113 0 1
20 3654955 0 0
20 3654953 0 0
20 2785897 0 0
20 1379641 0 0
20 3009545 0 0
20 2954350 0 0
20 3350293 0 0
20 3297530 0 0
20 3500003 0 0
20 1906865 0 1
20 3435508 0 0
20 2576249 0 0
20 3114749 0 0
20 3350059 0 0
20 2375948 0 0
20 2311282 2 1
20 3260236 0 1
20 3789894 0 0
20 2007718 0 0
20 2499987 0 0
20 3789895 0 1
20 3236146 2 1
20 3214574 0 0
20 2008801 0 0
20 3043440 0 1
20 3379724 0 1
20 2936924 0 1
20 3786149 0 1
20 3108289 1 1
20 3775021 0 1
20 2936927 2 1
20 3137853 0 1
20 3274421 0 0
20 3706228 0 0
20 3556292 0 0
20 3391837 0 1
20 3227439 0 0
20 3350049 2 1
20 3663689 0 0
20 3858746 0 1
20 3285765 0 0
20 3195765 2 1
20 2657117 0 0
20 3848948 0 1
20 3183542 0 1
20 3183543 0 1
20 3380715 0 0
20 3295333 0 1
20 2567981 0 0
20 3273785 2 1
20 2360221 0 1
20 3527505 0 0
20 2798987 0 0
20 3220812 0 0
20 3295574 0 1
20 1082300 0 0
20 3386261 0 0
20 3142195 0 0
20 2672978 0 0
20 2850182 0 0
20 1781429 0 0
20 2125195 0 0
20 2496697 0 0
20 2505292 0 0
20 3227694 0 1
20 3231714 0 0
20 3581453 0 0
20 3880487 0 0
20 3110133 0 0
20 2007730 0 0
20 3649561 0 1
20 3411742 0 0
20 1481535 0 0
20 3636482 0 0
20 3426826 0 1
20 3490791 0 0
20 3797247 0 1
20 3860647 2 1
20 2967474 0 0
20 3099062 1 1
20 2365938 0 0
20 3822132 0 1
20 2908659 0 1
20 3591015 0 1
20 2908657 0 1
20 3512262 0 1
20 3591017 0 0
20 1550406 0 0
20 2763825 0 0
20 3728465 0 1
20 2981784 0 1
20 3410009 0 1
20 514569 0 1
20 3646040 0 0
20 2667168 2 1
20 3087220 0 0
20 3506832 0 1
20 2396661 0 0
20 2599551 0 0
20 3776553 0 1
20 3845240 0 1
20 2657124 0 0
20 2933699 1 0
20 1716166 0 0
20 3325277 0 0
20 3115887 0 0
20 3629711 0 1
20 3444426 0 1
20 3535134 0 1
20 3572320 0 0
20 3200132 0 1
20 3273374 0 0
20 3350007 1 1
20 3538640 2 1
20 3559361 0 0
20 3173916 0 0
20 3706267 0 0
20 3124324 0 1
20 3561416 0 0
20 3506843 0 1
20 3182407 0 1
20 2967696 0 1
20 3253774 0 0
20 3043438 0 1
20 2829574 0 0
20 2007924 0 0
20 2745137 0 0
20 2635124 0 0
20 2769345 0 1
20 3860621 0 0
20 1635700 0 1
20 2672301 0 1
20 3716026 0 0
20 3623387 0 0
20 3305226 0 1
20 3591038 0 1
20 2225415 0 0
20 3833481 0 0
20 2831896 0 0
20 2071206 0 0
20 3128930 0 0
20 2888977 0 0
20 2202780 2 1
20 3492965 0 1
20 3756704 0 1
20 3214515 0 0
20 3809164 0 1
20 3099090 0 0
20 3200117 2 1
20 2517070 0 1
20 3433555 0 0
20 3470946 0 0
20 3072193 0 1
20 3143076 0 0
20 3555598 0 0
20 2916002 0 1
20 3555599 0 1
20 3214505 0 1
20 3421973 0 0
20 3660311 0 0
20 2581670 0 0
20 3025866 0 0
20 3325009 0 1
20 2767146 0 1
20 3375193 0 1
20 2872341 0 0
20 3015825 0 1
20 1933602 0 0
20 2769322 2 1
20 3047893 1 1
20 3522679 0 0
20 3588033 0 0
20 2872101 0 0
20 3709341 0 0
20 2898974 0 1
20 2630936 0 1
20 2719058 0 0
20 3298461 0 0
20 3145084 0 1
20 3298220 0 1
20 3644739 1 1
20 3642795 1 1
20 1675993 0 0
20 1570452 0 1
20 1570451 2 1
20 2919521 0 1
20 3141706 0 1
20 2136269 0 0
20 3860673 0 1
20 2787203 0 1
20 3298212 0 0
20 3874625 0 1
20 3628260 0 0
20 2073834 0 0
20 2881079 0 0
20 2702886 1 1
20 3363980 0 0
20 2722014 0 0
20 2724433 0 1
20 3555578 0 1
20 1976317 1 1
20 3015846 2 1
20 3860664 0 0
20 3015847 0 1
20 3420625 0 0
20 3848541 0 1
20 3519038 0 1
20 2135163 0 0
20 2009069 0 0
20 2823146 0 0
20 3565148 0 1
20 2769308 0 1
20 3011247 0 0
20 3265521 0 0
20 3628471 0 1
20 2702896 0 1
20 3015856 0 0
20 3022142 0 0
20 1464386 0 0
20 2791725 0 1
20 3114338 0 0
20 3162697 0 1
20 2136000 0 1
20 3117602 0 0
20 1277015 0 0
20 1770937 0 1
20 3162699 0 1
20 3838988 1 0
20 3841901 0 0
20 2823150 2 1
20 3534661 0 0
20 3394723 0 0
20 3410818 0 1
20 1712221 0 1
20 3169494 0 1
20 2045102 0 0
20 3279503 0 1
20 3594917 0 0
20 3254206 0 0
20 3830836 0 1
20 2930595 0 0
20 2582720 0 0
20 2954558 0 0
20 3044585 0 0
20 3419694 0 1
20 3289780 0 1
20 3519057 0 1
20 3892002 0 1
20 3305603 0 0
20 3671015 0 0
20 3338769 0 0
20 3098378 0 0
20 1382225 0 0
20 2442429 0 0
20 2627279 0 1
20 3519056 0 1
20 3169257 0 0
20 3892006 0 0
20 2640782 0 0
20 3153734 0 0
20 3560757 0 1
20 3636075 2 1
20 3580349 0 1
20 3695684 0 0
20 2842713 0 0
20 3633805 0 0
20 2911602 0 0
20 3443734 0 1
20 3628464 0 0
20 3088392 2 1
20 2702835 0 1
20 3558887 0 0
20 3881127 0 0
20 3015800 0 1
20 2740088 0 1
20 3136152 0 0
20 2740083 0 0
20 2630993 0 1
20 3182010 0 0
20 3162884 0 1
20 3674308 0 0
20 2831814 0 0
20 2872329 0 1
20 1569431 0 1
20 3804551 0 0
20 3846152 0 1
20 3047869 0 0
20 3108944 0 0
20 3452225 0 0
20 2933632 0 0
20 3539914 0 0
20 3419663 0 1
20 1933417 0 0
20 3015819 0 1
20 3478832 0 0
20 3571614 0 0
20 3546439 0 1
20 3571852 0 0
20 3714936 0 0
20 3146180 0 0
20 3696305 0 1
20 3145093 2 1
20 2799007 0 0
20 1550837 0 0
20 2799006 0 1
20 3015549 0 0
20 3713330 0 1
20 3527282 0 0
20 3626910 0 1
20 3712003 0 1
20 3324555 0 0
20 2615010 0 0
20 3270610 0 1
20 3715517 0 0
20 3841531 0 1
20 3417999 0 1
20 3592943 0 0
20 3841536 1 1
20 3680441 0 0
20 2776376 0 1
20 2776377 0 1
20 3096317 0 1
20 3489801 0 1
20 3311001 1 1
20 3508535 0 0
20 3749998 0 0
20 3665058 0 0
20 3531530 0 1
20 2764381 0 1
20 2008488 0 0
20 3051892 0 0
20 3860030 1 1
20 2823333 0 0
20 2821393 0 1
20 3417987 0 0
20 481084 0 0
20 3841528 0 0
20 3725320 0 0
20 3635627 0 1
20 1373687 0 0
20 2882564 0 0
20 2938572 0 0
20 3015323 0 1
20 3606293 0 1
20 539257 0 0
20 3075827 0 1
20 3606295 0 0
20 2151855 0 0
20 3437141 0 0
20 2740160 0 0
20 2627451 0 1
20 3267663 0 0
20 3442737 0 0
20 1184083 0 0
20 436062 0 0
20 2702927 0 0
20 2813742 0 1
20 3355049 0 0
20 3544608 0 1
20 2917402 0 1
20 3505287 0 1
20 3015333 0 1
20 2241764 0 1
20 3452305 0 1
20 3452306 0 1
20 3083685 0 0
20 3410093 2 1
20 3860017 0 0
20 2045657 0 1
20 3326743 2 2
20 2820289 0 0
20 3218113 0 0
20 2630321 0 1
20 3567954 0 1
20 2546374 2 1
20 3369671 0 0
20 3883197 0 1
20 3355033 0 1
20 3312347 0 0
20 3599366 0 0
20 3728613 0 1
20 3838588 0 0
20 2963743 0 0
20 3538187 0 0
20 3852630 0 1
20 3451623 0 2
20 3580753 2 1
20 3555553 1 1
20 3046008 0 1
20 343284 0 1
20 3015509 2 1
20 3015508 0 0
20 2254639 2 1
20 2678982 0 0
20 2656964 2 1
20 1936994 2 1
20 2601047 0 0
20 3038627 0 1
20 2071908 0 0
20 3161379 0 1
20 3407986 0 1
20 2253541 0 0
20 2989946 0 1
20 3099621 0 1
20 2443117 0 1
20 2579287 0 1
20 2939438 0 0
20 3409936 0 1
20 2008209 0 0
20 3369416 0 1
20 3520687 0 0
20 2740156 0 1
20 3002446 0 0
20 3371487 0 0
20 2859736 0 0
20 3726852 0 1
20 2665694 0 0
20 1828150 0 1
20 2833155 0 1
20 3791000 0 0
20 117239 0 0
20 2656981 1 1
20 2582227 0 0
20 2783087 0 1
20 3247899 0 0
20 3713317 0 1
20 2442046 0 1
20 2741455 0 0
20 3570930 2 0
20 2813540 0 0
20 3038405 0 0
20 3611603 0 0
20 3333215 0 0
20 3313870 0 0
20 3748403 0 1
20 3700028 0 0
20 3260611 0 0
20 153522 2 0
20 3657256 0 0
20 2955938 0 0
20 3588206 0 1
20 2646708 0 0
20 2955936 0 0
20 3861386 0 0
20 3860295 0 1
20 3353295 0 0
20 3877957 0 1
20 3502811 2 1
20 529263 0 1
20 3065404 0 1
20 2924549 1 1
20 3048068 0 0
20 3411373 0 1
20 3697045 0 1
20 2536181 1 1
20 2363678 0 1
20 3249852 2 1
20 2991383 0 1
20 2977075 2 0
20 2740109 1 1
20 3763677 1 1
20 2729309 0 0
20 3141161 0 0
20 2199188 0 1
20 3664368 0 1
20 1892548 0 1
20 3799613 0 0
20 3618906 0 1
20 2135732 0 0
20 3649624 0 1
20 2821316 0 0
20 3698142 0 0
20 3862295 0 0
20 2740354 0 0
20 2892763 0 1
20 3678994 0 0
20 3132683 0 0
20 2740356 0 0
20 3514377 0 1
20 2878678 0 1
20 2083671 0 0
20 2835704 0 0
20 3332357 0 0
20 1751015 1 1
20 2705356 0 0
20 2008418 0 0
20 3649614 1 1
20 3308259 0 0
20 2374581 0 0
20 3574659 0 1
20 2956155 0 1
20 3599996 0 1
20 3540647 0 1
20 3724086 0 1
20 3481223 2 1
20 3819695 0 1
20 3445177 0 0
20 2440729 0 0
20 3223493 0 1
20 2972610 2 0
20 3290028 0 1
20 2967260 0 0
20 3471445 0 1
20 2691511 0 1
20 2972611 0 0
20 3888007 0 1
20 2007578 0 0
20 2972612 0 0
20 2008422 0 0
20 3357616 0 1
20 2194704 0 1
20 3177380 0 0
20 3680613 0 1
20 2653027 0 1
20 2740337 0 0
20 3192515 0 0
20 3573553 0 1
20 3632179 0 1
20 3261730 0 0
20 3133514 0 0
20 3565936 0 0
20 3598679 0 0
20 3096988 0 1
20 3396109 2 1
20 3639802 0 2
20 3573792 0 1
20 3614524 0 0
20 2480139 0 1
20 2588821 1 1
20 3553533 0 0
20 356919 0 0
20 2938512 0 1
20 2845554 0 0
20 2820011 0 1
20 3543976 0 1
20 3042959 0 1
20 3735392 0 1
20 3096992 0 1
20 2740307 0 0
20 3121590 2 1
20 3539461 0 1
20 2448873 0 0
20 3690674 0 0
20 2814827 0 0
20 2480146 0 1
20 2648945 0 1
20 270003 0 0
20 2938506 2 1
20 3025397 0 0
20 2984408 0 0
20 2984407 1 1
20 3542893 1 1
20 3675287 0 0
20 3887575 0 1
20 2964817 0 0
20 1654154 0 0
20 2845783 0 1
20 3800611 0 0
20 2518543 0 0
20 3074312 0 0
20 3658728 0 0
20 3015365 0 0
20 2527497 0 0
20 2957012 0 0
20 2634795 0 0
20 3843570 0 1
20 2584009 1 1
20 2846868 0 0
20 3134893 0 0
20 2716448 0 1
20 3866683 0 0
20 3350194 0 1
20 3135503 0 0
20 3377878 0 1
20 3469334 0 0
20 2584014 0 0
20 3200190 0 1
20 3250652 0 1
20 2846859 1 0
20 3177586 0 1
20 3519407 0 0
20 3717768 0 0
20 2994428 0 1
20 2846852 0 0
20 3410057 0 0
20 2822422 0 0
20 3350184 0 1
20 3612309 0 0
20 3614728 0 0
20 3631047 0 0
20 2796774 0 0
20 3417929 0 1
21 3443480 0 0
21 3558347 0 0
21 1779435 2 1
21 2777903 2 1
21 2769281 0 0
21 3226451 0 0
21 3663789 0 1
21 3548782 0 0
21 3551717 0 0
21 3604578 0 1
21 3033530 2 1
21 3574830 0 0
21 3446515 0 1
21 3504723 0 1
21 2128139 0 0
21 3001708 0 1
21 3883615 0 0
21 2474584 0 1
21 3123346 0 0
21 2542358 0 1
21 3009431 0 0
21 3022642 0 1
21 2214826 2 1
21 3193674 0 1
21 3574827 0 1
21 3598816 0 1
21 2187363 0 1
21 2384527 0 0
21 3672012 0 0
21 1297588 0 1
21 3573973 0 0
21 3573972 0 1
21 3819262 0 1
21 3800419 0 0
21 1241761 0 1
21 3339593 0 0
21 1241769 0 0
21 2874264 0 0
21 2931142 0 0
21 3366979 0 0
21 3009441 0 0
21 3305386 0 1
21 2738311 2 1
21 2981848 2 1
21 3784078 0 1
21 1802750 0 0
21 3319780 0 1
21 1033698 0 0
21 3262772 2 1
21 3262532 1 1
21 3480896 0 0
21 3527623 0 0
21 3410306 2 1
21 1253515 0 0
21 3810240 0 0
21 3076249 0 0
21 3418493 0 0
21 3835517 0 1
21 3560658 0 0
21 3853164 2 0
21 3087360 0 0
21 3014800 0 0
21 2688181 0 0
21 3341442 0 1
21 3583751 0 0
21 1241777 0 0
21 2637871 0 0
21 3159321 0 0
21 2779290 2 1
21 2999595 0 0
21 3785158 0 0
21 3262783 0 0
21 2763717 1 1
21 3331880 1 0
21 2908545 0 0
21 3330312 1 1
21 3420570 2 1
21 2799961 0 0
21 3151603 0 0
21 3663347 0 0
21 2794284 0 0
21 2112823 0 0
21 2859048 0 1
21 194618 0 1
21 2190958 0 0
21 3276998 0 0
21 2693103 0 0
21 3432793 0 0
21 165061 2 0
21 128942 0 0
21 3565923 0 0
21 3091462 0 0
21 3502104 0 0
21 2592813 0 1
21 2726516 0 0
21 3376128 0 0
21 2740826 0 0
21 3878216 1 1
21 2131337 0 0
21 2887505 0 0
21 3127745 0 0
21 2721293 0 0
21 3290806 0 0
21 3239336 2 1
21 2001494 0 0
21 165046 0 1
21 2448470 0 0
21 3127748 0 0
21 3674472 0 1
21 3290803 0 1
21 128939 0 0
21 3846219 0 1
21 3135110 1 1
21 3201107 2 1
21 3238485 0 1
21 3240794 0 0
21 1036935 0 0
21 3558399 0 0
21 2726506 2 0
21 2592800 2 1
21 2174495 0 1
21 3342722 0 1
21 3610196 0 1
21 2448269 0 0
21 3733956 0 0
21 2872286 0 0
21 3837720 0 0
21 3297675 0 0
21 3465012 0 0
21 3261489 0 0
21 3834698 0 1
21 3838810 0 1
21 2591504 0 0
21 3572670 0 0
21 2592818 0 0
21 2726522 0 0
21 3123364 0 0
21 2196251 0 1
21 3626309 0 1
21 2196257 0 0
21 3850938 0 1
21 2715885 0 1
21 2117019 0 0
21 3638518 0 1
21 2577685 0 0
21 3078859 0 0
21 2661523 0 0
21 3295001 0 0
21 2588570 0 0
21 2946668 0 0
21 3804839 1 1
21 3276790 1 1
21 3719276 0 0
21 3391796 0 0
21 3480829 0 0
21 3231647 0 0
21 3290853 0 1
21 3334080 0 1
21 3477656 0 0
21 3081448 0 0
21 3713977 0 0
21 3730065 0 0
21 2186664 0 0
21 3019062 0 0
21 3603077 0 0
21 3712889 0 1
21 1702536 0 0
21 3548701 0 0
21 2987328 1 1
21 3874733 0 1
21 2467409 0 0
21 2189933 0 0
21 1196497 0 0
21 3481929 0 1
21 3198721 0 0
21 3102466 0 2
21 3420510 1 1
21 3812239 0 0
21 2190927 0 0
21 1526618 2 1
21 3080591 0 0
21 2206363 0 0
21 2211718 0 0
21 3069579 0 1
21 3134061 0 0
21 3160134 0 0
21 3326684 0 0
21 3378118 0 1
21 3036638 0 0
21 3891065 0 1
21 2768109 0 0
21 3827516 0 0
21 2909497 0 0
21 3266527 0 0
21 1779609 0 0
21 1177983 0 0
21 2686622 0 0
21 3480806 0 1
21 2131921 0 0
21 2366049 0 0
21 3334060 2 1
21 3415156 0 0
21 2826300 0 0
21 2826784 0 0
21 2736536 0 0
21 3847330 0 0
21 2580005 0 1
21 3734688 0 0
21 3776284 0 0
21 3290840 0 0
21 3777375 0 1
21 3779797 0 0
21 3674621 2 1
21 3003503 0 0
21 3667088 2 0
21 3112029 0 0
21 3651988 0 1
21 3767583 0 0
21 2884453 0 1
21 3694459 0 0
21 3512532 0 0
21 2659484 0 0
21 3512775 2 1
21 3861864 0 0
21 3667091 0 0
21 3778233 0 0
21 3102483 0 1
21 3298797 0 0
21 3672677 0 1
21 3334079 0 0
21 3783810 0 0
21 2606240 0 0
21 3747998 0 1
21 2228181 0 0
21 2001889 0 0
21 2206392 0 0
21 3129755 0 1
21 3256981 0 0
21 1435910 0 0
21 3590438 0 0
21 3608973 0 0
21 2872660 0 0
21 3326899 0 0
21 2895781 0 0
21 3363841 0 1
21 3640228 0 0
21 3488516 0 1
21 3677910 0 0
21 3240161 2 1
21 2120859 0 0
21 3699701 0 0
21 3305969 0 0
21 1526641 2 1
21 3132932 0 0
21 3336229 0 0
21 3129750 0 0
21 3561725 0 0
21 3153853 0 0
21 3509389 0 1
21 3022204 0 0
21 2672233 2 0
21 3512311 2 1
21 1435909 0 0
21 2840896 0 0
21 3316608 0 1
21 1397847 0 0
21 3107958 0 0
21 3437177 2 1
21 1274280 0 0
21 3509390 0 0
21 3267656 0 0
21 3674632 1 1
21 3341816 0 0
21 1779408 2 1
21 1869029 0 0
21 3336239 0 1
21 2366074 0 0
21 2642852 2 1
21 3132906 0 0
21 2211766 2 1
21 2576187 0 1
21 1242010 0 1
21 3594818 0 0
21 3849794 0 0
21 3775397 0 1
21 3273064 0 1
21 3339713 0 1
21 1779422 2 1
21 2989755 0 1
21 2685790 0 1
21 3171007 0 0
21 3230141 0 0
21 1397827 0 0
21 2137018 0 0
21 3827532 2 1
21 1526638 2 0
21 2137255 1 0
21 3162773 0 1
21 2710355 0 0
21 2893117 0 0
21 2140416 0 0
21 3261099 0 0
21 3609819 0 0
21 3033106 0 1
21 1334181 0 0
21 3675506 0 0
21 3504952 0 0
21 3019058 2 1
21 3183691 0 0
21 3488984 0 0
21 3682271 0 0
21 1079905 0 0
21 2787270 2 1
21 2856378 0 0
21 2856377 0 0
21 3120985 2 1
21 3621103 0 0
21 3172182 0 0
21 2136552 0 0
21 2925353 0 0
21 3334009 0 0
21 2409354 0 1
21 2654869 0 0
21 2289809 0 1
21 3664075 0 0
21 1289160 0 0
21 2479223 0 0
21 3667341 0 0
21 2856385 2 1
21 1475560 0 0
21 2377328 0 0
21 3072209 0 0
21 3702548 0 0
21 3361854 1 0
21 2651115 0 0
21 3120752 0 0
21 2672274 0 1
21 2856380 0 0
21 3784880 0 0
21 2125417 0 0
21 2700615 0 0
21 2813651 0 0
21 3599229 0 0
21 3072694 0 0
21 3462675 0 0
21 3492078 0 0
21 368168 0 0
21 2994356 0 1
21 3416761 0 0
21 2525551 0 0
21 2974748 0 0
21 3384406 0 0
21 2133269 0 0
21 3287143 0 0
21 2787058 0 0
21 2795916 0 0
21 3358676 0 0
21 3337734 0 1
21 1475558 0 0
21 2390549 1 1
21 3276022 1 1
21 3495356 0 0
21 1242069 0 0
21 2939531 0 0
21 3156902 0 0
21 3747233 0 0
21 3793574 0 0
21 2729276 0 1
21 3716995 0 0
21 2905716 0 0
21 3750881 0 0
21 3348632 0 1
21 2377340 2 0
21 2941616 0 0
21 2479453 0 0
21 3724137 0 0
21 3446153 0 1
21 3446392 0 0
21 3146930 0 1
21 149378 0 0
21 3621548 0 0
21 3660999 0 0
21 2195729 0 1
21 1262718 0 0
21 2010882 0 0
21 3278252 0 0
21 3830323 0 1
21 149382 0 0
21 2799065 0 0
21 3405457 0 0
21 2228696 0 0
21 2644628 0 0
21 3571903 0 1
21 3437453 0 0
21 3465901 1 1
21 3465905 0 1
21 17815 0 0
21 2664215 0 0
21 3375727 0 0
21 2664214 0 1
21 2837649 0 0
21 3099514 0 1
21 3853897 0 1
21 3279325 0 1
21 2831098 0 0
21 3622853 0 0
21 2628869 0 1
21 3793305 1 1
21 2135245 0 0
21 2136335 0 1
21 2740249 0 0
21 3167813 0 0
21 3215177 0 0
21 2740245 0 1
21 3097589 0 0
21 3334666 0 0
21 3672768 0 0
21 2902411 0 0
21 3669581 0 0
21 3329082 0 0
21 3329083 0 0
21 2761170 0 0
21 2136325 0 0
21 2733976 0 0
21 3383125 0 0
21 2733977 0 0
21 2170447 0 0
21 2826733 0 0
21 3146905 0 0
21 2740255 0 0
21 34114 0 0
21 3395333 1 0
21 3163221 0 0
21 2490670 0 0
21 3672755 0 1
21 3249707 0 1
21 3096029 0 0
21 3747679 0 0
21 3810747 0 0
21 1618394 0 0
21 2833412 0 1
21 2132358 0 0
21 2111417 0 0
21 2957592 0 0
21 2936411 0 1
21 2008516 0 0
21 2246247 0 0
21 3561230 0 0
21 3587862 0 0
21 2562358 0 1
21 2913530 0 1
21 1553435 0 0
21 3152170 0 0
21 3760287 0 0
21 193724 2 0
21 2247108 0 0
21 2385586 0 0
21 3313943 0 1
21 3334646 0 1
21 2721944 0 0
21 2361373 0 0
21 3132339 0 0
21 3797557 0 0
21 2667523 0 0
21 2693833 0 0
21 3473965 0 0
21 3504213 0 1
21 3877451 0 0
21 3551686 1 1
21 3550598 0 0
21 3321795 0 0
21 3778811 0 1
21 1914402 0 0
21 2480062 0 0
21 3778812 0 0
21 3271428 0 0
21 1914407 0 0
21 3564740 0 0
21 3108200 2 1
21 3679720 0 1
21 3573459 0 1
21 3574544 0 0
21 3504217 0 1
21 3573453 0 0
21 3740662 0 0
21 3222266 0 0
21 3334657 0 0
21 3816272 2 1
21 3530750 0 1
21 2128079 0 0
21 2858734 0 1
21 3386665 0 0
21 2135600 0 0
21 1513194 0 0
21 3561694 1 1
21 165035 2 1
21 3295607 0 0
21 3029216 0 0
21 3517533 0 0
21 1360095 0 0
21 3354472 0 0
21 3616818 2 1
21 3705886 0 0
21 2795998 0 0
21 3317086 1 1
21 2361396 0 0
21 3616816 2 1
21 3483526 0 0
21 2212493 0 0
21 2180666 2 1
21 3658816 0 0
21 3475923 0 1
21 3364267 0 0
21 3772255 0 0
21 2993650 0 0
21 3138087 2 1
21 3493338 0 0
21 2374473 2 0
21 3218875 0 0
21 2374474 0 0
21 3834709 1 1
21 2726162 0 0
21 3085104 0 0
21 3484862 0 0
21 2374470 2 1
21 3652048 0 1
21 2385118 0 0
21 2688228 0 1
21 3816051 0 1
21 3659911 0 0
21 2908820 0 0
21 3508835 0 0
21 3572583 0 0
21 3446146 0 0
21 3520703 0 1
21 3321529 0 1
21 3615941 2 1
21 3554980 0 0
21 3529542 0 0
21 3218868 0 0
21 3652052 0 0
21 2526068 2 1
21 2937305 0 0
21 3307463 2 1
21 3789905 0 0
21 1475939 0 0
21 3517557 0 0
21 2140182 0 0
21 2627712 0 0
21 3059287 0 1
21 3426784 0 0
21 3818025 0 1
21 526283 0 0
21 3876314 0 0
21 2833442 0 0
21 3402108 0 0
21 3223151 0 0
21 3054838 0 0
21 3415881 0 0
21 3737452 0 0
21 3340295 0 0
21 3517569 0 0
21 3654241 0 0
21 3132361 0 0
21 3539572 0 1
21 3109575 0 0
21 2479276 0 0
21 3295660 1 1
21 3573493 0 0
21 3671804 0 0
21 1262784 0 1
21 2828087 0 0
21 1847827 0 0
21 2812738 0 1
21 3667325 0 0
21 3178789 0 0
21 3669502 0 0
21 2855663 0 0
21 3600228 0 0
21 2807148 0 0
21 3157640 0 1
21 3004591 0 0
21 3560162 0 0
21 3619043 2 1
21 3008954 0 1
21 3701082 0 0
21 3042616 2 0
21 2050007 0 0
21 154572 0 0
21 3118050 0 0
21 3041762 0 1
21 3157639 0 0
21 2807152 2 1
21 2855433 0 1
21 2807151 0 1
21 2729876 0 1
21 3322626 0 0
21 3432199 0 0
21 2926671 0 0
21 1574344 1 1
21 3395176 1 1
21 3460634 2 1
21 3008728 0 0
21 3333984 0 1
21 1976737 0 0
21 1463904 0 0
21 3459708 0 0
21 3853072 0 1
21 3459702 1 1
21 3544066 0 0
21 3808267 0 0
21 3628659 0 0
21 1526566 0 0
21 3327025 1 1
21 1298324 0 1
21 3248127 0 0
21 400510 0 0
21 3227425 2 1
21 3319880 0 0
21 3079655 0 0
21 3671282 0 1
21 3215425 0 0
21 3509063 0 0
21 3515506 0 0
21 3867225 0 1
21 1906872 0 0
21 2840571 0 0
21 3046507 0 0
21 3582556 0 0
21 3642942 0 1
21 2131649 0 1
21 3430262 0 0
21 3702094 0 0
21 3399342 2 1
21 2817783 0 0
21 2857803 2 1
21 3798352 2 1
21 1971265 0 0
21 2906497 0 1
21 2188548 2 1
21 3047826 0 0
21 113745 0 0
21 3879014 0 1
21 1781429 0 1
21 3045886 1 0
21 3853041 0 0
21 3879255 0 0
21 2569912 0 1
21 3044791 2 1
21 2656253 2 1
21 3087249 0 0
21 3880487 0 0
21 3364667 2 1
21 3544059 0 1
21 1904475 0 0
21 3507908 0 0
21 3511164 0 0
21 3428170 1 1
21 3407018 1 1
21 2109720 0 0
21 3532086 0 1
21 3488028 0 1
21 3480785 0 0
21 2211463 0 0
21 2650979 2 1
21 3250481 0 0
21 3215638 0 0
21 3640983 0 1
21 3561678 0 0
21 2769368 0 1
21 3194612 2 2
21 3457724 0 0
21 3413990 0 0
21 2134974 0 1
21 2829599 0 0
21 1781434 0 0
21 1174947 0 0
21 1764010 0 0
21 3410247 0 1
21 3824558 0 1
21 3498272 0 0
21 3542921 0 1
21 3111039 0 0
21 3180694 0 0
21 2684510 0 0
21 3115637 0 1
21 3662144 0 0
21 2212569 0 1
21 3321910 0 0
21 3700967 0 1
21 3845485 1 1
21 2565134 0 0
21 2650982 0 0
21 3775225 0 0
21 3827830 2 1
21 3674591 2 0
21 3651015 0 0
21 1174953 2 1
21 3237274 2 1
21 3849848 0 0
21 3505505 0 0
21 2779396 0 0
21 3542932 0 0
21 3424871 1 1
21 3505508 0 0
21 3542938 0 0
21 1794505 2 1
21 2518148 0 0
21 3173916 0 0
21 2881083 0 1
21 3616853 0 0
21 3663248 0 0
21 2829575 0 0
21 1779374 1 1
21 1779377 1 0
21 3500067 0 0
21 3193787 0 1
21 3875080 0 0
21 56591 0 1
21 3194630 2 1
21 3751269 2 1
21 2685829 0 0
21 3137402 0 0
21 2908871 0 0
21 3616859 0 0
21 1036808 0 0
21 2770573 0 0
21 3709523 0 0
21 3591276 0 0
21 2827140 0 1
21 3227250 0 1
21 2722047 0 0
21 2633190 0 0
21 2822947 0 0
21 3751011 0 0
21 2769331 0 0
21 2769330 0 0
21 2822942 0 0
21 3651279 2 1
21 1803779 0 1
21 2737771 0 0
21 2734022 0 1
21 3194619 0 1
21 3413961 2 1
21 2840593 0 0
21 3728493 0 0
21 3616868 0 0
21 2195252 0 0
21 3702711 2 1
21 2859367 0 0
21 32162 0 0
21 2062957 0 0
21 3305643 0 0
21 2893049 0 0
21 2813122 0 1
21 1065341 2 1
21 3220638 0 0
21 3839844 2 1
21 2106620 0 0
21 3871102 0 0
21 3531377 0 1
21 1784079 1 0
21 3512873 0 1
21 3849889 0 0
21 2141405 0 0
21 3547745 0 0
21 3892031 0 0
21 1236920 0 0
21 3275113 1 1
21 3628264 0 1
21 3119800 0 0
21 3220648 0 0
21 3813202 0 0
21 2187644 0 0
21 3393611 0 1
21 3741079 0 0
21 3390349 0 0
21 2840725 0 0
21 3580530 2 1
21 3228372 0 0
21 2722012 2 1
21 3838979 0 0
21 3419875 0 0
21 3290953 0 0
21 2025313 0 0
21 2765189 0 0
21 3194035 0 0
21 3166803 0 0
21 3692160 0 1
21 3099202 2 1
21 3026984 0 0
21 3874634 0 0
21 2964787 0 0
21 3799285 0 0
21 3488899 0 0
21 1885430 1 1
21 3051902 0 0
21 3068586 0 1
21 3692153 0 0
21 2206021 2 1
21 2546413 0 1
21 2765176 0 1
21 1464384 0 0
21 3306744 0 0
21 2222974 0 0
21 1464381 0 0
21 3565138 0 1
21 3026977 0 0
21 3177938 2 1
21 3650303 0 0
21 3837653 0 1
21 3875973 0 1
21 3046528 0 0
21 3196871 2 1
21 2672129 0 0
21 3125277 0 1
21 3614293 0 0
21 117777 0 0
21 3794816 0 0
21 2674547 0 0
21 2672127 0 1
21 2919553 0 0
21 3241370 2 1
21 3632720 1 0
21 3851532 0 0
21 3745888 1 1
21 65680 0 1
21 3533117 0 0
21 3046518 0 1
21 3848592 0 1
21 2072951 0 0
21 1781604 0 0
21 2479951 0 0
21 3279511 0 0
21 3863508 1 1
21 3046515 2 1
21 3349669 0 0
21 2732467 0 0
21 3546453 1 1
21 2615281 0 0
21 3507082 0 0
21 3848597 0 0
21 3632719 2 1
21 2901610 0 0
21 2270830 0 0
21 3093930 2 1
21 3223953 0 0
21 2615276 0 1
21 3170265 0 1
21 3420420 0 1
21 3722787 0 1
21 3848582 0 0
21 2901604 0 1
21 3614034 0 0
21 3482070 0 1
21 3499508 0 0
21 3658292 0 1
21 2592791 2 1
21 3482079 0 1
21 2592794 0 0
21 3524676 0 0
21 2270822 0 1
21 2443771 0 0
21 3274277 0 0
21 3370326 0 1
21 3780631 0 0
21 2661254 0 0
21 3337413 0 0
21 3371413 0 0
21 2615269 0 0
21 3419668 0 1
21 3212971 0 0
21 3522001 0 0
21 3327634 0 0
21 2479938 0 0
21 3362600 0 0
21 3589375 2 1
21 2764049 0 0
21 3778792 0 1
21 3143908 0 0
21 3652761 0 0
21 3351712 0 0
21 3851743 0 0
21 2661247 0 0
21 1420318 0 0
21 2799006 0 0
21 3835276 0 0
21 2778442 0 0
21 3827461 0 0
21 2722751 2 1
21 3725319 0 0
21 3888617 0 0
21 2874920 0 1
21 3618051 0 1
21 2732791 2 1
21 3263087 2 1
21 3820835 2 0
21 3217054 0 0
21 3875784 0 1
21 3012271 0 1
21 1564284 0 0
21 3012272 0 0
21 3794566 2 1
21 1519006 0 0
21 2479117 0 0
21 3151599 2 1
21 3623899 2 1
21 2789586 2 1
21 3621239 2 0
21 1087888 0 1
21 3368360 0 0
21 3519669 0 0
21 3733185 0 0
21 3762519 0 1
21 3520641 0 1
21 476739 0 0
21 2479110 0 0
21 2687438 0 0
21 2949676 0 0
21 2949675 0 0
21 2598825 2 1
21 2186955 0 0
21 2687677 0 0
21 3184045 2 1
21 1373687 0 0
21 2936392 0 0
21 2640354 0 0
21 3308098 2 1
21 3232111 0 0
21 3385850 2 1
21 3308095 0 1
21 2193210 0 0
21 3198230 0 0
21 3655020 0 0
21 2526520 0 0
21 3245433 0 0
21 3263063 0 1
21 2820033 0 0
21 3221223 0 0
21 2965916 2 1
21 3841999 0 0
21 140017 0 0
21 3783429 0 0
21 3681793 0 0
21 2718023 0 1
21 1257438 0 1
21 1397863 0 0
21 3351909 0 0
21 3253047 0 0
21 1397860 0 0
21 2846899 0 0
21 2740172 0 0
21 2809019 0 1
21 2893430 0 0
21 3784501 0 0
21 3621210 0 0
21 2567299 0 0
21 3841743 0 0
21 2687414 0 0
21 2687656 2 1
21 1257422 1 1
21 3170900 0 1
21 2879572 0 0
21 3448219 0 0
21 2974205 0 0
21 3420725 1 1
21 2840941 0 0
21 3866864 0 1
21 1036022 0 0
21 3224515 1 1
21 3371474 0 1
21 3546840 0 1
21 3108775 0 1
21 2857308 0 0
21 3003527 0 0
21 3651925 0 1
21 2929636 0 1
21 2989706 0 1
21 3205264 0 0
21 1860058 1 0
21 2778502 0 0
21 3255242 0 0
21 3446044 0 1
21 3794522 0 0
21 3657232 0 1
21 2803774 0 0
21 2667608 0 0
21 2115771 0 0
21 2137556 0 0
21 3459357 2 2
21 3849049 0 0
21 2008202 0 0
21 2719788 0 0
21 3564269 2 1
21 2811397 0 1
21 3451629 0 0
21 3582914 0 1
21 3666183 0 1
21 1180708 0 0
21 2595514 0 1
21 2941754 2 0
21 3375844 0 1
21 2880346 0 0
21 3657244 0 1
21 3751829 0 0
21 3256123 0 0
21 3403367 0 0
21 3711370 0 0
21 2803987 0 0
21 2115762 0 0
21 2822257 0 0
21 2740129 0 0
21 2193409 0 0
21 3166600 0 0
21 3883384 0 0
21 2822251 0 0
21 2930659 0 0
21 2822250 1 1
21 3598467 0 0
21 1475876 0 0
21 1887527 0 1
21 3447387 0 0
21 3278592 0 0
21 3746224 0 0
21 3808756 2 1
21 3794984 0 0
21 3429747 0 0
21 3668149 0 0
21 3588206 0 0
21 3833937 0 1
21 2412895 0 0
21 3270878 0 0
21 3309136 0 0
21 2206349 2 0
21 3108543 0 1
21 1860070 0 0
21 544880 0 0
21 3181858 0 0
21 3633297 0 0
21 3514369 0 0
21 3561114 0 1
21 3651281 0 0
21 2396599 0 1
21 2193634 1 1
21 2677452 0 0
21 3177591 0 0
21 1934376 0 0
21 3132697 1 0
21 3143101 1 1
21 2727116 0 0
21 3639822 0 0
21 3827071 0 0
21 3517407 0 0
21 2195821 0 1
21 3177362 2 1
21 3459797 0 0
21 3624107 2 1
21 2483440 0 1
21 2892763 0 0
21 1033620 0 0
21 3725160 0 0
21 3505428 0 0
21 3879517 0 1
21 3446004 0 0
21 3446494 0 1
21 3738493 0 1
21 3633277 0 0
21 3345876 0 0
21 3087414 2 0
21 3307169 0 1
21 1977086 0 0
21 2193846 2 1
21 2192522 0 0
21 2350144 0 0
21 2949860 0 0
21 2385002 0 0
21 3815092 0 0
21 3095885 0 0
21 1459119 0 0
21 3614763 0 0
21 3854653 0 0
21 2096525 0 0
21 3608083 0 0
21 1459118 2 0
21 2133777 0 0
21 3665239 0 1
21 2811979 0 1
21 2833980 0 0
21 3236321 0 0
21 3532807 0 0
21 3748282 0 1
21 3309573 0 0
21 3548373 0 0
21 2131114 0 0
21 2589748 0 0
21 3540650 0 0
21 3482561 0 0
21 2921067 0 0
21 3704665 0 1
21 3279492 0 0
21 3358943 0 0
21 3541749 0 0
21 2726238 0 0
21 2833576 2 1
21 3736491 0 0
21 2888204 2 1
21 3552688 0 1
21 2480134 0 0
21 2248591 0 1
21 3413594 0 0
21 1391977 0 0
21 3343432 2 1
21 3367406 2 1
21 2135301 0 0
21 2656322 0 0
21 2959218 0 0
21 549048 0 0
21 3030745 0 0
21 1936358 1 1
21 3132014 2 1
21 3132017 2 1
21 3483866 0 1
21 2385263 0 0
21 2813739 0 0
21 2952802 0 1
21 2700092 0 0
21 3459517 0 1
21 2330140 0 0
21 3388756 0 0
21 1375236 0 1
21 3118195 0 0
21 3698188 0 0
21 2803936 0 0
21 3436642 0 1
21 3811980 0 0
21 2808593 0 0
21 2480114 0 0
21 3120245 0 0
21 2749339 0 0
21 2627812 0 0
21 3459526 0 0
21 3820459 0 1
21 3866685 2 1
21 3624994 0 0
21 2191871 0 2
21 3764949 0 0
21 3375451 1 1
21 3654134 0 0
21 3544802 0 0
21 3513091 0 1
21 3420098 0 1
21 2878411 0 0
21 3800872 0 0
21 3698162 0 0
21 3296606 0 0
21 2958359 0 0
21 3179762 0 1
21 3495833 0 0
21 3752500 0 0
21 3440923 0 0
21 3764715 0 1
21 3049121 0 1
21 3439936 0 1
21 3612306 0 0
21 2646781 0 0
21 3514192 0 1
21 2810684 0 0
22 3043579 0 0
22 2234421 0 1
22 2943109 0 1
22 2449135 1 1
22 3148876 0 1
22 3663309 0 1
22 2810817 0 0
22 3043574 0 0
22 3516949 0 1
22 2117004 0 1
22 3341454 0 1
22 3398111 0 1
22 3845338 0 1
22 2442985 0 0
22 3310715 0 1
22 3205519 0 1
22 3075172 0 1
22 3259374 0 1
22 2794249 0 1
22 2588582 0 1
22 3437809 0 1
22 3090334 0 0
22 3174930 0 0
22 2726540 0 1
22 2989577 0 0
22 2749206 0 0
22 3021313 0 1
22 3304263 0 1
22 2384529 0 0
22 3711721 0 0
22 3825978 0 1
22 1036735 0 0
22 3711723 0 0
22 2978453 0 1
22 3728156 0 1
22 2794498 0 0
22 3089795 0 1
22 3617620 0 1
22 3259399 0 1
22 3418028 0 0
22 3214684 0 1
22 3711731 0 1
22 3376344 0 1
22 1044109 0 0
22 2699069 0 1
22 3711735 0 1
22 1802750 0 0
22 3184515 0 0
22 3711736 0 1
22 3825702 0 0
22 3319783 0 1
22 3711739 0 1
22 3032221 0 0
22 3560658 0 0
22 3023755 0 0
22 3389664 0 1
22 3418018 0 1
22 3043580 0 0
22 2991639 0 0
22 3134680 0 1
22 3711740 0 1
22 3604569 0 1
22 3890398 0 1
22 3410771 0 1
22 2779295 0 1
22 3821114 0 1
22 3036811 0 0
22 2998026 2 1
22 3389660 0 0
22 2964038 0 1
22 2799961 0 1
22 2726511 0 1
22 2799976 0 0
22 3215995 0 0
22 166149 0 0
22 3784054 0 0
22 3452152 0 0
22 3411456 0 1
22 3565923 0 1
22 2628084 0 1
22 2662842 0 1
22 3573785 0 1
22 3298780 0 1
22 2232040 0 1
22 3711918 0 0
22 3054432 0 1
22 3638532 0 1
22 3146002 0 0
22 3339102 0 1
22 1925058 0 1
22 2827045 0 1
22 3476111 0 1
22 3431046 0 1
22 3127748 0 1
22 3674472 0 1
22 3601004 0 1
22 2876857 0 1
22 3674474 0 1
22 3524367 0 1
22 3240798 0 0
22 2687910 0 1
22 3388350 0 0
22 2882051 0 1
22 3152915 0 0
22 517503 0 0
22 3341635 0 1
22 3754418 0 1
22 3172722 0 0
22 3701928 0 0
22 2844848 0 0
22 2872286 0 0
22 1832179 0 0
22 3776644 0 0
22 3452172 0 0
22 2814196 0 0
22 3180599 0 1
22 3657920 0 1
22 3468765 0 1
22 2769450 0 0
22 3101356 0 1
22 3148888 0 1
22 3148889 0 0
22 3504311 0 0
22 3432358 0 0
22 3757911 0 1
22 2117014 0 0
22 2769453 0 0
22 3757910 0 0
22 2933119 0 0
22 2117016 0 0
22 3465003 0 1
22 3613237 0 0
22 3318885 0 1
22 3465004 0 0
22 2478777 0 0
22 3151403 0 1
22 2245959 1 1
22 2702983 0 1
22 2241599 0 0
22 2769446 0 0
22 3047773 0 1
22 2606497 0 0
22 3611705 0 1
22 3161456 0 1
22 3548701 0 0
22 3611701 0 0
22 2572606 0 1
22 3611703 0 1
22 2467409 0 0
22 3122099 0 1
22 3693109 0 1
22 3015710 0 1
22 3863826 0 1
22 3015953 0 1
22 3080591 0 0
22 2467416 1 1
22 2686629 0 0
22 2848339 0 0
22 1581458 0 1
22 2627183 0 0
22 3036636 0 0
22 1887519 0 1
22 3268705 0 0
22 3480841 0 1
22 1779609 0 0
22 3031185 0 0
22 3073806 0 1
22 3499425 0 1
22 3015967 1 1
22 3522331 0 1
22 3375095 0 0
22 3452136 0 0
22 2805604 0 0
22 3015968 0 1
22 3016819 0 1
22 3227160 0 1
22 3849753 0 0
22 3695790 0 0
22 3160386 0 1
22 2862670 0 0
22 1712352 0 1
22 2475483 0 1
22 3760701 0 1
22 3336494 0 0
22 2967700 0 0
22 2988864 0 1
22 2886876 0 0
22 3016820 0 1
22 555575 0 0
22 3016825 2 1
22 3452142 0 0
22 3485276 0 0
22 555568 0 1
22 3866074 0 0
22 3834024 0 0
22 3872586 0 0
22 3642644 0 1
22 3420562 0 1
22 3418006 0 1
22 3418007 0 0
22 3015902 0 1
22 3401802 0 0
22 3521269 0 0
22 2816793 0 1
22 2912801 0 1
22 2769404 0 1
22 3113179 1 1
22 2702949 0 0
22 2475476 0 1
22 2475475 0 0
22 3340973 1 1
22 3340974 0 1
22 3637043 0 0
22 2766366 0 0
22 3509387 0 1
22 3290887 0 1
22 3509386 0 1
22 3113180 0 1
22 2637256 0 1
22 3113181 0 1
22 3340971 0 1
22 2384966 0 0
22 3160575 0 0
22 2998004 2 1
22 3874942 0 1
22 2980725 0 1
22 2702956 0 1
22 3599268 0 0
22 1242259 0 1
22 2475442 0 1
22 2702963 0 1
22 3639699 0 1
22 3014832 0 1
22 3525883 0 0
22 3113153 0 1
22 3849317 0 1
22 2137269 0 0
22 3113159 0 1
22 3113158 0 1
22 3673574 2 1
22 3817753 0 1
22 3261086 0 0
22 3571980 0 0
22 3501674 0 0
22 3335596 0 0
22 2533016 0 0
22 2702964 0 0
22 2531081 0 0
22 115203 0 1
22 3113162 0 0
22 3285058 0 1
22 3771803 0 1
22 2672256 0 1
22 2384748 0 1
22 3162779 0 0
22 3340949 0 1
22 3183690 0 1
22 3464797 0 0
22 3552364 0 0
22 3015668 2 1
22 3212963 0 0
22 2672280 0 1
22 2276505 0 0
22 2803845 0 0
22 2595200 0 0
22 3003209 0 0
22 2925354 0 1
22 3611784 0 1
22 3611792 0 0
22 3725448 0 1
22 3529578 0 1
22 3349988 0 1
22 3120752 0 0
22 2740076 0 1
22 2850845 0 1
22 3003213 0 1
22 3741913 0 1
22 2988923 0 1
22 3423063 0 1
22 3876522 0 1
22 3097779 0 0
22 3312202 0 1
22 3073785 0 1
22 3072212 0 1
22 3073784 0 1
22 3015684 1 1
22 2994118 0 0
22 3015685 0 1
22 2903549 0 0
22 3083331 0 0
22 3177411 0 1
22 3113191 0 1
22 3083335 0 0
22 2803824 0 1
22 3002374 0 0
22 3003221 0 1
22 3783786 2 1
22 3003224 0 1
22 3336885 0 1
22 3611770 0 1
22 3611772 0 0
22 2860420 0 1
22 1079939 0 0
22 3151210 0 1
22 2740296 0 1
22 2855071 0 1
22 3451573 0 2
22 2526417 0 1
22 3136068 0 1
22 2702819 0 1
22 3576789 0 1
22 2893317 0 1
22 3599009 0 0
22 3667373 0 0
22 3015693 0 0
22 3015692 1 1
22 3611775 0 1
22 3015862 0 0
22 3299191 0 0
22 3082221 0 1
22 554111 0 1
22 3158083 0 0
22 3468180 0 0
22 2804735 0 0
22 2803886 0 1
22 3459223 0 0
22 2116997 0 1
22 2903525 0 1
22 3543215 0 1
22 3722121 0 0
22 3209998 0 1
22 3555203 0 1
22 149382 0 1
22 3854998 0 1
22 2799065 0 1
22 1785367 0 0
22 2803895 0 0
22 3430630 0 0
22 2704174 0 0
22 3485531 0 0
22 3334215 0 0
22 3577455 0 0
22 2423882 0 1
22 3307086 0 1
22 3326831 0 1
22 3499903 0 0
22 3015409 0 1
22 3829784 0 0
22 3215177 0 0
22 2478791 0 0
22 1459264 0 1
22 1215513 0 1
22 2815845 0 0
22 3015651 0 0
22 3299162 0 1
22 3492044 0 1
22 3015410 0 0
22 3015652 0 1
22 3658221 0 1
22 3016743 0 0
22 3015416 0 1
22 3791356 0 1
22 3068386 0 0
22 2170446 0 1
22 1618827 0 1
22 2804729 0 0
22 3096026 0 0
22 3129103 0 1
22 2490671 0 0
22 2844392 0 0
22 3163221 0 0
22 2562359 1 1
22 3015265 0 1
22 3713290 0 0
22 3145881 0 1
22 3878531 0 1
22 3560147 0 1
22 2480296 0 0
22 3552526 0 0
22 3434375 0 1
22 1553435 0 0
22 2025095 0 0
22 2792227 0 0
22 3517753 0 0
22 3113816 0 1
22 3816040 0 1
22 2627994 0 1
22 2576766 0 1
22 3638625 0 0
22 3113814 0 0
22 2778823 0 1
22 3686255 0 0
22 1322224 0 1
22 1784639 0 0
22 3121680 0 0
22 3016127 0 1
22 3016128 0 1
22 2605737 0 1
22 3649506 0 1
22 3649509 0 1
22 3625558 2 1
22 2956247 0 0
22 3517523 0 0
22 3679720 0 1
22 3846936 0 1
22 2894825 0 0
22 2963801 0 0
22 2311322 0 1
22 3891987 2 1
22 3015272 1 1
22 3015275 2 1
22 3740665 0 1
22 2666465 0 0
22 3015288 0 0
22 3854545 0 0
22 3502286 0 1
22 3180666 0 1
22 2936677 0 1
22 3600265 0 0
22 3128041 0 1
22 3015299 0 0
22 516446 0 0
22 3240925 0 0
22 3389942 0 0
22 3234026 0 0
22 3240924 0 1
22 3738361 0 1
22 2630042 0 0
22 2940929 0 0
22 2821651 2 1
22 2926877 0 2
22 2569193 0 1
22 3800710 0 0
22 2740219 0 1
22 3206412 0 1
22 155650 0 0
22 3016797 0 1
22 3015465 0 1
22 3855217 0 0
22 3539107 0 1
22 3015229 1 1
22 1574330 0 1
22 3005664 0 0
22 2736155 1 1
22 2900090 0 0
22 3444376 0 1
22 3015475 0 1
22 1894807 0 0
22 3015476 0 0
22 3551488 0 1
22 2783137 0 1
22 3307215 0 1
22 3521816 0 1
22 3686053 0 0
22 2124521 0 0
22 3015230 0 0
22 3015243 0 1
22 3830137 0 1
22 2113611 0 0
22 1082065 0 0
22 3005686 0 0
22 2972760 0 0
22 3741989 0 1
22 2596112 0 1
22 3259112 0 1
22 3575664 0 1
22 2385165 0 0
22 3015242 0 0
22 3261406 2 1
22 3770034 0 1
22 2857854 0 1
22 2855434 0 0
22 3600218 0 1
22 2905518 0 1
22 3585698 0 1
22 2783113 0 1
22 3624641 0 1
22 3468117 0 0
22 2693609 0 0
22 3206858 0 1
22 3015251 0 0
22 3539112 0 0
22 2765939 0 1
22 3204677 0 1
22 3488033 0 0
22 3764364 0 1
22 3213015 0 1
22 3544060 0 0
22 3179011 0 1
22 3191386 2 0
22 3408354 0 0
22 3433566 0 1
22 2913812 0 0
22 2323012 0 0
22 3835883 0 1
22 1940304 0 1
22 3872830 0 0
22 3350059 0 0
22 3172631 0 1
22 1458326 0 1
22 3172632 0 0
22 3789895 0 1
22 3236146 0 1
22 3459711 0 0
22 2784782 0 1
22 3043440 0 0
22 1904453 0 1
22 3295586 0 1
22 1081425 0 0
22 3676979 0 1
22 3789899 0 1
22 2980648 0 0
22 1948008 0 1
22 3638685 0 0
22 2582703 0 0
22 3337292 0 0
22 3195765 0 1
22 2267201 0 0
22 2243030 0 0
22 2734076 0 0
22 2735164 0 0
22 3183543 1 1
22 3273785 0 1
22 2385761 0 0
22 3158108 0 1
22 3158109 0 0
22 2798987 0 0
22 3409660 0 1
22 3745864 0 1
22 2966576 0 1
22 1781429 0 0
22 3512256 0 0
22 3110133 0 1
22 3809370 0 1
22 3411507 0 0
22 3526886 0 0
22 3813620 0 1
22 3663692 0 1
22 3259020 0 1
22 3630710 2 1
22 2784517 0 0
22 2784516 0 1
22 3452035 0 0
22 2480096 0 0
22 2365938 1 1
22 2438318 0 1
22 2908659 0 1
22 2908657 0 1
22 3512262 0 1
22 1764010 0 0
22 3016271 0 0
22 3444896 0 1
22 1240388 0 0
22 2784508 0 1
22 3563627 0 0
22 2784507 0 1
22 3043404 0 0
22 3422458 0 0
22 3821055 0 0
22 3524486 0 1
22 2475515 0 0
22 3551405 0 0
22 1964782 0 0
22 2635350 0 1
22 2992668 0 1
22 3699433 0 0
22 3493829 0 1
22 3331507 0 0
22 3870869 2 1
22 2556668 0 1
22 3200132 0 0
22 2556666 0 0
22 3420031 0 0
22 3706267 0 0
22 1538575 0 0
22 3635130 0 1
22 2967696 0 1
22 3043439 0 1
22 3500067 0 0
22 3560565 0 0
22 3500066 0 0
22 3378440 0 0
22 3560560 0 0
22 2479080 0 1
22 3295377 0 1
22 3539522 0 0
22 2584083 0 1
22 3542900 0 0
22 3833481 0 0
22 2684974 0 1
22 2831897 0 0
22 1971064 0 0
22 1934909 0 0
22 2784966 0 0
22 3214511 0 1
22 1634864 0 0
22 2910374 0 1
22 3809165 0 1
22 2896347 0 0
22 3651279 0 0
22 1634861 0 1
22 3433555 0 1
22 3433556 0 1
22 1044652 0 0
22 2533303 0 1
22 3094645 0 0
22 3113206 0 1
22 3015820 0 1
22 3022598 0 0
22 1187892 0 0
22 2931644 0 0
22 3611829 0 1
22 3198609 0 0
22 3611824 0 1
22 2475384 1 1
22 3771981 0 0
22 2478665 1 1
22 3662749 0 0
22 2226078 0 0
22 3163524 0 0
22 3649187 0 1
22 2117999 0 0
22 3203844 0 0
22 3629350 0 0
22 3840837 0 1
22 2702879 0 1
22 2702886 0 1
22 2840968 0 0
22 3555578 0 0
22 3015604 0 0
22 3025402 0 0
22 3770628 0 0
22 3021287 0 0
22 2695424 0 0
22 2952112 0 0
22 2385924 0 0
22 3852808 0 1
22 2277416 0 1
22 2822299 0 0
22 2769305 0 0
22 3265521 0 0
22 3855073 0 2
22 1308822 0 0
22 2700229 0 1
22 3630326 0 0
22 2700233 0 1
22 3073917 0 1
22 3480933 0 1
22 2385905 1 1
22 3544693 0 0
22 1464384 0 0
22 2871269 0 1
22 2117973 0 0
22 1526710 0 1
22 3629336 0 0
22 3524623 0 1
22 3627155 2 1
22 1464381 0 0
22 2823152 0 1
22 1863421 0 0
22 2830981 0 1
22 2575197 1 0
22 2713957 0 0
22 2806879 0 0
22 3615381 0 0
22 3515935 0 0
22 3649157 0 1
22 2954310 0 1
22 3409885 0 1
22 3649153 0 1
22 1081870 0 0
22 2702831 0 0
22 3806710 0 1
22 2721575 0 0
22 3277335 0 0
22 3047846 0 1
22 3695684 0 1
22 3437059 0 1
22 2174501 0 1
22 3409899 0 1
22 3590337 0 0
22 3394989 0 1
22 3229021 0 1
22 3560724 0 1
22 2740088 0 1
22 2825137 0 0
22 3195323 0 0
22 3384959 0 1
22 2732011 0 0
22 2687608 0 1
22 3503734 0 1
22 2687602 0 1
22 3533144 0 1
22 2602194 0 1
22 3827892 0 0
22 3314562 0 1
22 2503992 0 1
22 2975006 0 1
22 3384969 0 0
22 3485110 0 0
22 3851743 0 0
22 3031281 0 0
22 2799006 0 0
22 3529464 0 1
22 3015542 0 0
22 2094711 0 0
22 2642515 0 1
22 3713330 0 1
22 3860047 0 0
22 3531305 0 0
22 3712003 0 0
22 3198695 0 1
22 3626912 0 0
22 2615010 0 1
22 3348525 0 0
22 3184059 0 0
22 3245898 0 0
22 2690826 0 0
22 3618055 0 1
22 3841536 0 0
22 3657428 0 1
22 3015310 0 0
22 3017973 2 1
22 3015793 2 1
22 3530440 0 1
22 2687673 0 1
22 1291375 0 0
22 2640347 0 0
22 2992067 0 1
22 3381485 0 1
22 2615009 0 1
22 2702911 0 1
22 3015564 0 0
22 3015324 0 0
22 3368113 0 1
22 2241773 0 0
22 3218128 0 1
22 3442737 0 0
22 1184083 0 0
22 3459166 0 0
22 3590547 0 1
22 3425592 0 0
22 2008490 0 0
22 2576823 0 1
22 3748446 0 0
22 2808165 0 0
22 2803950 0 1
22 3796724 1 1
22 3691581 0 0
22 2740171 1 1
22 2820289 0 1
22 2630321 0 1
22 2546371 1 1
22 2702939 0 1
22 2546372 1 1
22 3337867 0 1
22 3355033 0 1
22 2850982 0 1
22 3460151 0 0
22 3852632 0 1
22 3629171 0 1
22 3748448 0 0
22 2124495 0 1
22 3445186 0 0
22 2124490 0 0
22 3015501 0 1
22 3015500 0 1
22 3046008 0 1
22 3349817 0 1
22 3659885 0 1
22 3016836 0 0
22 3495206 0 0
22 2051073 0 1
22 3777195 0 1
22 3324991 0 1
22 2718204 0 0
22 3038627 0 1
22 3311446 0 0
22 2447954 0 0
22 2730572 0 0
22 3611865 0 0
22 3484318 0 0
22 3323416 0 0
22 3704406 0 1
22 3804373 0 0
22 3735569 0 1
22 3860072 0 0
22 2117953 0 0
22 2213092 0 1
22 3613818 0 2
22 3669697 0 0
22 3666183 0 0
22 2184733 0 0
22 2909170 0 1
22 3574051 0 0
22 2244600 0 0
22 2783087 0 1
22 3545734 0 1
22 2442045 1 1
22 3681112 0 1
22 3611840 0 0
22 3534626 0 1
22 3015534 0 1
22 3556879 0 1
22 3015536 1 1
22 3015535 2 1
22 3196249 0 0
22 3887995 0 1
22 2412892 0 0
22 3877957 0 0
22 3596056 0 1
22 2687697 0 0
22 3004409 0 0
22 3637894 0 0
22 3352193 0 1
22 3411373 0 1
22 2783065 0 1
22 3819678 0 1
22 2795859 0 1
22 3729991 2 1
22 3788730 0 1
22 3016470 2 1
22 2777860 0 0
22 3015397 0 1
22 3637402 0 0
22 2778945 0 1
22 3032707 0 1
22 2878678 0 1
22 3635469 0 1
22 3016484 1 1
22 3598892 0 1
22 3879997 0 1
22 3469372 0 1
22 3083058 0 1
22 3179312 0 0
22 3714045 0 1
22 3808560 0 0
22 3649614 0 1
22 3085233 0 1
22 3295726 0 0
22 2783043 0 0
22 2719756 0 1
22 2740321 0 1
22 2699222 0 1
22 2740323 0 0
22 3573569 0 0
22 3819693 0 1
22 3015161 0 1
22 2385489 0 1
22 3891414 0 0
22 3094313 0 1
22 3363056 0 1
22 3234147 0 1
22 3809887 0 1
22 3714051 0 1
22 3731624 0 0
22 3083049 0 0
22 2008423 0 0
22 3787614 0 1
22 3888003 0 1
22 3030794 2 1
22 3396349 0 2
22 3133514 0 1
22 2709968 0 0
22 3016022 0 1
22 3639802 0 1
22 2644320 1 1
22 2809463 0 1
22 2834661 0 1
22 2809462 0 0
22 2726470 1 1
22 2634770 0 0
22 2656322 0 0
22 2820011 0 1
22 3476081 0 0
22 2782170 0 1
22 1044720 0 0
22 3735392 0 1
22 2990092 0 0
22 3537285 0 0
22 3539461 0 1
22 2796990 0 0
22 3015595 0 1
22 3015359 2 1
22 2843129 0 1
22 2740314 0 0
22 3542894 0 1
22 2576858 0 1
22 3542893 0 1
22 2740316 0 1
22 2192991 0 1
22 3336915 0 1
22 1403776 0 1
22 3013173 0 0
22 3482542 0 0
22 2906982 0 1
22 3097618 0 0
22 3469333 0 1
22 2726496 0 1
22 3857979 0 1
22 2613894 0 1
22 3715331 0 1
22 3267065 0 1
22 2396178 0 1
22 2584009 0 1
22 2292492 0 0
22 2766912 0 1
22 3350196 0 1
22 3225467 0 1
22 3015360 0 0
22 2385272 0 0
22 3608282 0 0
22 3015379 0 1
22 2820006 0 0
22 3680657 0 1
22 2659845 1 0
22 3599969 0 0
22 3228742 0 0
22 3729989 2 1
22 3015374 0 1
22 3852277 0 0
23 2671519 0 1
23 3463094 0 1
23 2542347 0 1
23 2911751 0 0
23 2844821 0 1
23 3342783 0 1
23 3178287 0 1
23 1174869 0 0
23 2714566 0 1
23 3674684 0 0
23 1036987 0 0
23 1297597 0 1
23 1638037 0 0
23 3322929 0 0
23 2883194 0 0
23 3355865 0 1
23 1617112 0 1
23 2707808 2 1
23 2989578 0 0
23 2810825 0 0
23 3614381 0 1
23 3306200 0 0
23 420020 0 1
23 1253764 0 0
23 3436722 1 0
23 2714573 0 1
23 2714572 0 0
23 3728154 2 1
23 3377421 0 1
23 2714570 0 1
23 2707802 2 1
23 2794498 0 0
23 2570830 0 0
23 3401823 0 1
23 3884956 2 1
23 3090107 0 0
23 3361040 0 1
23 3611086 0 0
23 3432327 0 1
23 1112595 0 1
23 2655297 0 0
23 420031 0 1
23 3075397 0 0
23 3114601 0 1
23 3030047 0 0
23 2760694 0 0
23 1036724 0 0
23 2760696 0 0
23 3001720 0 0
23 3549855 0 0
23 2222229 0 0
23 2707811 2 1
23 3765317 0 0
23 3348060 0 0
23 1187925 1 1
23 3170353 0 1
23 2799965 0 1
23 2650603 2 1
23 1065095 0 0
23 1065094 0 0
23 3021334 0 0
23 3023754 0 1
23 3789752 0 0
23 3492404 0 0
23 2726561 0 0
23 2287169 0 1
23 3040077 0 1
23 1821020 1 1
23 3074291 0 1
23 3785158 0 0
23 3491309 0 0
23 3762297 0 0
23 2920011 0 1
23 3294350 0 1
23 2448483 0 0
23 2621219 0 0
23 1483837 1 1
23 2430957 0 0
23 3463052 0 1
23 2807440 0 1
23 517721 2 1
23 3562643 0 0
23 3379870 0 1
23 3415813 0 1
23 3595976 2 1
23 2737642 0 0
23 3353641 0 0
23 3431051 0 1
23 3415810 0 0
23 2770478 0 0
23 3189145 0 1
23 3463056 1 1
23 2559826 0 0
23 2232040 0 0
23 2628087 0 1
23 2650609 1 1
23 2705822 0 1
23 2448235 0 0
23 3463040 0 1
23 3074273 0 1
23 3674474 0 1
23 2898665 0 0
23 3485098 1 1
23 3201102 0 1
23 3463044 0 0
23 2669462 0 1
23 3463042 0 1
23 3574861 0 0
23 2851579 0 1
23 3480881 0 1
23 3463046 0 1
23 3322914 0 1
23 3463073 0 0
23 3505633 0 1
23 2448269 0 0
23 3047913 1 0
23 3286775 0 1
23 3463071 0 1
23 3732623 0 1
23 2978229 0 0
23 1034981 0 0
23 3627622 0 1
23 3651148 0 0
23 3787546 2 1
23 3647233 0 0
23 3468766 0 0
23 3837720 0 0
23 3261489 0 0
23 2923795 0 1
23 3507815 0 1
23 3371937 0 0
23 3337385 0 0
23 2556761 0 0
23 3799754 0 0
23 3342739 0 1
23 3762010 0 0
23 3178279 0 1
23 2769458 0 1
23 3587910 0 1
23 3722839 0 0
23 3752469 0 1
23 3305576 0 1
23 3006383 0 0
23 3551508 0 1
23 3008329 0 1
23 2769459 0 1
23 3601021 0 0
23 3573515 0 1
23 3465000 0 0
23 3745931 0 1
23 3587908 0 1
23 3487017 0 1
23 3743142 0 0
23 3884537 0 1
23 3750914 0 0
23 2147297 0 0
23 3477652 0 0
23 3593508 0 1
23 2732159 0 0
23 2802352 1 1
23 3882596 0 1
23 2621418 0 0
23 3024890 0 0
23 3713977 0 0
23 3569401 0 0
23 137231 0 0
23 2014765 0 1
23 1459933 0 1
23 2671108 0 0
23 3214858 0 1
23 1459932 0 1
23 2244617 0 0
23 3338212 0 0
23 3792541 0 1
23 2904803 0 1
23 3521693 0 0
23 3506076 0 1
23 3069579 0 1
23 3488328 0 1
23 3363629 0 0
23 2846152 2 1
23 2533003 0 1
23 2700579 0 0
23 2944855 0 0
23 3662630 0 0
23 2700584 0 0
23 2366049 0 0
23 3420501 0 0
23 3686605 0 0
23 2769424 0 1
23 2790738 0 0
23 3695311 0 0
23 3695310 0 1
23 3381533 0 0
23 2974228 0 0
23 3161475 0 1
23 3407763 0 0
23 3443667 0 0
23 3102491 0 1
23 3336246 0 1
23 3695309 0 1
23 2797384 0 1
23 3457839 2 1
23 2928380 0 0
23 3141809 1 1
23 3475004 2 1
23 3340991 0 1
23 2894487 0 0
23 3709673 0 0
23 3781631 0 1
23 3586180 0 1
23 2769415 0 1
23 3554370 0 0
23 3004609 2 0
23 2928379 0 0
23 3265419 0 0
23 3804664 0 1
23 3599253 0 0
23 3619629 0 0
23 3616356 0 0
23 3021347 0 0
23 3644829 0 1
23 3104453 0 0
23 3686628 0 0
23 2807848 0 1
23 2699961 0 1
23 3430121 1 1
23 3362755 0 0
23 2699965 1 1
23 2607303 0 1
23 3348682 0 0
23 3731110 0 0
23 2707151 1 1
23 2957716 0 0
23 2766139 0 1
23 3104451 0 0
23 2707157 2 1
23 1177931 0 1
23 3336229 0 1
23 3488996 0 0
23 1065026 0 1
23 3488995 0 0
23 3557210 0 0
23 3723730 0 0
23 2391256 0 0
23 3213725 0 0
23 2860442 0 0
23 2732103 0 1
23 3591538 0 1
23 3788245 0 0
23 2699974 0 1
23 2732104 0 1
23 3439358 0 0
23 3790568 0 1
23 3611918 0 0
23 3651532 0 0
23 3591543 0 1
23 3856092 0 1
23 2998244 0 0
23 3766238 0 0
23 3312247 0 0
23 3371525 0 0
23 3591540 0 1
23 2699700 0 0
23 2672265 0 0
23 2712529 0 0
23 3521284 0 0
23 3213711 0 1
23 3849794 0 1
23 2048957 1 0
23 3364909 0 1
23 3162766 0 1
23 3441201 0 0
23 3858025 0 1
23 1082621 0 0
23 3660491 0 0
23 3462147 0 0
23 1065046 0 1
23 2962297 1 1
23 3066248 0 0
23 2699716 0 0
23 2699958 2 1
23 3557207 0 0
23 2699950 0 1
23 2698626 0 1
23 280706 0 1
23 3322064 0 1
23 3671146 0 0
23 2570417 0 1
23 3395974 0 0
23 3444962 0 1
23 3056200 0 0
23 1065057 0 0
23 2920694 0 0
23 3125381 0 0
23 3279540 0 1
23 3507551 0 0
23 3276037 0 1
23 3808824 1 0
23 2994134 0 0
23 1697818 1 1
23 3323105 0 0
23 3646886 0 0
23 3083353 0 0
23 2078590 0 1
23 3623763 0 1
23 3656692 0 0
23 3866701 0 0
23 1524947 1 1
23 3826012 0 1
23 3460026 0 0
23 1635565 0 0
23 3615908 0 0
23 2491596 0 0
23 3872156 0 1
23 3514081 0 0
23 2962302 2 0
23 2685370 0 1
23 2860402 0 1
23 3015430 0 0
23 3391169 0 1
23 2992187 0 1
23 3279317 0 1
23 2981052 0 0
23 28986 0 1
23 3554319 0 1
23 3047001 0 0
23 3002365 0 0
23 3292990 0 1
23 3615919 0 0
23 2949792 0 0
23 3542335 0 0
23 3615918 0 1
23 3393337 0 1
23 3486423 0 0
23 2575602 0 1
23 3276041 0 1
23 3615910 0 1
23 2259145 0 0
23 3212702 0 1
23 3492078 0 1
23 3429834 0 0
23 3429833 0 0
23 3506487 0 0
23 2740044 0 1
23 3647710 0 0
23 2860417 0 0
23 3563231 0 0
23 2231608 0 0
23 3266210 2 1
23 2850857 0 1
23 2822332 0 1
23 3762609 2 1
23 2902217 0 0
23 3097545 0 1
23 3335556 0 1
23 3726300 0 1
23 1257555 0 1
23 1139191 0 0
23 1868965 0 1
23 2632616 0 1
23 2958034 0 0
23 3678011 0 0
23 3016307 1 1
23 1037001 0 0
23 2710438 0 1
23 2939536 0 0
23 3323356 0 0
23 2629982 2 1
23 2206429 0 1
23 3342092 0 0
23 3516054 0 0
23 2246097 2 1
23 3235990 0 1
23 2850862 0 0
23 3669552 0 1
23 2850863 0 1
23 3393358 0 0
23 3299123 0 0
23 3729823 0 0
23 3299121 0 1
23 1079947 1 0
23 3283843 0 1
23 1156954 0 1
23 3012358 0 0
23 1524986 1 1
23 2990816 0 0
23 2733966 0 0
23 3842780 0 0
23 3841693 0 1
23 1386666 1 1
23 3841698 0 1
23 2530965 0 0
23 3097567 0 0
23 3099506 0 1
23 137396 0 0
23 2687595 1 1
23 3577691 0 0
23 2799065 0 1
23 2706598 0 0
23 2706597 1 1
23 3322204 0 0
23 2135496 0 0
23 2526478 0 1
23 2803899 0 1
23 3322685 0 1
23 3609679 0 1
23 2551658 0 0
23 3479064 2 1
23 2629961 2 1
23 2823015 0 0
23 2629964 0 1
23 2629967 2 1
23 1544343 0 0
23 3642471 2 1
23 3556771 0 0
23 3658209 0 0
23 2866382 0 0
23 3033073 0 0
23 1488827 1 1
23 3067043 0 1
23 3790037 0 1
23 3499903 0 0
23 3608317 0 1
23 3789280 0 1
23 3083533 0 1
23 3884115 0 1
23 2384912 0 0
23 2740244 0 0
23 3000155 0 1
23 3038529 0 0
23 2430173 0 1
23 3291454 0 0
23 1804297 0 1
23 2685145 2 0
23 3314855 0 0
23 2365393 0 0
23 3033074 0 0
23 1459268 0 0
23 3014790 0 0
23 2664474 0 0
23 3233373 0 1
23 3355351 0 1
23 2136325 0 0
23 3608325 0 0
23 3616181 0 1
23 2695191 2 0
23 2740259 0 0
23 2804728 0 1
23 3000163 0 0
23 2804726 0 1
23 3219765 0 1
23 2595892 0 0
23 2695197 2 1
23 3459251 0 0
23 2892668 0 1
23 2892667 0 1
23 2988949 0 1
23 3424175 0 1
23 3507710 0 0
23 3797567 0 0
23 2132358 0 0
23 3876596 0 1
23 3810743 0 0
23 2957592 0 1
23 3721912 0 0
23 3560387 0 0
23 3219759 2 1
23 3514008 2 1
23 2528206 1 1
23 3583268 0 1
23 3702391 0 0
23 3841497 0 0
23 3152170 0 0
23 3785346 0 1
23 3309207 0 1
23 3459660 0 1
23 3354494 0 0
23 2956251 0 0
23 3446119 0 1
23 1082005 0 0
23 1082004 0 0
23 3132339 0 0
23 3331134 0 0
23 3638626 2 1
23 2613580 0 1
23 2646603 0 0
23 3473964 0 1
23 3854316 0 1
23 3121444 0 1
23 2646604 0 0
23 3687106 0 0
23 3649746 0 1
23 2528217 0 1
23 2528214 1 1
23 3478173 2 1
23 3869834 2 1
23 3841489 0 1
23 2528218 1 0
23 3517523 0 1
23 3679720 0 1
23 3785334 0 0
23 1297626 0 1
23 3156519 0 0
23 3015048 0 1
23 3204243 0 1
23 3547392 0 0
23 2668889 0 0
23 1829162 0 1
23 3179438 0 0
23 3386665 0 1
23 2853047 0 0
23 2731520 0 0
23 1386680 0 0
23 3622014 0 0
23 2749010 0 0
23 3501192 0 0
23 2561004 0 0
23 2749011 0 0
23 3626614 0 1
23 3292343 0 1
23 1533806 0 0
23 3513175 0 1
23 2938618 0 0
23 2571096 0 0
23 2877018 0 1
23 2530989 0 0
23 2865026 1 1
23 3259550 0 0
23 2750241 0 1
23 2739483 2 1
23 1995203 0 1
23 3810756 0 1
23 2910294 0 0
23 3446142 0 0
23 3851260 0 0
23 3170633 0 1
23 2151900 0 1
23 2915987 0 0
23 2630044 0 0
23 3769085 0 0
23 2630042 0 0
23 3389947 0 0
23 3437434 0 0
23 1780052 0 1
23 3119105 0 1
23 3225311 0 1
23 1828053 0 1
23 3225312 0 0
23 3259540 0 0
23 3614649 0 0
23 3702368 0 1
23 2772260 0 0
23 3284718 0 0
23 3876310 0 1
23 2750224 0 1
23 3698053 0 1
23 3308313 0 1
23 3774647 0 1
23 3375794 0 0
23 3539342 0 1
23 3109340 2 1
23 3109347 0 0
23 3516468 0 1
23 2633327 0 1
23 3310635 0 0
23 2627712 0 0
23 3310633 0 0
23 3012194 0 1
23 3097723 0 1
23 3691645 0 1
23 3831017 0 1
23 239964 0 1
23 2831020 0 0
23 3690791 0 0
23 3219949 0 1
23 3276918 0 0
23 2803812 0 1
23 2494655 0 1
23 2448757 0 0
23 3317254 0 1
23 2891759 0 1
23 2703259 0 0
23 3015243 0 0
23 1925127 0 0
23 3224492 0 1
23 2448541 0 0
23 2633340 0 1
23 3552547 0 0
23 2939501 0 1
23 3434110 0 1
23 3274713 0 0
23 3477076 0 0
23 1297611 0 1
23 2082036 0 1
23 3485900 0 1
23 2828091 0 0
23 3050695 0 1
23 2050007 0 0
23 3124731 0 1
23 2175052 0 1
23 3830149 0 0
23 2175055 0 0
23 2846739 0 0
23 3321533 0 1
23 3553649 1 1
23 3459658 1 1
23 1481583 1 1
23 3236007 0 1
23 2769299 0 1
23 3395170 0 0
23 2866561 0 1
23 3295643 0 0
23 3615939 0 1
23 3332893 0 0
23 3728532 0 1
23 3834984 0 1
23 3598993 0 0
23 3694927 0 1
23 3388422 0 1
23 2993722 0 1
23 3019346 0 0
23 2098753 0 0
23 3321723 2 1
23 3797049 0 0
23 2958960 0 0
23 3217852 1 0
23 2804019 0 0
23 1592076 1 0
23 2930157 0 0
23 3401727 0 1
23 2684714 2 1
23 1277866 0 1
23 1034203 0 0
23 3825604 0 0
23 3079651 0 0
23 3810584 0 0
23 193681 0 1
23 3468421 0 0
23 2621130 0 0
23 3079655 0 0
23 3529905 0 0
23 3741471 0 1
23 2769394 0 1
23 2946729 0 0
23 2695619 2 1
23 3012722 0 0
23 2876771 0 1
23 3638692 0 0
23 3814935 0 0
23 1892149 0 1
23 3603106 0 1
23 3844354 0 1
23 3695240 0 1
23 3429040 0 0
23 2911409 0 0
23 3271399 0 1
23 2840573 0 1
23 3864194 0 0
23 3261112 0 1
23 3540710 0 1
23 3789899 0 0
23 1036619 0 0
23 3738093 0 0
23 3044568 0 0
23 3580134 2 1
23 3044566 0 0
23 3023867 0 1
23 2827116 0 1
23 3020354 0 1
23 2265263 0 0
23 3515513 0 0
23 3625369 0 0
23 3310618 0 0
23 2980872 0 0
23 3154170 0 1
23 3711853 0 1
23 3751064 0 1
23 2954374 0 1
23 2850177 0 0
23 3831020 0 0
23 3798112 0 0
23 3889040 0 1
23 2706609 1 1
23 2798987 0 0
23 2908671 0 0
23 2706608 2 1
23 2980637 0 0
23 2706605 1 1
23 2323005 0 0
23 3653890 2 1
23 1633737 1 1
23 2827106 0 0
23 2958958 0 0
23 3436625 0 1
23 2638603 0 0
23 1584227 0 0
23 3534263 0 0
23 3637106 0 1
23 3354864 0 1
23 3766779 0 0
23 2988177 0 1
23 3542919 0 0
23 2988175 2 1
23 3214307 0 1
23 2988179 0 1
23 2896592 0 0
23 3733814 0 1
23 2600632 0 0
23 3250002 0 0
23 2737768 0 1
23 2822957 0 0
23 3086146 0 1
23 2844744 0 0
23 2865605 0 0
23 3114546 0 1
23 3727130 0 0
23 3775210 2 1
23 3825647 0 0
23 3728222 0 0
23 3765411 0 0
23 3557179 1 0
23 2732070 0 0
23 2947622 0 1
23 3146124 0 1
23 3424876 0 2
23 3700969 0 1
23 3517969 0 1
23 3265990 0 1
23 3330899 0 0
23 3398263 0 0
23 1550411 0 0
23 3649302 0 1
23 2861010 0 1
23 2779397 0 0
23 3170646 2 1
23 2779396 0 0
23 3033840 0 1
23 3795054 2 1
23 2854726 0 1
23 3424870 0 0
23 3424871 0 1
23 3655859 0 0
23 2692114 2 1
23 3417096 0 0
23 3662156 0 1
23 3124326 0 0
23 3424868 0 1
23 3663245 0 1
23 3560563 0 0
23 3424869 0 1
23 2001148 0 0
23 2694776 0 0
23 2737542 0 0
23 1629021 0 1
23 1698484 0 1
23 1044423 0 0
23 3833481 0 0
23 2442605 0 1
23 2754087 0 1
23 3297550 0 0
23 2990464 0 1
23 3716031 0 1
23 3821270 0 0
23 2474644 0 1
23 2692120 2 1
23 1618386 0 0
23 3798302 0 0
23 2365966 0 1
23 2772988 0 1
23 3821277 0 0
23 3732753 0 0
23 3162806 0 1
23 2978117 0 1
23 2732088 0 1
23 2732089 0 1
23 2738866 0 1
23 3607919 0 0
23 2840593 0 1
23 3113200 0 0
23 3117807 0 1
23 3870642 0 1
23 3706245 0 1
23 1920530 0 1
23 2366387 0 0
23 2695207 0 1
23 3104539 0 0
23 2672327 0 0
23 3480709 0 1
23 3480708 0 1
23 2700440 0 1
23 3892041 0 0
23 3511775 2 1
23 3514802 0 0
23 169187 0 0
23 2695204 0 1
23 2827779 0 1
23 2990855 0 0
23 2876705 0 1
23 3754393 0 0
23 2876703 0 1
23 3115677 0 1
23 3325000 2 1
23 2687825 0 0
23 3672543 0 1
23 2876700 0 1
23 3781548 0 0
23 1168908 1 0
23 3747868 0 1
23 2799410 1 0
23 2876707 0 1
23 2876706 0 1
23 3298220 0 0
23 2963486 0 0
23 2700454 0 1
23 3535733 0 1
23 3821090 0 0
23 3844192 0 0
23 2672793 0 1
23 3617131 0 1
23 3422815 0 1
23 3420636 0 1
23 2672797 1 1
23 2672796 1 0
23 2695215 0 0
23 3081564 0 1
23 2628156 0 1
23 2628157 0 0
23 1036214 0 0
23 3519024 0 0
23 3549925 0 0
23 2769317 0 1
23 3519029 0 0
23 3697858 0 0
23 3372934 1 1
23 1065114 0 0
23 2140793 0 0
23 3519021 0 0
23 1976320 0 0
23 2628155 0 0
23 3359241 2 1
23 3126789 0 0
23 3022139 0 0
23 2836222 0 0
23 2206498 0 0
23 3420868 0 0
23 3609961 0 2
23 2640759 0 0
23 3015847 0 0
23 1139350 0 0
23 1277009 0 0
23 3147240 0 1
23 111183 0 1
23 2150132 0 1
23 3392316 0 1
23 3555588 0 1
23 3683440 0 1
23 3177941 0 0
23 3024567 0 1
23 1464148 0 0
23 3849624 0 1
23 3507060 0 0
23 3325013 0 0
23 3672551 0 1
23 1464140 0 1
23 1464382 0 0
23 2628138 0 0
23 3038958 0 1
23 2700479 0 0
23 3257951 1 1
23 3764164 1 1
23 3804789 0 0
23 3879024 0 0
23 3022313 0 1
23 3379594 0 1
23 3884851 2 1
23 2449052 0 0
23 3172660 0 1
23 3485125 0 1
23 3114388 0 1
23 2831838 0 1
23 3546445 0 0
23 3671015 0 0
23 3056330 0 1
23 3697409 0 1
23 2615288 0 1
23 2672118 0 1
23 2989655 0 1
23 3683229 0 0
23 3287130 0 1
23 1036896 0 0
23 3303897 0 0
23 3709374 0 0
23 3282915 2 1
23 2975260 0 1
23 2779311 0 1
23 3370314 1 1
23 2862510 0 1
23 2699821 2 1
23 3117630 0 1
23 3758738 0 0
23 2650593 0 1
23 2615032 0 0
23 2650594 1 1
23 2862516 0 1
23 3711651 2 1
23 2650592 1 1
23 3323283 0 0
23 3486437 0 1
23 3485102 0 0
23 3712742 0 0
23 3872415 0 1
23 2848004 2 1
23 2443771 0 0
23 2727906 0 1
23 2946710 0 1
23 1326214 0 1
23 1044022 0 0
23 3415060 0 0
23 3235710 0 0
23 2700432 0 1
23 3315414 0 1
23 2615269 0 1
23 2860341 0 1
23 3230021 0 1
23 3165919 1 0
23 3522482 0 0
23 1036870 0 0
23 3420418 0 0
23 2449062 0 0
23 3419427 0 1
23 2700439 0 1
23 3351956 0 1
23 3359433 0 0
23 3851743 0 0
23 2700434 0 1
23 2799007 0 0
23 2941259 0 0
23 3751090 0 0
23 1479820 0 0
23 2799006 0 0
23 3667228 0 0
23 1257451 0 0
23 1283982 0 1
23 2526540 0 1
23 3205072 0 0
23 3828790 0 0
23 3888853 0 1
23 3841534 0 1
23 1479817 1 1
23 3484592 0 1
23 1781075 0 1
23 2770831 0 0
23 3331099 0 0
23 3131766 0 0
23 3702433 0 1
23 3506107 0 0
23 2640343 0 1
23 2963520 0 1
23 3715520 0 1
23 3553107 0 0
23 3655496 0 0
23 3818738 1 1
23 3866814 0 1
23 1082197 0 0
23 2906941 0 1
23 3779187 0 1
23 3843700 0 0
23 1037147 0 0
23 3655499 0 0
23 3441877 0 0
23 3655498 0 0
23 3131755 0 1
23 3221217 0 1
23 2627222 0 1
23 2811115 0 0
23 545936 0 0
23 3299251 0 0
23 3632582 0 1
23 3747364 0 0
23 3268751 0 0
23 3438237 0 0
23 3485663 0 1
23 2276602 0 1
23 3245435 0 0
23 2965917 0 1
23 3109842 0 1
23 3859033 0 0
23 2803948 0 1
23 3733192 0 1
23 3890723 0 0
23 3890722 0 1
23 2929613 0 1
23 3890721 0 1
23 1474586 0 0
23 3808952 0 0
23 3179729 0 1
23 2995798 0 0
23 2137979 0 0
23 2808165 0 0
23 2671087 0 0
23 2997975 0 1
23 3452301 0 0
23 3555747 0 1
23 2198914 0 0
23 3410098 0 1
23 3713368 0 1
23 2526531 0 0
23 2740172 0 0
23 3481077 0 0
23 3667012 0 1
23 3681780 0 1
23 3277043 0 0
23 3557975 0 1
23 3497861 0 1
23 1949836 1 0
23 3743182 1 1
23 2939681 1 1
23 3015502 0 0
23 3746450 0 0
23 3564029 0 1
23 3863119 0 0
23 2749195 0 1
23 3159293 0 1
23 3324996 0 1
23 3735559 0 1
23 1440793 0 0
23 3735552 0 1
23 3598208 0 1
23 3670443 0 0
23 3311447 0 1
23 3133988 0 0
23 3311442 0 1
23 2809071 0 0
23 2668940 0 0
23 3447366 0 1
23 3874654 0 0
23 1351206 0 0
23 3206111 0 1
23 3556894 2 1
23 2432466 0 1
23 1036491 0 0
23 3793435 0 0
23 1657024 0 1
23 2740156 0 0
23 2741488 0 1
23 3837072 0 0
23 2948389 0 1
23 3640172 0 0
23 3279471 0 1
23 3282637 0 1
23 3468059 0 1
23 2749178 0 0
23 2943722 0 1
23 3791000 0 1
23 3580733 0 0
23 3293506 0 0
23 3623823 0 1
23 3203070 0 1
23 2803987 0 0
23 3535729 0 1
23 3621404 0 0
23 2584645 0 1
23 2876086 2 1
23 2929411 0 0
23 2930656 0 0
23 3502805 0 1
23 3590500 0 0
23 3883383 0 0
23 2822252 0 1
23 2972241 0 0
23 2844281 0 0
23 3448230 0 1
23 3425150 0 0
23 3334784 0 0
23 1269449 1 1
23 2687695 0 1
23 3203060 0 1
23 3120652 0 1
23 3259622 0 0
23 3107698 2 1
23 2803992 0 1
23 3407736 0 0
23 3507021 0 1
23 3082791 0 0
23 2632783 0 0
23 3488901 0 1
23 2783075 0 1
23 3563162 0 1
23 3290232 0 1
23 2783073 0 1
23 2891696 0 1
23 2740136 0 1
23 3131777 0 0
23 2687698 0 1
23 3522406 0 1
23 1750982 0 0
23 3205006 0 1
23 3282434 0 1
23 3614773 0 1
23 3207891 0 0
23 2827098 0 1
23 3419093 0 1
23 2868877 0 1
23 3776743 0 0
23 3177592 0 1
23 3492376 0 1
23 3177593 2 1
23 3530855 1 1
23 3582057 0 1
23 2868875 0 0
23 2536182 0 0
23 2448207 0 0
23 2923693 0 0
23 2442901 1 1
23 2688116 0 1
23 3259402 0 0
23 3365252 0 0
23 2364776 0 0
23 3192740 0 0
23 2784389 0 0
23 3343246 0 0
23 3816156 2 1
23 2783053 0 1
23 3141159 0 1
23 3651296 0 0
23 2921287 0 1
23 3141155 0 0
23 3365251 1 0
23 3279485 0 1
23 2128199 0 0
23 3299093 0 1
23 3731857 0 1
23 3387630 0 1
23 3324730 0 1
23 3034918 0 1
23 3773459 0 1
23 2740325 0 1
23 3657849 2 1
23 3845712 2 1
23 2600375 0 0
23 1208905 0 1
23 3615849 0 1
23 3537266 0 1
23 3724088 0 1
23 3092137 0 0
23 2096525 0 0
23 2259431 0 1
23 2448694 0 0
23 2808565 0 1
23 3657850 0 0
23 2829486 0 1
23 2988180 0 1
23 3109679 0 1
23 3324964 0 1
23 3085223 0 1
23 3118372 0 0
23 3378931 0 1
23 3680611 0 0
23 3062119 1 1
23 3133515 0 0
23 3482327 0 1
23 3072154 2 1
23 3074332 0 0
23 1033607 0 0
23 2726475 0 0
23 2706620 0 1
23 3663068 0 1
23 2689483 0 1
23 3410080 0 1
23 3747380 0 0
23 3698174 0 0
23 3436630 0 0
23 1087854 0 0
23 1087857 0 0
23 2270282 0 1
23 2944193 0 0
23 3846629 0 0
23 3436637 0 1
23 1044720 0 0
23 3206768 0 1
23 3542889 0 0
23 3504369 0 1
23 2941920 2 1
23 3206765 2 0
23 1043870 0 0
23 3664391 0 0
23 3206766 2 1
23 3513071 0 1
23 3633019 0 1
23 3058085 0 0
23 2876697 0 1
23 2876696 0 0
23 2803930 0 1
23 3888425 0 1
23 3436640 2 1
23 2718858 0 1
23 3296638 0 0
23 3598856 1 1
23 2965908 0 1
23 2876698 0 0
23 3395035 0 1
23 3015592 0 0
23 3537275 0 1
23 3833311 1 1
23 3853387 0 1
23 3877776 0 1
23 3425315 0 0
23 2774533 0 1
23 3632144 0 0
23 3677011 0 1
23 3519638 0 1
23 3123513 0 0
23 3654131 0 1
23 3543950 0 2
23 3003149 0 0
23 3142036 0 1
23 2949669 0 0
23 3472730 0 1
23 3588607 0 1
23 3182911 0 1
23 2551590 0 1
23 3622346 0 0
23 2958359 0 1
23 2613408 0 0
23 3248338 0 0
23 2637839 0 0
23 2803911 0 1
23 3129060 0 0
23 3063409 0 1
23 2904789 0 0
23 3193803 0 0
23 3519646 0 0
23 3845747 0 1
23 3529438 0 1
23 3598875 0 1
23 1276800 0 1
23 2892705 0 1
23 2688148 0 1
23 1276802 0 0
24 2994932 0 1
24 3614379 2 1
24 2395424 0 0
24 3200064 0 1
24 3663309 0 1
24 2783104 2 1
24 1036980 0 0
24 3809230 0 1
24 2117004 0 0
24 3418044 0 1
24 3698892 0 0
24 3850928 0 1
24 3056413 0 1
24 3249338 0 1
24 3825967 0 1
24 3512341 0 0
24 3257196 0 1
24 2794249 0 1
24 2853788 0 1
24 2646790 0 0
24 1065069 0 0
24 2682412 0 0
24 3878018 0 1
24 3809226 0 1
24 2989578 0 0
24 3148867 0 1
24 2234416 0 0
24 3341460 0 1
24 3673580 0 0
24 3693180 0 0
24 2222677 1 1
24 3751152 0 1
24 3249325 0 1
24 3356706 0 1
24 3075161 0 1
24 3259121 2 1
24 3205745 0 0
24 2726548 0 1
24 2794498 0 0
24 3413827 0 1
24 3532183 0 0
24 3389893 0 1
24 2991647 0 0
24 2657235 0 1
24 3162720 0 0
24 2895169 1 1
24 3409543 0 0
24 3711733 0 1
24 3892102 0 1
24 3711735 0 1
24 1802750 0 0
24 3675314 0 0
24 3162721 0 1
24 3711736 0 0
24 3300932 2 1
24 3835982 0 1
24 1664556 0 1
24 3406278 0 0
24 1253515 0 1
24 2646334 0 0
24 2724387 0 0
24 2799964 0 1
24 3560658 0 0
24 3025935 0 0
24 3813746 0 1
24 2727890 0 0
24 3196964 0 0
24 3418013 0 1
24 3711740 0 1
24 3252509 0 1
24 3711741 0 1
24 3435897 0 0
24 3412713 0 1
24 3785158 0 0
24 3823778 0 0
24 3488386 0 0
24 3030033 0 1
24 3596895 0 1
24 3707411 0 0
24 2266059 0 1
24 3215996 0 0
24 3215995 0 1
24 3215514 0 0
24 3353641 0 0
24 1175911 2 0
24 3168447 0 0
24 3813775 0 1
24 3858201 0 1
24 3537200 0 0
24 3096911 1 1
24 3075138 0 0
24 2657241 0 0
24 3127748 0 0
24 3674472 0 1
24 3601004 0 1
24 3674474 0 0
24 3573776 0 0
24 3136688 0 0
24 3352308 0 0
24 3352307 0 0
24 2464745 0 0
24 2683798 2 1
24 3423661 0 1
24 1891108 0 1
24 2279110 0 1
24 2673515 0 1
24 137602 0 0
24 2746589 0 0
24 1832179 0 0
24 2739847 0 1
24 2657279 0 1
24 1963326 0 0
24 2814196 0 0
24 3593338 0 1
24 1034986 0 0
24 3350117 0 1
24 3180596 0 0
24 3016176 1 1
24 3468765 0 1
24 3762006 0 1
24 3881898 0 0
24 2769450 0 0
24 2591727 0 0
24 3101356 0 0
24 1482716 0 0
24 2657261 0 0
24 3125301 0 0
24 3110293 0 0
24 3868685 0 1
24 2448492 0 1
24 1634741 1 1
24 1044537 0 0
24 3476131 0 0
24 3799750 0 0
24 3318882 0 1
24 3480865 0 1
24 3655517 1 1
24 2797112 0 0
24 2797594 0 1
24 2884448 0 0
24 2884449 0 0
24 2245957 0 0
24 2700561 0 0
24 2836365 0 0
24 3605264 0 0
24 3735519 0 0
24 2633086 0 0
24 3847353 0 1
24 2769446 0 0
24 3015946 1 1
24 3891070 0 1
24 2228383 0 1
24 3506061 0 1
24 2980930 0 1
24 3096030 0 1
24 3712886 0 0
24 3611705 0 1
24 3548701 0 0
24 3611701 0 0
24 3611703 0 1
24 2467409 0 0
24 137231 0 0
24 137237 1 0
24 3170179 2 1
24 2700572 0 0
24 3275476 0 1
24 3478973 0 0
24 3015713 0 0
24 3080591 0 0
24 3015715 0 0
24 3016809 1 1
24 3078279 0 0
24 2848339 0 0
24 3004820 0 1
24 3547865 0 0
24 3268705 0 1
24 3443655 0 0
24 137240 2 0
24 3722453 0 0
24 2700585 0 1
24 2580000 0 0
24 2700584 0 0
24 3145187 0 0
24 2366049 0 0
24 3015963 0 1
24 3846480 0 0
24 137249 0 0
24 3184109 0 1
24 2826300 0 0
24 3522331 0 0
24 3452136 0 0
24 2790738 0 0
24 3452137 0 0
24 2384707 0 0
24 3016817 0 1
24 3080584 0 1
24 2805600 0 1
24 3298329 0 1
24 3731174 0 0
24 3160386 0 0
24 2822176 1 1
24 2974221 0 1
24 3681159 0 0
24 2746305 0 0
24 3097148 0 1
24 1065004 0 1
24 3746438 0 1
24 1065003 2 1
24 3184111 0 1
24 2700595 0 1
24 2967700 0 0
24 3212899 0 0
24 3230102 0 0
24 2479851 0 0
24 3016820 0 1
24 2640888 0 0
24 2954407 0 0
24 2640409 0 1
24 3792527 0 0
24 3628129 0 0
24 2801018 0 0
24 3866073 1 1
24 3010046 0 0
24 3488540 0 0
24 2553057 0 0
24 3033147 0 1
24 2700599 0 0
24 3557640 0 0
24 3649285 0 1
24 1513525 0 0
24 3265419 0 0
24 1797062 0 0
24 3642644 0 0
24 3703722 0 1
24 3078481 0 0
24 3162978 0 1
24 3080321 0 0
24 1523371 1 1
24 2734531 1 1
24 2816793 0 1
24 3590203 1 1
24 3032247 0 1
24 2663537 0 0
24 2998016 0 0
24 3113179 0 1
24 3304638 0 1
24 3523444 1 1
24 3304637 0 1
24 3764047 0 0
24 3798294 0 0
24 2475476 0 1
24 3340972 0 0
24 2702950 1 1
24 3153853 0 0
24 2475478 0 0
24 3014821 0 1
24 3659017 0 0
24 3766232 0 0
24 2788451 0 1
24 3509386 0 1
24 3293917 0 0
24 3015908 0 0
24 3160575 0 0
24 2686420 0 0
24 2823093 0 0
24 2980723 0 1
24 3599268 0 1
24 3743336 0 1
24 3127318 0 1
24 3521286 0 0
24 3113153 0 1
24 2449196 0 0
24 2576180 0 1
24 2977531 0 0
24 3075199 0 1
24 3163854 0 1
24 3113158 0 0
24 3162763 0 1
24 3548728 0 0
24 29048 2 1
24 3501674 0 0
24 3807717 0 1
24 2533016 0 0
24 3532171 1 2
24 3835387 0 0
24 3701514 1 1
24 3685544 1 1
24 3495272 0 1
24 2448090 0 0
24 3390051 0 0
24 2478968 0 0
24 3195434 0 0
24 3369119 0 1
24 3840731 0 0
24 3033349 0 1
24 3261099 0 0
24 3304649 0 1
24 3851625 0 0
24 3872300 0 0
24 2909430 0 1
24 1513568 0 0
24 3765128 0 1
24 3806402 0 0
24 2815824 0 1
24 3552365 0 0
24 165419 0 1
24 3015426 0 0
24 3016754 0 0
24 3015425 0 1
24 2442185 0 0
24 3469072 0 1
24 2000873 0 1
24 2654860 0 1
24 3412185 0 1
24 3590402 0 0
24 2654869 0 0
24 2815823 2 1
24 3611784 0 1
24 3786838 0 0
24 2916894 0 0
24 3527158 0 1
24 3611790 0 0
24 3030805 0 1
24 3030804 0 1
24 3030803 1 1
24 2780982 0 1
24 2700619 0 0
24 2988923 0 1
24 3073788 0 1
24 3876522 0 1
24 3537198 0 1
24 1475565 0 0
24 2700613 0 0
24 3299142 1 1
24 3482069 0 1
24 3704960 0 0
24 3876524 0 1
24 2259142 0 0
24 3556944 0 1
24 3747485 0 1
24 2443053 0 0
24 3018956 0 0
24 2448982 0 0
24 2596791 0 1
24 3533629 0 1
24 3761997 0 1
24 3521404 0 1
24 3589860 0 1
24 2572586 0 1
24 3002374 0 1
24 3003221 0 1
24 3114047 0 1
24 3701680 0 1
24 2632616 0 1
24 3336885 0 1
24 3495353 0 1
24 3876542 0 1
24 3429828 0 0
24 3669317 0 0
24 2954929 0 1
24 3310280 0 0
24 3451572 0 0
24 2740294 0 0
24 3385503 0 0
24 165422 0 0
24 3750881 0 1
24 3589852 0 1
24 3533615 0 0
24 2631531 0 1
24 2728191 0 1
24 2111480 0 0
24 3818878 0 1
24 2974992 0 1
24 2702819 0 0
24 2850860 0 1
24 2871547 0 0
24 3097559 0 0
24 1569640 0 0
24 3876546 0 0
24 2423699 0 1
24 3097557 1 0
24 3336896 1 1
24 3015861 0 1
24 2803880 0 1
24 3299191 0 0
24 3558709 1 1
24 2321719 0 1
24 3830318 0 0
24 3219556 0 0
24 2903525 0 0
24 3543215 0 0
24 2892437 0 0
24 3851255 0 1
24 3097568 0 1
24 2799065 0 0
24 2766882 0 0
24 2114337 0 1
24 3557629 0 0
24 2527567 0 1
24 2288994 0 0
24 2876173 0 0
24 2628877 0 1
24 3219782 0 1
24 1564132 0 0
24 2387157 1 1
24 3722376 0 0
24 3307081 0 0
24 2266718 0 0
24 3307080 1 1
24 2423882 0 1
24 3658214 0 0
24 3015409 0 0
24 3097581 0 1
24 3864783 0 0
24 2526448 0 0
24 3248865 1 0
24 3215177 0 0
24 3487927 0 1
24 1459265 0 1
24 3658215 0 0
24 2685387 0 0
24 1459264 0 1
24 3470276 0 1
24 3016500 0 1
24 2475298 0 1
24 3492044 0 1
24 3747430 0 1
24 2516428 0 1
24 3015657 1 1
24 3016501 0 0
24 3016743 0 0
24 2647913 0 1
24 3716953 0 0
24 3451771 0 0
24 1618827 0 1
24 2804726 0 1
24 2952782 0 0
24 3649089 0 0
24 2804729 0 0
24 3407612 0 1
24 2892426 0 0
24 3129103 0 0
24 3163220 0 0
24 3619697 0 1
24 3649083 0 0
24 2490671 0 0
24 3163221 0 1
24 3751329 0 0
24 3015265 0 1
24 3502264 1 0
24 2915954 0 0
24 1784620 0 1
24 2847818 0 0
24 1553435 0 0
24 3517754 0 0
24 1082480 0 0
24 2945121 0 0
24 2578944 0 0
24 2576766 0 1
24 3638625 0 0
24 2855451 0 0
24 3016124 1 1
24 3562572 0 1
24 3604865 0 1
24 3517523 0 1
24 3679720 0 1
24 2963801 0 1
24 3335503 0 1
24 3666420 0 0
24 3740665 0 0
24 3785339 1 1
24 3015287 0 1
24 3833842 0 0
24 3691630 0 1
24 3180666 0 1
24 3502287 0 1
24 3751344 0 0
24 3678662 0 1
24 2480273 0 0
24 2761381 0 1
24 2970788 0 1
24 2749011 0 1
24 1808453 0 0
24 3132318 0 1
24 3015299 0 0
24 3307030 0 0
24 3221195 0 0
24 2630042 0 0
24 3784227 0 0
24 2783150 0 0
24 3271411 0 1
24 3863481 0 1
24 1784650 0 1
24 2569193 0 1
24 3876551 0 0
24 3015465 0 0
24 3855217 0 0
24 3504246 0 1
24 3097719 0 1
24 3427636 0 0
24 3178521 1 1
24 3589846 0 0
24 1761145 0 0
24 2636831 0 0
24 3132370 0 1
24 1475937 0 0
24 3461711 0 0
24 3516467 0 0
24 1899486 0 0
24 1939984 0 1
24 2948677 0 0
24 3137826 0 0
24 3401001 0 0
24 3445226 0 0
24 3262997 0 0
24 3107161 0 0
24 3830152 0 1
24 3874379 0 0
24 2666474 0 0
24 2259132 0 1
24 3402108 0 0
24 3015478 0 0
24 3660920 0 0
24 3517569 0 0
24 3841044 0 1
24 2588715 0 1
24 3599828 0 0
24 3053751 0 0
24 3132360 0 1
24 3132363 1 1
24 3132362 1 1
24 3132364 1 0
24 3132366 0 0
24 1033700 0 0
24 1402327 0 0
24 3401495 0 0
24 2578913 0 1
24 3671804 0 0
24 3015243 0 0
24 3018996 0 1
24 3492672 0 0
24 3018998 0 0
24 2633340 0 0
24 3199241 0 0
24 3479017 0 0
24 3479014 0 1
24 3527140 0 0
24 3516242 0 0
24 1784680 0 0
24 3463912 0 1
24 3565865 0 1
24 3205536 0 0
24 3259112 0 1
24 3072001 0 0
24 3423012 0 1
24 3517571 0 1
24 3015242 0 0
24 1297619 0 0
24 3015255 0 1
24 3552552 0 0
24 2504041 0 0
24 1687187 1 1
24 3087962 0 0
24 2683812 0 0
24 3539596 0 0
24 1082051 0 0
24 2216420 0 0
24 3468117 1 0
24 3234063 0 0
24 3271690 0 0
24 3391815 0 1
24 1297605 0 0
24 2797742 0 0
24 3291284 0 0
24 2765939 0 0
24 3286878 0 0
24 2966580 0 0
24 3043450 0 0
24 3432226 0 1
24 3470987 0 0
24 3524695 0 0
24 3470986 0 0
24 2098751 0 0
24 2840589 0 1
24 3628658 0 1
24 3500003 0 0
24 2907361 1 1
24 3526876 0 1
24 3534252 0 1
24 2374615 0 0
24 1458326 0 1
24 2911400 0 1
24 3607975 0 0
24 3732774 0 1
24 1602196 0 0
24 3391837 0 1
24 3350289 0 1
24 1948008 0 1
24 2966560 0 0
24 3868110 0 0
24 3195765 0 1
24 2449031 0 0
24 2064968 0 1
24 2734076 0 0
24 3649573 0 1
24 1584238 0 0
24 3327282 1 0
24 2361553 0 0
24 3206702 0 1
24 2798987 0 0
24 3743203 0 0
24 3287959 0 1
24 3086154 0 0
24 1971256 0 0
24 3041046 0 1
24 1781429 0 0
24 3884609 0 0
24 2528151 0 1
24 3041045 0 1
24 3734730 0 1
24 3200155 0 1
24 1044697 0 0
24 2980627 0 1
24 3285529 0 0
24 3016036 0 0
24 3860647 2 1
24 3452035 0 0
24 2784512 0 0
24 3860644 0 1
24 3822130 0 0
24 2438311 0 0
24 3111036 0 0
24 3649557 1 1
24 1764010 0 0
24 3193756 0 1
24 3492969 1 1
24 2660300 0 1
24 3259057 0 1
24 3261389 1 2
24 3016034 0 0
24 1277826 0 0
24 2667168 1 1
24 2131457 0 0
24 1914049 0 1
24 2475515 1 1
24 3845240 0 1
24 2635357 0 0
24 2908645 0 1
24 3331986 0 1
24 3649302 0 1
24 3859884 0 0
24 3572323 0 1
24 2556666 0 1
24 3173916 0 0
24 3350004 0 1
24 3182407 0 1
24 3751022 0 0
24 2827159 0 0
24 3561651 0 0
24 2672301 0 0
24 2672300 1 1
24 2479080 0 1
24 3192209 0 1
24 2360025 0 0
24 3534077 0 0
24 3833481 0 0
24 2828476 0 1
24 2784966 0 0
24 2202780 0 0
24 2827146 0 1
24 2840596 0 0
24 3552714 0 1
24 2912792 0 0
24 3112115 0 0
24 2517070 0 1
24 3728495 0 0
24 3310800 0 1
24 3512299 0 0
24 3273353 0 0
24 3444686 0 0
24 3542917 0 1
24 3112119 0 0
24 2700444 0 0
24 2263028 0 1
24 3214505 0 1
24 3015824 0 1
24 3814547 0 1
24 2767146 0 0
24 126211 0 0
24 3662739 0 0
24 3214504 0 1
24 2769322 0 1
24 3514804 0 1
24 3809198 0 0
24 2931644 0 0
24 2611979 0 1
24 3611829 0 1
24 3758511 0 0
24 2788527 0 1
24 2847135 0 0
24 3758991 0 0
24 3199939 0 1
24 3611824 0 1
24 2277435 0 1
24 3599178 1 1
24 3145084 0 1
24 3632765 0 0
24 3145085 0 0
24 1065101 0 0
24 2660584 0 1
24 3172239 0 0
24 3254871 0 0
24 2206489 1 1
24 3047885 0 1
24 3407438 0 0
24 3141709 0 0
24 3421967 0 0
24 3605399 0 0
24 1570451 0 1
24 3137452 0 0
24 3141714 0 1
24 1637237 0 0
24 2956719 0 0
24 3195329 1 1
24 3874625 0 1
24 2702879 0 1
24 1976317 0 1
24 3015846 0 1
24 2430011 0 0
24 3419875 0 0
24 2952112 0 0
24 3347250 0 1
24 3166804 0 1
24 2769305 0 0
24 3059868 0 0
24 3519039 1 1
24 3628230 0 1
24 2755135 0 0
24 2423720 0 1
24 2700475 0 0
24 2025309 0 0
24 3838509 0 0
24 2556681 0 0
24 3390374 0 0
24 3166808 0 0
24 1464384 0 0
24 2791726 0 1
24 1464381 0 0
24 2904900 0 0
24 3435936 1 1
24 3838988 0 1
24 2686960 0 1
24 2823150 0 0
24 3351997 0 1
24 1712221 1 1
24 1369001 0 0
24 3070637 0 0
24 3681292 0 1
24 2713957 0 0
24 3847034 0 0
24 3628458 0 0
24 3852629 0 1
24 3628453 0 1
24 137310 0 1
24 3140671 0 0
24 2830982 0 1
24 3652735 0 0
24 2912929 0 1
24 2640782 0 0
24 3636075 0 1
24 2859334 0 0
24 3638497 0 0
24 3891380 0 0
24 2806400 0 0
24 3609956 0 0
24 3534209 0 1
24 3301230 0 1
24 2830979 0 1
24 2911602 0 0
24 3088392 0 1
24 3813486 1 1
24 3639331 0 0
24 3015800 2 1
24 3015801 0 0
24 3847497 0 0
24 2151899 1 1
24 3423934 0 1
24 2895881 0 0
24 2694379 0 1
24 2740083 0 1
24 3826551 0 1
24 2673472 0 1
24 2732011 0 0
24 3482074 0 0
24 3407447 0 1
24 3184670 0 0
24 1569431 0 1
24 2602194 0 1
24 3024528 0 1
24 3846152 0 0
24 3607991 0 0
24 3195317 0 1
24 3381467 0 0
24 3863962 0 1
24 2503996 0 1
24 3535792 0 0
24 3851743 0 0
24 3145093 0 1
24 2799007 0 0
24 2799006 0 1
24 3298231 0 1
24 2423540 0 1
24 3015787 1 1
24 3381470 0 0
24 3015788 0 1
24 3713330 0 0
24 3861379 1 1
24 3715990 0 0
24 2376102 0 0
24 3797604 1 1
24 3439543 0 1
24 3864400 0 1
24 3819833 0 0
24 2685245 0 1
24 2776370 0 1
24 3332186 0 1
24 2813524 0 0
24 3636968 0 1
24 3015310 0 0
24 3152448 0 0
24 2447983 0 0
24 2942803 0 0
24 2447981 0 0
24 2992067 1 1
24 3206390 0 0
24 3860037 0 1
24 3860038 0 0
24 3655493 0 0
24 3860035 0 1
24 522847 0 0
24 2906941 0 0
24 3781251 0 0
24 2821393 0 0
24 3665056 0 1
24 2689852 0 1
24 1621059 0 0
24 3700479 0 1
24 3666158 0 1
24 2992056 0 0
24 3830857 0 1
24 2241773 0 0
24 2586628 0 0
24 3493049 1 0
24 3485663 0 0
24 3347651 0 1
24 2480309 0 0
24 3493056 0 0
24 3099609 0 0
24 2787188 0 0
24 3117681 0 1
24 2151863 1 1
24 3644793 0 0
24 3355033 1 1
24 2687658 0 0
24 2850982 0 1
24 3665077 0 1
24 2871668 0 0
24 3451623 0 0
24 3748633 0 1
24 3015742 1 1
24 3016834 0 0
24 3015509 0 1
24 3153340 0 1
24 3616070 0 0
24 2254639 0 1
24 3618250 0 0
24 1936994 0 1
24 2699201 0 0
24 2656969 0 0
24 3611865 0 0
24 3705742 0 0
24 3874893 0 0
24 1621098 0 0
24 1269467 0 1
24 2740154 0 1
24 3766071 0 0
24 2783097 0 1
24 2740156 0 1
24 2845142 0 0
24 3892077 0 0
24 3141355 0 0
24 2627668 0 0
24 3578668 0 1
24 1769371 0 0
24 2423510 0 1
24 2887184 1 0
24 2689860 0 0
24 2909170 0 1
24 3579987 1 1
24 2685261 0 0
24 3343253 0 1
24 2244600 0 0
24 1034063 0 0
24 2564831 0 0
24 2595300 0 0
24 2783087 0 1
24 3818566 0 0
24 2740126 0 0
24 3545734 0 0
24 2364180 0 1
24 2627413 0 0
24 2033622 0 0
24 3748403 0 1
24 3205486 0 1
24 3588206 1 1
24 2698105 0 0
24 3616064 0 1
24 3841542 0 1
24 3289492 0 0
24 2412892 0 1
24 2447964 0 0
24 3519001 0 0
24 3502811 0 0
24 3131538 0 0
24 2688594 0 1
24 3531947 0 1
24 3352193 0 1
24 3411373 0 1
24 3482332 0 0
24 2536181 0 1
24 3225401 0 1
24 2977075 2 1
24 2740109 2 1
24 3570073 0 1
24 1459124 0 0
24 3088750 0 1
24 3495893 0 0
24 1892548 0 0
24 3282448 0 1
24 2705345 0 0
24 2934582 0 1
24 3635222 0 0
24 3259401 0 0
24 1821329 0 0
24 2740116 0 0
24 3295742 1 1
24 3649620 0 1
24 2575563 0 1
24 3853105 0 1
24 2827072 1 1
24 3876498 2 1
24 3178469 0 1
24 3279489 0 0
24 3088744 0 1
24 2699222 0 0
24 2956155 0 0
24 3664371 0 0
24 3765831 0 1
24 3819693 0 1
24 1751002 0 1
24 3614757 0 0
24 3877598 1 1
24 1352359 0 1
24 3451617 0 0
24 3737155 0 0
24 1914302 0 1
24 1914304 0 0
24 2995959 0 0
24 2691510 0 0
24 3888001 1 1
24 2050150 0 0
24 3192516 0 1
24 2698143 0 1
24 2887169 0 0
24 2448216 0 0
24 2887168 1 1
24 2646742 0 0
24 3094325 0 0
24 3396109 0 1
24 3689663 0 0
24 2644320 0 1
24 2905431 0 1
24 3529420 0 0
24 2994458 0 1
24 2390853 0 0
24 2995784 0 1
24 1852285 0 0
24 2480375 0 0
24 3338082 1 1
24 2912127 0 0
24 3304078 0 1
24 2912121 0 0
24 3176465 0 0
24 2938513 0 0
24 3155120 0 0
24 2820011 0 1
24 3476081 0 0
24 3051203 0 1
24 2855525 0 1
24 2886265 0 0
24 2886267 0 0
24 3725355 0 2
24 3445101 0 0
24 3539461 0 0
24 3832226 0 0
24 2589927 0 1
24 3180713 0 0
24 3825930 0 1
24 2938504 0 0
24 1784555 0 0
24 2007999 0 0
24 2938506 0 1
24 3841163 0 0
24 3118197 0 0
24 3338091 0 0
24 2762564 0 1
24 2867990 0 0
24 2984407 0 1
24 3542893 0 0
24 2740316 0 1
24 1448205 0 0
24 1044713 0 0
24 3542897 2 1
24 2050134 0 0
24 2944189 0 1
24 3703395 0 1
24 2906982 0 0
24 3015593 0 0
24 2768097 0 0
24 3469333 0 1
24 2726496 0 1
24 3489384 0 1
24 3529446 0 0
24 3145301 0 1
24 3467391 0 1
24 3793268 0 0
24 3389850 1 1
24 3489386 0 0
24 3813711 2 1
24 3144458 0 0
24 1876232 1 1
24 3471415 0 1
24 3843570 0 1
24 3113950 0 0
24 3565987 0 1
24 3204568 0 1
24 3445129 0 0
24 3742953 0 1
24 2948339 0 1
24 3377878 0 0
24 2948337 0 0
24 2666147 0 1
24 2596461 0 0
24 2845767 0 1
24 3364108 0 1
24 3783697 0 0
24 3680657 0 1
24 3616905 0 0
24 3016221 0 0
24 3726238 0 0
25 2724376 0 0
25 3068877 0 1
25 3088001 0 1
25 2769284 0 0
25 3490471 0 0
25 2688196 0 0
25 2827499 0 0
25 3012832 0 1
25 3275864 0 1
25 3625028 0 0
25 3088008 0 1
25 3088007 0 0
25 2931126 2 1
25 3350175 0 0
25 3162702 0 1
25 3854280 0 0
25 3296568 0 1
25 420248 0 0
25 3579040 0 1
25 3526756 0 0
25 3092992 0 0
25 2769272 0 1
25 3468770 0 1
25 2771354 0 0
25 138966 0 1
25 3322924 0 0
25 3069739 0 0
25 3200050 0 1
25 3343409 0 0
25 3475065 0 0
25 3162704 0 1
25 2064853 0 1
25 2774628 0 0
25 2811919 2 1
25 2765910 0 0
25 3572648 0 1
25 2459163 0 0
25 3606768 0 0
25 3513680 0 0
25 1892021 0 0
25 3162713 2 1
25 3162712 0 0
25 3249567 0 1
25 3333608 0 0
25 3205509 0 1
25 3205504 0 0
25 3469625 0 0
25 3180366 0 0
25 1044596 0 0
25 2794498 0 0
25 3174929 0 1
25 3579036 0 1
25 2770492 0 0
25 3019008 0 0
25 3419351 0 1
25 2703212 2 0
25 2838368 0 1
25 2864213 0 0
25 2568958 0 0
25 3566196 0 0
25 3603019 0 0
25 3162719 0 1
25 2324209 0 0
25 3846883 0 1
25 3756870 0 0
25 3180151 0 1
25 3310979 0 1
25 3825948 0 0
25 3820257 0 1
25 2817660 0 0
25 2222229 0 0
25 3503657 0 1
25 2556735 2 1
25 1664556 0 1
25 1044343 0 0
25 2646334 0 1
25 2907222 0 0
25 3113998 0 1
25 2770493 0 0
25 1065090 0 0
25 2568949 0 1
25 2940087 0 1
25 1065095 0 1
25 3673360 0 1
25 3214678 0 1
25 3571539 0 1
25 3192118 0 0
25 3238463 0 0
25 3513220 0 0
25 3785158 0 0
25 3504515 0 0
25 3598830 0 0
25 1808069 0 0
25 3030031 0 0
25 3593145 0 1
25 2811943 2 1
25 2596173 0 1
25 3278935 0 0
25 3733933 0 0
25 3515898 0 0
25 3732600 0 0
25 3696274 0 0
25 3809280 0 1
25 3352311 0 0
25 3009629 0 0
25 3353641 0 0
25 3408279 0 1
25 3591379 0 0
25 1175911 0 0
25 2225997 0 0
25 3825526 0 0
25 1082445 0 0
25 2559826 0 1
25 3074289 0 1
25 2629178 0 0
25 2682455 0 1
25 2769230 0 0
25 3037085 0 0
25 3618947 0 1
25 3096912 0 1
25 3464130 0 0
25 2232037 0 0
25 3663595 0 0
25 3611075 0 1
25 3181645 0 0
25 3674472 0 1
25 3157130 0 1
25 3674474 0 1
25 3376132 0 0
25 3074272 0 0
25 3745916 0 0
25 3201586 0 1
25 3711927 0 0
25 3499491 0 0
25 3318864 0 1
25 2531024 0 1
25 3541969 0 1
25 3361242 0 2
25 3877387 0 0
25 1513152 0 0
25 3457865 0 0
25 2693562 0 1
25 2118113 0 0
25 2769463 0 1
25 3674020 0 0
25 3762009 0 1
25 2739840 0 1
25 3008798 0 0
25 3167139 0 0
25 2796009 0 1
25 3837720 0 0
25 1033658 0 0
25 3444314 0 0
25 2921136 0 0
25 2923795 0 1
25 3505640 0 1
25 3359154 0 0
25 2810606 0 0
25 3022864 0 0
25 3517627 0 0
25 3723928 0 0
25 2933597 0 0
25 3809286 0 0
25 3140921 0 0
25 3657937 0 0
25 1193553 0 0
25 2566562 2 1
25 3601021 0 0
25 2385437 0 1
25 3517620 0 0
25 3010884 0 0
25 3742424 0 0
25 3579052 0 0
25 3663371 0 0
25 3316462 0 1
25 3480865 0 0
25 2762828 0 0
25 3579686 0 1
25 3599054 0 1
25 2884448 0 1
25 2245957 0 0
25 2228383 0 1
25 3883204 0 0
25 2672445 0 0
25 3644867 0 0
25 3096030 0 1
25 3409966 0 0
25 3011103 0 1
25 3072986 0 0
25 3026849 0 0
25 3781666 0 1
25 3079137 0 1
25 3404272 0 0
25 3556561 0 1
25 2533001 0 0
25 1044194 0 1
25 137237 0 1
25 3372808 0 0
25 3580666 0 0
25 2828973 0 0
25 3522540 0 0
25 3080591 0 0
25 2769435 0 0
25 3847583 0 1
25 3796900 0 1
25 2892083 0 0
25 3127308 0 0
25 3827993 0 1
25 3848675 0 1
25 3161469 0 1
25 2467410 0 0
25 2770424 0 0
25 2686862 0 1
25 3266527 0 0
25 3441233 0 0
25 1779609 0 0
25 3297481 0 1
25 3893488 0 1
25 3580653 0 1
25 3745101 0 0
25 2366049 0 0
25 3049979 0 0
25 3508267 0 2
25 3556306 0 1
25 3012456 0 1
25 2903703 0 1
25 2769425 0 0
25 3210001 0 1
25 2637226 0 1
25 1034142 0 0
25 2931785 0 0
25 3536739 0 0
25 3160387 0 1
25 3780551 0 1
25 3274119 0 0
25 1034145 0 0
25 3564160 0 0
25 3445848 0 0
25 2903702 0 0
25 2884462 0 1
25 3263469 0 1
25 3161470 0 0
25 2531043 0 0
25 2884457 0 1
25 2700595 2 1
25 2797385 0 0
25 2531040 0 0
25 2885784 0 0
25 3767585 0 1
25 3756467 0 0
25 2999990 0 0
25 2384945 0 0
25 29099 0 1
25 3115303 0 0
25 2822189 0 1
25 3115304 0 0
25 3432784 0 0
25 3544332 0 0
25 3409952 0 0
25 3432785 0 0
25 3858691 0 1
25 2911700 2 1
25 2894489 0 2
25 2823031 0 1
25 3487213 0 1
25 2700599 0 0
25 3298793 0 1
25 1044162 0 0
25 2536546 2 1
25 3637056 0 0
25 3019028 0 0
25 2804570 0 1
25 2771966 0 1
25 3424925 0 1
25 3637053 0 0
25 3869587 0 0
25 2788446 0 1
25 2464577 0 0
25 3631515 0 1
25 2769405 0 0
25 149403 0 0
25 3138479 0 0
25 3465871 0 1
25 3219031 0 1
25 2777020 0 0
25 3056450 0 0
25 3502503 0 0
25 2966432 0 0
25 3581796 0 1
25 3014823 0 1
25 3279636 0 0
25 3787395 0 0
25 2267796 0 0
25 3775182 0 1
25 1036535 0 0
25 3267656 0 0
25 3788247 0 1
25 2872894 0 1
25 3267654 0 1
25 2366074 0 0
25 3099599 0 1
25 3176909 0 0
25 3337326 0 0
25 3522109 0 1
25 1869027 0 0
25 2798025 0 0
25 3580455 0 0
25 3743362 0 0
25 1940284 0 0
25 2531074 0 0
25 3502762 0 0
25 3020275 0 0
25 2642859 0 0
25 2910885 0 0
25 2788466 0 0
25 2672267 0 0
25 2891163 0 0
25 3218168 0 1
25 3632824 0 0
25 3603057 0 1
25 3765115 0 0
25 3697989 0 0
25 2686872 0 1
25 3765598 0 0
25 3660491 0 1
25 3334026 0 0
25 3498785 0 0
25 2805656 0 1
25 3020288 0 1
25 2805652 0 1
25 3136022 0 0
25 3488505 0 1
25 3693160 0 0
25 3159366 0 1
25 3591564 0 0
25 3817744 0 1
25 2599059 0 0
25 3851625 0 1
25 3461283 0 1
25 1065055 0 0
25 2893118 0 0
25 107839 0 0
25 1513568 0 0
25 3599047 0 1
25 3599048 0 1
25 3032252 0 1
25 3183693 0 0
25 3336698 0 0
25 1697813 0 1
25 3035030 0 1
25 3016754 0 0
25 1316875 0 1
25 3498639 0 0
25 2827811 0 0
25 3861496 0 1
25 3532759 0 1
25 3649915 0 0
25 2938678 0 0
25 3174121 0 1
25 3504280 0 1
25 2803848 0 0
25 2009685 0 0
25 2719215 0 1
25 3096433 0 1
25 2776010 0 0
25 2868350 0 1
25 3448377 0 1
25 3538055 0 1
25 3035020 0 1
25 2836994 0 1
25 3853623 0 0
25 3803125 0 0
25 2856147 0 1
25 2672275 0 0
25 3846099 0 1
25 3139355 0 1
25 2698207 0 0
25 3586121 0 0
25 2729252 0 0
25 2500027 0 1
25 1043943 0 0
25 2700619 0 0
25 3292995 0 0
25 3488609 0 0
25 3841646 0 0
25 3664085 0 0
25 3358685 0 0
25 549194 0 1
25 1564177 0 0
25 2575601 2 1
25 3299143 0 1
25 3517360 0 1
25 2780978 0 0
25 3015200 0 0
25 3551493 0 0
25 3729817 0 0
25 3876531 0 0
25 2752268 0 0
25 3866926 0 0
25 2740283 0 1
25 3349957 0 1
25 3654293 0 0
25 2971478 0 1
25 2230519 0 0
25 2892692 0 0
25 2141935 0 0
25 3334225 0 1
25 3701680 0 1
25 3673816 0 0
25 3097547 0 1
25 3830984 0 0
25 3151459 0 0
25 3672708 0 1
25 3429825 0 0
25 544951 0 0
25 3532763 0 1
25 2880019 0 1
25 3601985 0 0
25 3303750 0 1
25 3495359 0 0
25 2654630 0 0
25 2654872 0 0
25 2672291 0 0
25 3565892 0 1
25 3678019 0 1
25 3884160 0 0
25 2651130 0 0
25 2850869 0 1
25 3740609 0 0
25 3540379 0 0
25 2740058 0 0
25 3232481 0 0
25 3566748 0 0
25 3097554 0 0
25 3702522 0 0
25 3875696 0 0
25 3724137 0 0
25 3724378 0 0
25 3212924 0 0
25 3451986 0 1
25 3209994 0 0
25 3209993 2 1
25 3015863 0 0
25 3280334 0 0
25 3886754 0 0
25 3322213 0 1
25 3467090 0 0
25 3062852 0 1
25 3024332 0 0
25 3863475 0 0
25 1192807 0 0
25 3198532 0 0
25 3220037 0 0
25 3846900 0 1
25 3028941 0 0
25 3650951 0 0
25 3057029 0 0
25 3521421 0 0
25 1976090 0 0
25 3621781 0 0
25 2147654 0 1
25 2994176 0 1
25 3130357 0 1
25 2709613 2 1
25 3280326 0 0
25 3631113 0 1
25 3425299 0 1
25 2746805 0 1
25 3517392 0 0
25 2686260 0 0
25 3507127 0 0
25 3235776 0 0
25 2799065 0 1
25 3331184 0 0
25 2998524 0 0
25 3047687 0 0
25 3061777 0 0
25 3016725 0 0
25 3322205 0 1
25 3884585 0 1
25 3710154 0 0
25 3434186 0 0
25 1618807 0 1
25 3161023 0 1
25 2467454 0 0
25 3039826 0 0
25 2903515 0 1
25 3596397 0 0
25 3750818 0 0
25 3097575 2 1
25 3134943 0 1
25 3209989 0 1
25 2837649 0 0
25 37406 0 0
25 3493363 0 0
25 3012374 0 0
25 2938498 0 1
25 2729248 0 1
25 3683414 0 1
25 3683415 0 0
25 3290118 0 0
25 3499904 0 0
25 3683416 0 0
25 3499903 0 0
25 2789038 0 0
25 3528076 0 1
25 2954732 0 0
25 2699780 0 1
25 3600860 0 1
25 2740008 0 1
25 3108430 0 0
25 3294966 0 1
25 533866 0 0
25 3004513 0 1
25 3301305 0 1
25 3314858 0 1
25 2892657 0 1
25 3658215 0 0
25 2447610 0 0
25 3681230 0 0
25 2447617 2 1
25 3313763 0 1
25 2664245 0 0
25 3483324 0 0
25 3205363 0 0
25 3451777 0 0
25 2666650 0 0
25 3134918 0 1
25 3129106 0 1
25 3329083 0 0
25 3703898 2 1
25 2835685 0 0
25 3198307 0 1
25 3445095 0 1
25 2835683 0 0
25 3493372 0 1
25 3658225 0 1
25 3307077 0 0
25 3643543 0 0
25 3118210 0 0
25 3716954 0 1
25 3081343 0 0
25 2729471 0 0
25 2596500 0 0
25 3524703 0 0
25 2932941 0 0
25 3670572 0 1
25 3481392 0 1
25 3886780 0 1
25 2892426 0 0
25 2987855 0 0
25 3633984 0 0
25 3650747 0 0
25 2844392 0 0
25 3134920 0 0
25 3134927 0 0
25 3299167 0 1
25 3503594 0 0
25 3210944 0 1
25 3447204 0 0
25 3854327 0 0
25 3772266 0 0
25 2009609 0 0
25 2615777 0 0
25 3443081 0 0
25 3517758 0 0
25 3674281 0 0
25 3785341 0 1
25 3649757 0 1
25 3152174 0 0
25 2267184 0 1
25 3888331 0 0
25 3269103 0 1
25 3821406 0 0
25 3841499 0 1
25 3846942 0 0
25 3190446 0 0
25 3785344 0 1
25 3438736 0 0
25 3396215 0 0
25 1082008 0 0
25 2424119 2 1
25 3536037 0 1
25 3728542 0 1
25 3131249 0 1
25 3821409 0 1
25 1082486 0 0
25 3180639 0 0
25 3686256 0 1
25 1624848 0 0
25 2888359 0 1
25 3546099 0 1
25 3215148 0 0
25 3517525 0 0
25 3459436 0 1
25 3625557 0 1
25 3867624 0 0
25 2480060 0 0
25 3269350 0 1
25 2824935 0 1
25 3437419 0 0
25 3679720 0 1
25 3517522 0 0
25 2693828 0 1
25 2923106 0 0
25 3369968 0 0
25 3401663 0 1
25 3634245 0 0
25 2585011 0 0
25 3530752 0 1
25 3530757 0 0
25 3122985 0 1
25 3153482 0 0
25 3190470 0 1
25 3199046 0 0
25 2740203 0 1
25 2783161 0 1
25 3395141 0 0
25 3517771 0 0
25 1474624 0 0
25 3214287 0 1
25 3517535 0 1
25 2717454 0 0
25 3517532 0 0
25 3517533 0 0
25 2992570 0 1
25 3015282 0 0
25 3403857 0 0
25 3445056 0 1
25 3773105 0 1
25 3038152 0 0
25 2480047 0 0
25 3088857 0 0
25 3339080 0 1
25 3840130 0 1
25 2630042 0 0
25 2841240 0 1
25 3786647 0 0
25 3130360 0 1
25 3130361 0 1
25 3109313 0 1
25 3294757 0 0
25 3783373 0 0
25 3176170 0 0
25 3352042 0 0
25 3189474 0 1
25 3335723 0 0
25 3354464 0 1
25 3574763 0 0
25 2831203 0 1
25 1794449 0 1
25 3491121 0 0
25 3018979 0 1
25 48147 0 1
25 3087999 0 1
25 3691890 0 1
25 3737464 0 0
25 2875496 0 1
25 1469497 0 0
25 2783145 0 1
25 3269385 0 0
25 3493542 0 0
25 3603712 0 0
25 3866348 0 0
25 3276914 0 1
25 3587422 0 0
25 3678206 0 0
25 3354459 0 0
25 3395161 0 0
25 3517556 0 0
25 2822791 0 1
25 3137826 0 1
25 3657989 0 1
25 3137829 0 1
25 2851291 0 1
25 2646646 0 0
25 1180430 0 1
25 3402108 0 0
25 3222061 0 0
25 3304183 0 0
25 3715684 0 0
25 2025047 0 0
25 3305278 0 0
25 3622008 0 0
25 3682927 0 0
25 3539576 0 1
25 3395154 0 0
25 3027448 0 1
25 3205547 0 0
25 3271473 0 0
25 3451906 0 1
25 3484605 0 1
25 2479278 0 0
25 3521814 0 0
25 3858710 0 0
25 3301917 0 0
25 3018996 0 0
25 3858701 0 1
25 3363141 0 1
25 3505355 0 1
25 2772239 0 1
25 2397384 0 1
25 2923151 0 0
25 3005686 0 0
25 3272537 0 1
25 3334829 0 1
25 3480692 0 1
25 3215332 0 0
25 2247129 0 0
25 3249314 0 1
25 2948214 0 1
25 2888343 0 0
25 3132359 0 1
25 1033935 0 0
25 3018993 0 0
25 2363132 0 0
25 2176142 0 0
25 3222084 0 1
25 3363371 2 1
25 3632495 0 0
25 3307233 0 1
25 3656684 0 1
25 3721906 0 0
25 3821438 0 1
25 3479002 0 1
25 1471781 0 1
25 3072477 0 1
25 3728775 0 1
25 3728774 0 1
25 3040429 0 1
25 3658867 0 1
25 1297605 0 0
25 3310640 0 0
25 2621382 0 0
25 3015253 0 0
25 3016581 0 0
25 3291282 0 0
25 3835649 0 0
25 2773426 0 1
25 3086184 0 1
25 3172624 0 1
25 3068519 0 0
25 3172623 0 0
25 3385398 0 0
25 2267468 0 0
25 3339250 0 1
25 2098751 0 0
25 3731672 0 1
25 3591059 0 0
25 2909783 2 1
25 3500003 2 0
25 2885253 0 1
25 3499162 0 0
25 1044486 0 0
25 3500006 2 0
25 3168363 0 1
25 3350058 0 0
25 3707323 0 1
25 3024947 0 1
25 3617531 0 0
25 3020346 0 0
25 3777203 0 1
25 3777687 0 1
25 2265298 0 0
25 3430037 0 0
25 2612651 0 0
25 2990449 0 1
25 3757812 0 0
25 2991778 0 0
25 3626248 0 1
25 3867464 0 0
25 2936928 0 1
25 3524445 0 0
25 3789896 0 1
25 3833473 0 0
25 3500013 2 1
25 3795097 0 0
25 3334811 0 1
25 3226106 0 0
25 2668697 0 0
25 3721881 0 0
25 3226108 0 0
25 3338389 0 0
25 3046503 0 0
25 3173977 0 0
25 3337295 0 1
25 3126708 0 0
25 3337292 0 0
25 3775236 0 0
25 3848943 0 0
25 3087258 0 1
25 3296419 0 1
25 3214569 0 1
25 2214959 0 0
25 3327046 0 0
25 3844346 0 0
25 3350272 0 0
25 1379660 0 0
25 3296424 0 1
25 3452091 0 1
25 3462901 0 0
25 3019363 0 1
25 3327280 0 0
25 2798987 0 1
25 3391848 0 1
25 3391847 0 0
25 3226117 0 0
25 3597853 0 0
25 2518379 2 1
25 2735162 0 0
25 3517709 0 0
25 2375967 2 1
25 3423725 0 0
25 3361158 0 1
25 3087249 0 0
25 3087248 0 1
25 3127805 0 0
25 3470992 0 0
25 2955698 0 0
25 2880806 0 0
25 2908667 0 1
25 3848939 0 0
25 3333701 0 0
25 3513100 0 1
25 2385755 0 0
25 2385997 0 1
25 3136986 0 0
25 3231948 0 0
25 3411502 0 1
25 3696104 0 0
25 2638603 0 0
25 3110132 0 0
25 3570325 0 1
25 3526886 0 0
25 2592747 0 0
25 3001857 0 0
25 3654508 0 0
25 3702088 0 1
25 3168397 0 0
25 3721662 0 0
25 3015189 0 1
25 3856149 0 0
25 3636482 0 0
25 3401762 0 0
25 3181779 0 0
25 1318453 0 0
25 2769363 0 1
25 3329897 0 1
25 3375156 0 1
25 3624012 0 0
25 2936738 0 1
25 3429097 0 0
25 3513595 0 0
25 3647378 0 1
25 3744717 0 0
25 3410249 0 1
25 3822137 0 0
25 1033557 0 0
25 3435947 0 0
25 2293963 0 1
25 2660300 0 1
25 3744712 0 0
25 3033850 0 0
25 2669599 0 0
25 3173905 0 0
25 3542926 0 1
25 3878578 0 1
25 3663235 0 1
25 2586017 0 0
25 1838823 0 1
25 3146127 0 0
25 2769357 0 1
25 3230647 0 0
25 2222592 0 1
25 3717585 0 1
25 3808058 0 1
25 3284262 0 0
25 2936728 0 1
25 3117824 0 0
25 3326366 0 0
25 3871955 0 0
25 2683436 0 0
25 3600275 0 0
25 3607936 0 1
25 1036812 0 0
25 3114312 0 1
25 3433777 0 0
25 3091350 0 0
25 3227238 0 1
25 2779396 0 0
25 3273374 0 0
25 3093771 0 0
25 3766511 0 1
25 2685854 0 0
25 2651849 0 0
25 2947649 0 0
25 3722701 0 0
25 3020311 0 0
25 3337491 0 1
25 3420028 0 0
25 2745137 0 0
25 3716027 0 0
25 2773603 0 0
25 3103669 0 0
25 2517085 2 2
25 3110166 0 0
25 3623387 0 0
25 3591038 0 0
25 3161953 0 0
25 2517084 0 1
25 2745138 0 0
25 1977601 0 0
25 2922341 0 0
25 3833481 0 0
25 3858782 0 1
25 2981764 0 1
25 3542904 0 1
25 3093788 0 0
25 3400421 0 1
25 1481505 0 0
25 3123003 0 2
25 3470955 0 0
25 1716191 0 0
25 3517748 0 0
25 3787892 0 1
25 3878360 0 0
25 3004088 0 1
25 3360024 0 1
25 2837183 0 2
25 3065430 0 1
25 3624001 0 1
25 3764319 0 1
25 545051 0 0
25 3591047 0 1
25 3624002 0 0
25 3847888 0 0
25 2874335 0 1
25 2840592 0 1
25 1781460 0 0
25 3072193 0 1
25 3414810 0 0
25 3517742 0 0
25 2385553 0 0
25 3150839 0 1
25 3529716 0 1
25 2556642 0 0
25 3879218 0 1
25 3489798 2 1
25 3653219 0 0
25 3707334 0 0
25 3858775 0 1
25 2798564 0 0
25 3214507 0 1
25 3214749 0 1
25 3103444 0 0
25 3893370 0 0
25 3658236 0 2
25 3766144 0 1
25 3139880 0 0
25 3420645 0 0
25 3214503 0 1
25 3047890 0 1
25 3408511 0 1
25 3141720 0 0
25 2605049 0 0
25 3840843 0 1
25 2630936 0 0
25 3050831 0 0
25 3555591 0 1
25 3427038 0 0
25 3724982 0 1
25 3145084 0 0
25 2630937 0 0
25 3298221 0 1
25 2700689 0 0
25 3477529 0 0
25 3177920 0 0
25 3576040 0 0
25 3813689 0 1
25 3377381 0 1
25 2206487 0 0
25 3278869 0 1
25 3012328 0 0
25 3452005 0 0
25 3081563 0 0
25 3883335 0 0
25 2990839 0 0
25 2956719 0 0
25 3841921 0 1
25 3313019 0 1
25 3058320 0 1
25 3784800 0 0
25 2875849 0 1
25 3317851 0 0
25 3783713 0 1
25 2206250 0 1
25 3342800 0 0
25 3476223 0 0
25 2001583 0 0
25 3046346 0 0
25 3499307 0 0
25 3621842 0 1
25 3658250 0 0
25 2823148 0 1
25 137370 2 0
25 2874304 0 0
25 2823146 0 1
25 3298206 0 0
25 3767218 0 1
25 3228382 0 0
25 2759508 0 0
25 3746782 0 1
25 3021299 0 0
25 3104543 0 1
25 3542271 0 0
25 3792648 0 0
25 2135151 0 0
25 3780660 0 0
25 3114338 0 0
25 3301057 0 0
25 2136000 0 0
25 3201889 0 0
25 1139123 0 1
25 2876710 0 0
25 3329849 0 0
25 3469922 0 1
25 2964559 0 0
25 3486003 0 1
25 543470 0 0
25 2045103 0 1
25 3704936 0 1
25 3315648 0 1
25 2335288 0 0
25 3284098 0 0
25 3775059 0 0
25 3228391 0 1
25 3270922 0 1
25 2954558 0 0
25 3641437 0 0
25 3223943 0 0
25 2791737 0 0
25 3162861 0 0
25 2136078 0 0
25 2868039 0 1
25 3487309 0 1
25 2912921 0 0
25 2385701 0 0
25 3671015 0 0
25 2647160 0 0
25 2647167 0 0
25 3519051 0 0
25 2592775 0 0
25 3026928 2 1
25 3519054 0 1
25 2270829 0 0
25 3229010 0 0
25 3536625 0 0
25 3560757 0 0
25 3047844 0 1
25 3317813 0 0
25 3023897 0 0
25 3790688 0 0
25 2881008 0 0
25 3582520 0 1
25 2615283 0 0
25 2786154 0 1
25 2631830 0 0
25 2911602 0 1
25 3591424 0 0
25 3628464 0 0
25 3488881 0 0
25 3628462 0 0
25 3652507 0 1
25 1475249 0 0
25 3298257 0 1
25 2615033 0 0
25 1550819 0 0
25 2884306 0 1
25 3437061 0 0
25 3880031 0 0
25 3860468 0 0
25 2581654 0 0
25 3420429 0 0
25 3490930 0 1
25 3687619 0 1
25 2151894 2 1
25 2740083 0 0
25 3014709 0 1
25 1363725 0 0
25 3468804 0 0
25 2672140 0 1
25 2687607 0 1
25 3766325 0 1
25 3519078 0 2
25 3851992 0 0
25 3182011 0 0
25 1326205 0 1
25 2882352 0 0
25 3047867 0 1
25 3637146 0 1
25 2771810 0 0
25 2599175 0 0
25 3108944 0 0
25 3845064 0 1
25 3420418 0 0
25 3758966 0 0
25 3407696 0 0
25 2592300 0 0
25 3080649 0 0
25 3482085 0 1
25 3395851 0 1
25 1973079 0 1
25 2700677 0 0
25 2799007 0 0
25 3841707 0 0
25 2799006 0 2
25 2664781 0 0
25 3277484 0 0
25 3608012 0 0
25 2777229 0 1
25 3590516 0 0
25 2678702 0 0
25 2952611 0 1
25 3864401 0 1
25 3407707 0 1
25 3654159 0 1
25 2576808 0 0
25 3680202 0 0
25 2845354 0 1
25 1257456 0 0
25 2686332 0 0
25 3461473 0 0
25 1564285 0 0
25 2854085 0 0
25 3599584 0 1
25 2640105 0 0
25 3104365 0 1
25 3446080 0 0
25 3655010 0 0
25 3212831 0 1
25 3654161 0 0
25 3115283 0 0
25 3172076 0 0
25 3849005 0 0
25 2630300 0 1
25 2595554 0 1
25 3517487 0 1
25 2988808 0 1
25 3026674 0 0
25 2949674 0 1
25 3168813 0 1
25 3044092 0 1
25 3441877 0 1
25 481084 0 0
25 1474598 0 1
25 2992064 0 0
25 3700483 0 0
25 1475689 0 1
25 2987957 0 0
25 3806786 0 0
25 3790196 0 0
25 2880141 0 0
25 3606293 0 0
25 3828778 0 0
25 3355043 0 1
25 3883189 0 0
25 2914369 0 1
25 3512802 0 1
25 3635618 0 0
25 3877509 0 2
25 3460160 0 0
25 3631254 0 0
25 3313444 0 0
25 2515421 0 1
25 2780609 0 0
25 3099602 0 1
25 2917402 0 1
25 3750524 0 1
25 3748686 0 1
25 3877750 0 1
25 3587797 0 0
25 3585379 0 1
25 3117681 0 0
25 3451697 0 0
25 2803957 0 0
25 3665070 0 0
25 3460159 0 1
25 3567954 0 0
25 3867956 0 1
25 3465849 0 1
25 3141530 0 0
25 3331087 0 0
25 3224500 0 0
25 2687896 0 1
25 3483499 0 1
25 3815000 2 1
25 2322920 0 0
25 3198655 0 0
25 2964642 0 0
25 3722008 0 0
25 3198659 0 1
25 3854647 0 0
25 3766066 0 0
25 1993956 0 0
25 3084519 0 0
25 3860083 2 1
25 2887194 0 0
25 2709971 0 0
25 3464707 0 0
25 3547930 0 0
25 3084516 0 0
25 1139015 0 1
25 3520695 0 1
25 3235880 0 1
25 3707921 0 0
25 2809071 0 0
25 2887195 0 1
25 3486974 0 1
25 2817937 0 0
25 3235897 0 0
25 3528167 0 0
25 3726859 0 0
25 2432466 0 0
25 3409936 0 1
25 3661975 0 0
25 3257427 0 0
25 1414023 2 1
25 3672610 0 1
25 3892077 0 1
25 3141355 0 0
25 2518700 0 0
25 3659899 0 0
25 3704402 0 0
25 2887185 0 1
25 3187752 0 0
25 3115290 0 0
25 3205495 0 1
25 3257215 0 0
25 3257457 0 0
25 3701368 0 0
25 3690068 0 0
25 3855955 0 1
25 3556865 0 1
25 3620554 0 1
25 2740362 0 1
25 3690066 0 1
25 2803987 0 0
25 3198672 0 0
25 3347854 0 0
25 3827002 0 0
25 3144608 0 1
25 3713559 0 1
25 3584090 0 0
25 3318096 0 0
25 3590503 0 1
25 3671311 0 1
25 3038405 0 0
25 2844281 0 0
25 3611601 0 0
25 3164420 0 1
25 3371498 0 1
25 2443378 0 1
25 3855950 0 1
25 3748403 0 1
25 3700028 0 0
25 2900109 0 1
25 1081910 0 0
25 3108304 0 0
25 3866834 0 1
25 3438443 0 0
25 3485871 0 0
25 3519002 0 0
25 2827708 0 0
25 3544655 0 0
25 3671784 0 0
25 3629133 0 0
25 3873359 0 1
25 2838839 0 1
25 3815044 0 1
25 529263 0 1
25 3445144 0 1
25 3445143 0 0
25 2995984 0 0
25 3858805 0 1
25 2526386 0 1
25 3461628 0 0
25 3752771 0 1
25 3106393 0 1
25 2677452 0 0
25 3002077 0 0
25 3462727 0 1
25 3599979 0 1
25 3565964 0 0
25 3653222 0 0
25 3132699 0 1
25 2689449 0 1
25 3726245 0 1
25 3142495 0 1
25 3622390 0 1
25 3559032 0 1
25 3856620 0 0
25 2727116 0 0
25 3693903 0 1
25 3531931 0 1
25 3632198 0 0
25 3835934 0 0
25 2074374 0 0
25 2526396 0 0
25 3413541 0 0
25 1915613 0 1
25 2783055 0 0
25 1082593 0 0
25 1977097 0 0
25 3438866 0 0
25 2007551 0 0
25 2350132 0 0
25 2691529 0 0
25 3724073 0 0
25 2944142 0 0
25 3141156 0 0
25 3853107 0 0
25 3021828 0 1
25 2385692 0 0
25 2785829 0 1
25 3093212 0 1
25 3311870 0 0
25 3635693 0 0
25 3277068 0 1
25 2691506 0 0
25 3179312 0 0
25 3249871 0 0
25 3345873 0 0
25 3548361 0 1
25 2480391 0 0
25 3472541 0 1
25 3336929 0 0
25 3463834 0 1
25 3249876 0 1
25 3336925 0 0
25 3654335 0 1
25 2350145 0 0
25 2921050 0 1
25 3815092 0 0
25 3819693 0 1
25 3891415 0 0
25 3332324 0 0
25 3261965 0 0
25 2669601 0 0
25 2808564 0 0
25 2142073 0 0
25 2927606 0 1
25 3530860 0 0
25 3632176 0 1
25 3192522 0 1
25 2782189 0 1
25 2007578 0 0
25 3040593 0 0
25 3530868 0 0
25 3675268 0 2
25 1414004 2 1
25 3378939 0 1
25 3529636 0 0
25 3093235 0 1
25 3096504 0 0
25 3277072 0 1
25 3445178 0 1
25 2480139 0 0
25 3145562 0 0
25 3338082 0 0
25 3809434 0 1
25 3275944 0 0
25 1262688 0 0
25 3275945 0 0
25 1977908 0 1
25 3847957 0 1
25 2964805 0 1
25 3541556 0 1
25 2847730 0 0
25 3854480 0 0
25 3445107 0 1
25 3132018 0 0
25 2775881 0 1
25 3657868 0 0
25 2259255 0 0
25 3669617 0 0
25 2694604 0 1
25 3713382 0 1
25 2480146 0 1
25 2938505 0 1
25 3542890 0 1
25 2845789 0 1
25 2938500 0 0
25 2131177 0 0
25 1784558 0 0
25 3190516 0 1
25 3517442 0 0
25 3846857 0 0
25 3825937 0 0
25 3887575 0 1
25 3541566 0 0
25 3317371 0 0
25 2995772 0 0
25 3318220 0 0
25 3800611 0 1
25 2671939 0 0
25 2948305 0 1
25 3074312 0 0
25 3513082 0 0
25 3018633 0 1
25 3101765 0 0
25 3368715 0 0
25 3428826 0 1
25 3016695 0 0
25 3798714 0 0
25 2726499 0 0
25 2747390 0 1
25 3714000 0 1
25 3798715 0 0
25 3101767 0 1
25 3134893 0 0
25 3516123 0 0
25 1082184 0 0
25 3008831 0 1
25 3311869 0 0
25 2613898 0 0
25 3621241 0 1
25 3489389 0 1
25 374371 0 1
25 2961515 0 0
25 3377878 0 1
25 3726468 0 0
25 3469334 0 0
25 2429901 0 0
25 3135508 0 1
25 2584014 0 0
25 2775851 0 0
25 2706413 0 1
25 3154489 0 0
25 3667455 0 1
25 2888216 0 0
25 2938525 0 0
25 3809444 0 1
25 3084573 0 0
25 2846852 0 0
25 3006425 0 1
25 2819256 2 0
25 2656338 0 0
25 3437511 0 0
25 2656337 0 0
25 3514199 0 0
25 2206502 0 1
25 3717529 0 1
25 2810440 0 0
25 3318243 0 1
25 3507669 0 1
26 3189181 0 0
26 3585968 0 1
26 3363003 0 1
26 3687514 0 0
26 3023723 0 0
26 3216645 0 1
26 3659284 2 1
26 3135563 0 1
26 3135562 2 1
26 1036502 0 0
26 2830429 0 0
26 3033534 0 0
26 3353682 0 0
26 3526756 0 0
26 2702348 0 1
26 2667258 0 0
26 3708774 0 0
26 3468770 0 0
26 1317031 0 0
26 3659291 0 0
26 2671500 0 0
26 2633011 0 1
26 3111365 0 0
26 3651334 0 0
26 3053394 0 0
26 1568098 0 0
26 2570831 0 0
26 3226229 0 0
26 2794498 0 0
26 1950208 0 0
26 2804591 0 0
26 3832238 0 0
26 3227563 0 0
26 3503652 0 0
26 3275842 0 0
26 1617124 0 0
26 3146439 0 1
26 3733755 0 0
26 2910681 0 0
26 2761784 0 0
26 101408 2 1
26 1802755 0 0
26 1821033 0 1
26 2761781 0 0
26 3409543 0 0
26 3433223 0 1
26 2713259 0 0
26 1388225 0 1
26 1821035 0 0
26 1526420 0 0
26 3763375 0 0
26 3854261 0 1
26 3018393 0 1
26 1664556 0 1
26 1941736 2 1
26 1434483 0 0
26 2128587 0 0
26 3688852 0 1
26 3086034 0 0
26 2728505 0 1
26 2947715 0 0
26 3558335 0 0
26 1434477 0 1
26 3226241 0 0
26 3285650 0 1
26 2781133 0 0
26 1851720 0 0
26 2761773 0 0
26 2362777 0 0
26 1851722 0 0
26 3350381 0 1
26 3848815 0 0
26 2761778 0 0
26 2891814 0 0
26 3893421 0 1
26 2891813 2 1
26 3557244 0 0
26 1187919 0 0
26 2346460 0 0
26 3350389 2 0
26 2832640 0 0
26 3224070 0 1
26 3636121 0 1
26 3663347 0 0
26 3618938 0 1
26 2829474 0 1
26 1890276 0 0
26 1592150 0 0
26 3826618 0 1
26 2639824 0 2
26 3356917 0 1
26 3127745 0 0
26 3637441 0 0
26 3479869 0 1
26 2725895 0 1
26 2821757 0 0
26 3127748 0 0
26 3583333 0 1
26 3479866 0 1
26 3453493 2 0
26 3651131 0 0
26 3539612 0 0
26 1082436 0 0
26 3271070 0 0
26 545196 2 1
26 3665546 0 0
26 111499 0 1
26 2697927 0 0
26 2988037 0 1
26 2865502 0 1
26 3814406 0 0
26 1241328 0 0
26 2442721 2 1
26 3271049 0 1
26 166171 0 1
26 3196926 0 0
26 2385685 0 0
26 2779263 0 1
26 2621421 2 1
26 3020683 0 0
26 3552837 0 1
26 3628967 0 0
26 3539874 0 0
26 3596618 0 1
26 3517620 0 0
26 3848616 0 0
26 3464154 0 0
26 3720022 0 0
26 3723538 0 0
26 3878095 0 1
26 2710369 0 0
26 3544341 0 0
26 3849531 0 1
26 3519135 0 0
26 2933701 0 1
26 3183005 0 1
26 3445823 0 0
26 3274376 0 0
26 2147058 0 0
26 3263249 0 0
26 2631901 0 0
26 2702749 0 1
26 2071305 0 0
26 3371952 0 0
26 1079879 0 0
26 1240068 0 1
26 1397805 0 1
26 3322088 0 0
26 2636123 0 0
26 1592341 0 0
26 3730074 0 0
26 2708298 0 0
26 2779471 0 1
26 1637354 0 0
26 3628145 0 0
26 1779609 0 0
26 3315550 0 0
26 3548719 0 0
26 3836463 0 1
26 3338214 0 0
26 1831717 0 0
26 3342920 0 1
26 2918568 0 0
26 2959075 0 1
26 2945945 0 0
26 3101166 0 1
26 2837674 0 0
26 3340989 0 0
26 3438072 0 1
26 2826300 0 0
26 1440294 0 1
26 2135043 0 0
26 3849759 0 0
26 2008098 0 0
26 2662423 2 1
26 3850502 0 1
26 3871005 0 0
26 2640403 0 1
26 3529193 0 0
26 2636143 0 0
26 3710253 0 1
26 3479844 0 1
26 3735545 0 0
26 3224901 0 1
26 2384946 0 0
26 2254426 0 0
26 2653942 0 1
26 3065193 0 1
26 2684420 0 0
26 1637373 0 0
26 3033147 0 1
26 478616 0 0
26 3263239 0 1
26 3371744 0 0
26 3806841 0 1
26 1820604 0 2
26 3390266 0 0
26 2640899 0 0
26 1871595 0 0
26 3401805 0 0
26 1523374 0 0
26 1637148 0 0
26 2128577 0 0
26 3719243 2 1
26 1513587 0 1
26 2391256 0 0
26 3581554 2 1
26 3358243 0 0
26 2821918 2 1
26 3789574 0 0
26 3659017 0 0
26 3765384 0 0
26 3358242 0 1
26 2957963 0 1
26 3322041 0 1
26 3489857 0 1
26 3602177 0 0
26 3267656 0 0
26 2008285 0 0
26 3893441 0 1
26 3852732 0 0
26 3701530 0 1
26 3170143 2 1
26 3581545 0 0
26 3664613 0 0
26 3685552 0 0
26 535531 0 1
26 2725840 0 1
26 2675534 0 0
26 3364913 0 0
26 3140529 0 1
26 3163847 0 0
26 2712525 0 0
26 3632824 0 0
26 3693172 0 1
26 1523354 0 0
26 3186736 0 1
26 2817864 0 1
26 3119932 0 1
26 3766208 0 0
26 2127226 0 0
26 3766209 0 0
26 1325238 0 1
26 2901954 0 0
26 1373639 0 1
26 2788233 0 1
26 3581530 2 1
26 2734780 0 0
26 1488893 0 1
26 3548733 0 1
26 1036755 0 0
26 2607535 0 1
26 2851511 0 1
26 2700798 0 0
26 3428010 0 0
26 2873527 0 0
26 3359319 0 1
26 2908102 0 1
26 3125381 0 0
26 3472247 0 1
26 2962782 0 0
26 1891728 0 1
26 3059481 0 0
26 3374819 0 0
26 2713913 0 0
26 3472241 0 1
26 2674465 0 1
26 2500039 0 1
26 3678009 0 0
26 3545834 0 0
26 3859170 0 0
26 2654869 0 0
26 2776010 0 0
26 1804270 0 1
26 3485327 0 1
26 3726763 0 1
26 3470298 0 0
26 2857232 0 0
26 1475560 0 0
26 2000886 0 1
26 2024839 0 0
26 2377328 0 0
26 2480222 0 2
26 3630054 0 0
26 3002365 0 0
26 2922091 0 1
26 3516278 0 1
26 3294930 2 1
26 3447297 0 0
26 3631149 0 0
26 3336881 0 1
26 3658896 0 0
26 3175476 0 0
26 3735499 0 0
26 3762848 0 0
26 2180261 0 0
26 2732453 0 0
26 2774292 0 0
26 2774293 0 0
26 3877868 0 1
26 3338820 0 0
26 3472257 0 1
26 3496686 0 0
26 3511849 0 1
26 3642015 0 1
26 2169253 2 1
26 2857257 0 1
26 3128698 0 0
26 3120733 0 0
26 2500040 2 1
26 2734625 0 0
26 3120730 0 1
26 3472252 0 1
26 3830506 0 1
26 3141409 0 0
26 2022676 0 0
26 3002144 2 1
26 3485554 0 1
26 3538061 0 0
26 2140854 0 0
26 2974751 0 1
26 2734860 0 0
26 3877878 2 1
26 1839104 0 0
26 3507117 0 0
26 3173476 0 0
26 3151285 0 1
26 2920706 0 0
26 3866504 0 1
26 2632633 2 0
26 1913528 0 0
26 2603100 0 1
26 2903525 0 0
26 3216287 0 1
26 2892437 0 0
26 3404114 0 0
26 2817803 0 0
26 3071332 0 1
26 2963200 0 1
26 3577450 0 0
26 1971871 0 0
26 2799065 0 0
26 1327715 0 0
26 149387 0 1
26 2726180 0 1
26 2613143 0 0
26 2998527 0 1
26 149385 0 1
26 3081123 0 0
26 3541045 0 0
26 3865641 0 1
26 3716936 0 0
26 2180252 0 0
26 3673823 2 1
26 3375727 0 1
26 3059459 0 0
26 3671406 0 0
26 3702342 0 0
26 2267805 0 1
26 2479648 0 0
26 2024829 0 0
26 2453297 0 1
26 3849150 0 1
26 3121610 0 0
26 2679736 0 0
26 3499904 0 0
26 2020469 0 0
26 3534517 0 0
26 2020466 2 1
26 3519599 0 1
26 3545855 0 1
26 3215177 0 0
26 3872377 0 0
26 2658808 0 1
26 3782656 0 0
26 3546948 0 1
26 2216010 0 1
26 3480058 0 1
26 3726500 0 0
26 3748521 0 0
26 2267813 0 0
26 3323316 0 1
26 3291437 0 1
26 2488354 0 0
26 3375742 0 1
26 3671420 0 0
26 2515332 0 1
26 3650747 0 0
26 3573078 0 1
26 3468384 0 1
26 2808214 0 0
26 3810741 0 1
26 2823607 0 1
26 3581086 0 0
26 3640949 0 0
26 2604877 0 1
26 3294539 2 1
26 514494 0 0
26 2480051 0 1
26 3416703 0 1
26 3477095 0 0
26 1470048 0 0
26 2604870 0 0
26 2604876 0 1
26 3013084 0 1
26 3017684 0 0
26 3329060 0 0
26 3246692 0 0
26 1262759 0 1
26 2845865 0 1
26 2845866 0 1
26 3603987 0 0
26 3309675 0 1
26 2716359 2 1
26 3626641 0 0
26 3517760 0 0
26 2914639 0 0
26 3507725 0 1
26 3740665 0 0
26 3849196 0 1
26 3064892 2 0
26 3121652 0 0
26 3044847 0 1
26 3260300 0 0
26 3528433 0 0
26 3121651 2 1
26 3517538 0 0
26 3121654 0 1
26 2699345 0 1
26 3032617 0 0
26 3329036 2 1
26 3219736 0 0
26 2740687 0 0
26 3888596 0 0
26 3480010 0 0
26 3517771 0 0
26 3888598 0 0
26 1553454 0 0
26 3888591 0 0
26 3651186 0 0
26 3318174 0 0
26 3878558 0 1
26 549582 0 1
26 2993655 0 0
26 3610286 0 1
26 3832522 0 1
26 2405803 0 1
26 2668879 0 0
26 516443 0 1
26 2480047 0 1
26 3123603 0 0
26 3123602 0 1
26 3123601 2 1
26 3161917 0 0
26 3583475 0 0
26 3649728 0 1
26 2654479 0 0
26 3480021 0 0
26 3786641 0 0
26 3599886 0 0
26 3598551 0 0
26 2259366 0 1
26 2062481 0 0
26 2888569 0 1
26 3320432 0 0
26 3712165 0 0
26 3083397 0 1
26 2972306 0 1
26 1802737 0 0
26 2881936 0 1
26 1193983 0 1
26 1249588 0 1
26 3330009 0 1
26 3094453 0 1
26 2140183 0 1
26 3520734 0 1
26 3831259 0 1
26 3507524 0 1
26 3402108 0 0
26 3666229 0 1
26 2479038 0 1
26 3480480 0 0
26 3621394 0 1
26 3379929 0 1
26 3831254 0 1
26 2759288 0 0
26 2743706 0 1
26 3480003 0 1
26 3751307 0 0
26 2707618 0 0
26 3015243 0 0
26 3692523 0 0
26 2135648 0 0
26 1190209 2 1
26 3004592 0 0
26 3341355 0 1
26 2082038 0 0
26 3313928 0 0
26 1533840 0 0
26 2762439 0 1
26 3310651 0 0
26 2621393 2 0
26 1519545 0 0
26 2725038 0 0
26 3306380 0 1
26 3366880 0 1
26 1518694 0 0
26 2881943 0 0
26 1351186 0 0
26 3307479 0 0
26 2760240 0 1
26 2224032 0 0
26 3062442 2 1
26 3519522 0 1
26 3519521 0 0
26 1533839 2 1
26 1784690 0 0
26 2881939 0 0
26 3723080 0 1
26 2949773 0 0
26 2949771 0 1
26 3094245 0 0
26 3520749 0 0
26 3598754 0 1
26 3310640 0 0
26 3263836 0 0
26 3687872 0 1
26 1562429 0 1
26 3215676 0 1
26 2098751 0 0
26 1892136 0 0
26 3546008 0 0
26 3593478 0 0
26 2980896 0 0
26 2851002 0 0
26 3593474 0 0
26 1140959 0 1
26 3314185 0 1
26 3665850 0 1
26 3286401 0 1
26 3464293 0 1
26 2658892 0 1
26 3470975 0 0
26 2993958 2 1
26 2982829 0 0
26 3712933 0 0
26 3848715 0 0
26 3481657 0 1
26 2644264 0 1
26 2529470 0 0
26 2375955 0 0
26 2671419 0 2
26 3283585 0 0
26 2671417 0 1
26 2781026 0 1
26 2589577 0 1
26 3791961 0 0
26 3775236 0 0
26 3193585 0 0
26 3570338 0 1
26 2817784 0 1
26 1802871 2 1
26 3206709 0 0
26 3848704 0 1
26 3493838 0 0
26 2138270 0 0
26 3532098 0 0
26 3810122 2 1
26 2141498 0 0
26 3638433 0 0
26 2396646 2 1
26 3366600 0 0
26 1781429 0 0
26 3723845 0 0
26 3338396 0 1
26 3723847 0 0
26 1402300 0 1
26 3092419 0 0
26 3284445 0 0
26 2589588 0 1
26 3566062 0 0
26 1139769 0 0
26 2993933 0 0
26 3160431 0 0
26 1891273 0 1
26 2117339 0 0
26 2589584 0 0
26 3503789 0 1
26 3636259 0 0
26 3285529 0 0
26 2829593 0 1
26 3337276 0 1
26 2374889 0 0
26 3518801 0 0
26 3349016 0 0
26 2567329 0 1
26 3718665 0 1
26 3844167 0 0
26 3111036 0 0
26 2607025 0 0
26 1764010 0 0
26 1716171 0 1
26 2876742 0 0
26 2186349 0 0
26 3528614 0 0
26 3879427 0 0
26 3202563 0 0
26 3128714 0 0
26 2591828 0 0
26 1240386 0 0
26 3464250 0 1
26 183856 0 1
26 2782321 0 1
26 2971745 0 0
26 3308704 2 1
26 3306765 0 1
26 3626683 0 0
26 3489576 0 1
26 3878349 2 1
26 3878108 2 1
26 2829575 0 0
26 2365953 0 0
26 3498253 0 1
26 2671450 2 1
26 3247098 0 0
26 3032548 0 0
26 3010999 2 1
26 3032544 0 1
26 2682795 0 1
26 1971065 0 0
26 3126754 0 1
26 3502252 0 0
26 3853088 0 0
26 3364861 0 1
26 3686599 0 1
26 3221949 0 1
26 3306781 0 0
26 3517748 0 0
26 1934906 0 0
26 2671445 0 0
26 3582586 0 0
26 166276 0 0
26 1716186 0 0
26 3630913 0 0
26 2873245 0 0
26 3296698 0 0
26 3261134 0 0
26 3557164 0 0
26 2570935 0 1
26 3169448 0 0
26 1140945 0 1
26 2799642 0 0
26 3392746 0 0
26 3555596 0 0
26 3879069 0 0
26 3420400 0 1
26 3172227 0 1
26 3617122 0 2
26 3684522 0 0
26 2204057 0 1
26 2873430 0 1
26 1464399 0 0
26 3324157 0 0
26 3415055 0 1
26 3592785 0 0
26 3709586 0 0
26 3730184 0 0
26 3732362 0 0
26 3850882 0 0
26 3893378 0 0
26 3676906 0 1
26 2965663 0 0
26 3175502 0 0
26 1044072 0 0
26 2799428 0 1
26 2695455 0 0
26 3849883 0 0
26 2491622 0 0
26 1770912 0 0
26 2048661 2 1
26 3299544 0 0
26 3651617 0 0
26 1308854 2 0
26 2672348 0 0
26 3276413 0 1
26 3847454 0 0
26 1139117 0 0
26 3276414 0 0
26 1036441 0 0
26 3161113 2 0
26 3492906 0 0
26 1805504 2 1
26 3161359 0 0
26 3161358 0 0
26 2817700 2 1
26 3124360 0 0
26 3350437 0 0
26 2100068 0 1
26 2799431 0 0
26 2881073 0 1
26 2631806 0 0
26 2701558 0 0
26 2799433 0 0
26 2917368 0 1
26 3267709 0 1
26 2268704 0 0
26 3254896 0 0
26 1241495 0 0
26 2266769 0 1
26 2211857 0 1
26 3479962 0 0
26 3430652 0 0
26 2268701 0 1
26 3479960 0 1
26 1464146 0 1
26 2917365 0 1
26 3327677 0 1
26 1464384 0 0
26 3381417 0 0
26 1360643 0 1
26 3381416 0 1
26 3306744 0 0
26 3328760 0 1
26 1199615 0 0
26 1469828 0 1
26 2759986 0 1
26 3405476 0 1
26 1533239 0 1
26 3428331 0 0
26 3652725 0 1
26 3850681 0 0
26 3252260 0 1
26 2640777 0 0
26 1684261 0 0
26 2954557 0 1
26 3827421 0 1
26 2684118 0 0
26 3775296 0 0
26 3671015 0 0
26 3079693 0 0
26 3031276 0 0
26 3350412 0 1
26 2024877 0 0
26 3882205 0 0
26 3208498 0 0
26 2131856 0 0
26 3582526 0 1
26 3061927 0 0
26 3755431 0 0
26 2609859 0 1
26 3384948 0 1
26 1851625 0 0
26 3223716 0 0
26 2723755 0 1
26 1182388 0 1
26 3560965 0 0
26 3614034 0 0
26 3014955 0 1
26 3826557 0 0
26 3418343 0 0
26 3362851 0 1
26 2546444 0 0
26 3266654 0 1
26 2630996 0 1
26 3427299 0 0
26 2792841 0 1
26 2277457 2 1
26 2776277 0 0
26 3056796 0 1
26 3816780 0 0
26 3895778 0 1
26 1326208 0 0
26 3499992 2 1
26 3893581 0 0
26 3894670 0 0
26 3757638 0 0
26 3415063 0 0
26 3499999 0 1
26 3061905 0 0
26 2385957 0 1
26 3407697 0 1
26 2684344 0 0
26 3429466 0 1
26 3874601 2 1
26 3489951 0 0
26 3199907 0 1
26 3298477 0 0
26 1474375 0 0
26 2242842 0 1
26 3888614 0 0
26 3888617 0 0
26 3626912 0 0
26 2228308 0 0
26 2846447 0 0
26 1539092 0 0
26 3026687 0 1
26 1784581 2 1
26 3026688 0 0
26 2576808 0 0
26 3483260 0 0
26 2631864 0 0
26 3372522 0 1
26 2631869 0 0
26 3599338 0 1
26 2664785 0 0
26 3578867 0 1
26 2768741 0 1
26 3586489 0 0
26 3865968 0 0
26 3888622 0 0
26 3024263 0 1
26 3119644 0 0
26 3599105 0 0
26 2595558 0 0
26 3184285 0 1
26 1621059 0 0
26 2137748 0 0
26 3623624 0 0
26 2696595 0 0
26 3579948 2 1
26 1657018 0 1
26 3391050 0 1
26 3439329 0 0
26 3565543 0 0
26 2708222 0 0
26 3733194 0 0
26 3544600 0 0
26 3025377 0 0
26 2586636 0 1
26 3474312 0 0
26 2627682 0 0
26 2630326 0 1
26 3716636 0 0
26 529468 0 1
26 2995310 0 1
26 3442743 0 0
26 3702401 0 0
26 3400061 0 1
26 2917655 0 0
26 3198413 0 1
26 2840945 0 0
26 3035590 0 0
26 1261513 0 0
26 3195149 0 0
26 3441818 0 0
26 3771416 0 0
26 3849059 0 0
26 2548128 0 1
26 2010764 0 0
26 3700050 0 0
26 2600199 0 0
26 2984499 0 0
26 3448694 0 0
26 2600192 0 1
26 2721627 0 0
26 1949846 0 0
26 3178814 0 0
26 3281798 0 0
26 3426259 0 1
26 425592 0 1
26 2989931 0 0
26 1949844 0 0
26 2959067 0 1
26 3281795 0 1
26 2937018 0 1
26 3695962 2 1
26 2631672 0 0
26 2008207 0 0
26 3117262 0 1
26 3268102 2 0
26 2740156 0 1
26 2605899 0 0
26 2811150 0 1
26 3372330 0 0
26 3461428 0 1
26 3235890 0 1
26 3174209 0 0
26 3141593 0 1
26 3371008 0 1
26 3634976 0 1
26 1564027 2 1
26 3556620 0 0
26 3080380 0 1
26 3557956 0 0
26 1568867 0 0
26 3325624 0 0
26 2248176 0 0
26 3108318 2 1
26 3416680 0 1
26 3265282 0 1
26 3563395 0 0
26 3464967 0 0
26 3265284 0 1
26 3372345 0 0
26 3750723 0 0
26 3888608 0 0
26 2248181 0 0
26 2836893 0 1
26 3668149 0 0
26 3888605 0 0
26 2646707 0 0
26 3888606 0 0
26 3273905 0 0
26 3265291 0 1
26 3348951 2 1
26 3570914 2 0
26 3372350 0 0
26 3143509 0 0
26 3395692 2 1
26 2189166 0 0
26 2190397 0 0
26 3372351 0 0
26 3659439 0 0
26 2896902 0 0
26 3068910 0 0
26 3686145 0 0
26 3665685 0 0
26 270697 0 1
26 2829034 0 1
26 2364524 2 1
26 3753621 0 1
26 3776740 2 1
26 3346987 0 0
26 1568808 0 1
26 3118382 0 1
26 2744702 0 0
26 3435346 0 1
26 1866240 0 1
26 3372364 0 0
26 2944152 0 0
26 3272870 0 0
26 3665683 0 0
26 3167794 0 0
26 3188497 0 0
26 3506506 0 0
26 2135738 0 0
26 3439710 0 1
26 3752765 0 1
26 2600164 0 1
26 2010714 0 0
26 2596001 0 0
26 2892520 0 0
26 3273971 0 0
26 2835703 0 0
26 3765867 2 1
26 2785829 0 0
26 3189576 0 0
26 2774335 0 1
26 1181892 0 1
26 2878224 2 0
26 3261719 0 0
26 3663288 0 0
26 2132213 0 0
26 2806379 0 0
26 1262624 0 1
26 3272855 0 0
26 3435125 0 0
26 2820432 0 0
26 2904356 0 0
26 2679410 0 0
26 3110641 0 1
26 3703580 0 0
26 3294402 2 1
26 3375659 0 0
26 2362124 0 1
26 1277928 0 0
26 2429948 0 1
26 1277929 0 1
26 3663285 0 0
26 3224336 2 1
26 3502175 0 0
26 2646744 0 1
26 2729312 0 0
26 3216579 0 0
26 3155530 0 0
26 137939 0 0
26 3309573 0 1
26 3010717 0 0
26 1277932 0 1
26 2687019 0 1
26 2720982 0 0
26 2949852 0 0
26 3663290 0 0
26 2385473 0 0
26 1459114 0 0
26 2591811 0 0
26 3224348 0 0
26 3346948 2 1
26 3555950 0 1
26 3281144 0 1
26 2877794 0 0
26 3296639 0 1
26 3060395 0 0
26 3705581 0 0
26 3655447 0 1
26 3397467 0 0
26 3656774 0 0
26 3708858 0 0
26 3167751 0 1
26 3336900 0 1
26 3521705 0 0
26 2921079 0 1
26 3037361 0 0
26 3612321 0 0
26 3751878 0 1
26 3146889 0 0
26 3102828 0 1
26 2600369 0 1
26 2432069 0 1
26 2921080 0 0
26 3167766 0 0
26 2667440 0 0
26 2771031 2 1
26 3530431 0 0
26 3118160 0 1
26 2727349 0 1
26 2479368 0 0
26 2480598 0 0
26 3282212 0 0
26 3890518 0 0
26 2613412 0 1
26 3236596 0 1
26 3750572 0 1
26 3751421 0 0
26 1208942 0 0
26 3529680 0 1
26 1036089 0 0
26 2762311 0 0
26 3437501 0 0
26 3164028 0 1
26 3295775 0 0
26 3215692 0 0
26 3615808 0 0
26 3657643 0 1
26 2479360 0 0
26 1087872 0 1
26 3013183 0 0
26 3071276 2 1
26 155543 0 0
26 2650803 0 0
26 3608282 0 0
26 3235279 0 0
26 3157756 0 1
26 3176253 0 0
26 3675062 0 1
26 1474929 0 0
26 3176256 0 1
26 3494502 0 1
26 3864498 0 0
26 1599741 0 1
26 2740775 0 0
26 3413569 0 0
26 385246 0 1
26 3734097 0 1
26 3272661 0 1
26 3835950 0 0
26 2837906 0 1
26 3016221 0 0
26 1215468 0 0
26 2903694 0 0
27 3021307 1 0
27 3021308 0 0
27 3288937 1 1
27 3365666 1 1
27 2449131 0 0
27 2395429 0 0
27 3288934 2 1
27 2837058 1 1
27 2648737 0 0
27 3288931 2 0
27 2837297 1 1
27 3458979 1 1
27 549518 1 1
27 270054 1 1
27 2448282 0 0
27 3814826 0 0
27 3492653 1 1
27 2837291 1 1
27 3882753 0 0
27 3056415 1 1
27 2362747 2 0
27 3196709 1 1
27 2714567 0 0
27 3493738 1 1
27 2220024 0 0
27 2852697 1 0
27 1069666 0 0
27 2646790 0 0
27 3202244 1 1
27 3288928 2 1
27 1976608 1 0
27 2394323 1 1
27 2394324 0 0
27 3288944 2 1
27 2150072 1 1
27 3075165 1 1
27 3730472 0 0
27 3352582 0 0
27 2813098 0 0
27 3001711 1 1
27 3600192 1 1
27 3698429 1 1
27 2459162 0 0
27 2794498 0 0
27 3288939 1 2
27 3319995 1 0
27 2395447 0 0
27 3100233 0 0
27 3172520 0 0
27 3224052 1 0
27 3180149 2 0
27 2073552 0 0
27 3286732 1 1
27 2912863 1 1
27 3214684 0 0
27 3388327 2 1
27 3180150 0 0
27 1626073 1 0
27 3503657 0 0
27 138500 0 0
27 3874910 0 0
27 3288909 1 1
27 3123563 0 0
27 3560658 0 0
27 2702373 1 1
27 3288921 2 2
27 3288920 1 1
27 2895173 0 0
27 3286741 1 1
27 3641729 0 0
27 3584840 1 1
27 2999595 1 0
27 3603485 1 1
27 3698887 1 0
27 2361689 0 0
27 2600783 0 0
27 2981839 1 1
27 3616309 0 1
27 3556155 0 0
27 3686670 0 0
27 1971372 0 0
27 3707411 0 0
27 2397406 0 1
27 3423676 1 1
27 2747696 1 1
27 3371901 1 0
27 3286557 1 1
27 2011294 0 0
27 3423677 2 0
27 3501494 0 0
27 3763110 1 1
27 3361262 0 0
27 3731514 1 0
27 3605862 0 0
27 3776668 0 0
27 1569372 0 0
27 3410368 2 1
27 3763111 0 0
27 3856262 1 0
27 3537200 0 0
27 2442945 0 0
27 3127745 0 0
27 2073765 0 0
27 3016168 1 0
27 2232037 0 0
27 2045078 1 0
27 2840014 2 1
27 3111162 1 0
27 2637891 1 0
27 3127748 0 0
27 3674472 0 1
27 2542395 2 0
27 3674474 0 1
27 3265630 2 1
27 2923788 1 0
27 3149991 1 1
27 3614550 0 0
27 2448269 0 0
27 3618918 0 0
27 3515437 0 0
27 2670000 1 0
27 3752477 0 1
27 3844264 1 1
27 2840002 2 1
27 3515435 2 0
27 1832179 0 0
27 2840009 2 1
27 3698430 0 0
27 2738511 0 0
27 3600188 1 0
27 2664807 1 1
27 2566573 1 0
27 3180598 2 0
27 3837720 0 0
27 2887527 0 0
27 2112815 0 0
27 515310 0 0
27 2566566 0 1
27 3776656 0 1
27 3776658 0 0
27 2441622 0 0
27 1468413 1 0
27 2063938 1 1
27 3649645 1 1
27 3243849 0 0
27 3221833 1 1
27 2518080 1 1
27 2992915 0 0
27 1526603 0 0
27 1910602 1 0
27 3730063 0 0
27 3572815 1 1
27 3326694 1 1
27 2359973 0 1
27 2467409 0 1
27 2008070 0 0
27 2479874 0 0
27 3015953 0 0
27 3513841 1 0
27 3015959 2 0
27 3243860 0 0
27 2736982 1 1
27 3326682 2 0
27 2903953 1 1
27 2359986 0 0
27 2903954 0 0
27 3603063 0 0
27 3124030 1 1
27 3858234 0 0
27 3560802 1 0
27 3227164 0 0
27 3073807 2 1
27 2366049 0 0
27 2048992 0 0
27 2826300 0 0
27 3506086 0 0
27 3305541 1 1
27 3117715 0 0
27 3626175 1 1
27 2769428 1 0
27 3714847 0 0
27 3531042 0 0
27 3855199 0 0
27 3405341 1 1
27 3037991 1 1
27 2453007 1 1
27 2982083 0 0
27 3230102 0 0
27 2267738 0 0
27 3881056 0 0
27 3694451 1 1
27 2801015 1 0
27 3597902 1 0
27 3653932 1 1
27 3414059 2 1
27 1619718 1 1
27 3730092 0 0
27 1164411 2 1
27 3597903 0 0
27 2779452 0 0
27 3782725 1 0
27 3026616 1 1
27 3697959 0 1
27 2423611 0 1
27 2838759 0 0
27 2966613 1 1
27 3584835 1 1
27 3640225 1 0
27 3584831 2 1
27 2228180 0 0
27 3423832 0 0
27 2957716 0 0
27 3056219 1 1
27 3221649 0 0
27 3488510 0 0
27 3852743 0 0
27 2779445 1 1
27 2627155 1 0
27 3723742 0 0
27 3356064 0 0
27 3015910 0 0
27 3659017 0 0
27 3599261 0 0
27 3015912 0 0
27 3759916 1 0
27 3160575 0 0
27 3224925 2 0
27 3303534 1 1
27 3522345 1 0
27 2360534 1 1
27 3518095 1 1
27 2366074 0 0
27 3599268 0 0
27 2736979 1 1
27 3424905 0 0
27 3014836 1 1
27 2440380 0 0
27 2978869 0 0
27 3383756 0 0
27 3380239 0 0
27 3224935 0 0
27 3130970 2 1
27 1977564 0 0
27 2448099 0 0
27 3335362 2 1
27 2788474 2 1
27 3475687 1 0
27 2010137 0 0
27 2957708 0 0
27 2852601 1 1
27 3837333 1 1
27 2962782 0 0
27 3746135 1 1
27 165417 0 0
27 2667937 1 1
27 3368255 0 0
27 3417875 1 0
27 3288496 0 0
27 2009205 1 0
27 2409350 1 1
27 2010206 1 0
27 2409590 0 1
27 3877609 1 1
27 2654869 0 0
27 3003207 1 0
27 2627597 0 0
27 3796866 0 0
27 2377328 0 0
27 2981052 0 0
27 2526433 0 0
27 2008365 1 0
27 2033331 1 1
27 3367154 2 0
27 2758831 0 0
27 2813652 1 0
27 3724594 0 0
27 2595438 0 0
27 3851441 0 0
27 3750659 1 1
27 3712384 0 0
27 3746151 0 1
27 3150373 0 0
27 2001743 2 1
27 3797946 1 1
27 3345599 0 0
27 3564572 1 1
27 3142516 0 0
27 3070260 1 1
27 3002374 0 0
27 2687766 1 1
27 2409333 0 1
27 3279772 0 0
27 3804476 1 0
27 3797933 1 1
27 2759904 0 0
27 3156902 0 0
27 3797932 2 1
27 1567225 0 0
27 3429824 1 1
27 2488397 1 0
27 3712156 1 1
27 2359923 1 1
27 3432824 1 1
27 3299364 1 0
27 1569882 0 0
27 2687775 0 0
27 2914265 1 0
27 2817805 0 0
27 2817804 2 2
27 3797921 1 0
27 2880686 0 1
27 3015622 1 0
27 1867816 0 0
27 3015866 2 1
27 2762050 0 0
27 3015867 0 0
27 3300424 0 0
27 3343155 1 0
27 3797929 0 1
27 2678864 2 1
27 2918863 0 0
27 2697381 1 1
27 2741116 1 1
27 3457043 1 1
27 3610419 0 0
27 2892437 0 0
27 3657346 0 0
27 2649069 0 0
27 3703684 1 0
27 1374667 0 0
27 2920711 1 0
27 2799065 0 0
27 3120795 1 1
27 1386670 0 0
27 3693662 0 0
27 3242057 0 0
27 3782665 1 1
27 2762046 2 1
27 2204026 0 0
27 2892687 1 0
27 3230082 0 0
27 3395314 2 1
27 3110996 0 0
27 3782666 1 1
27 1977176 0 0
27 3782668 1 0
27 3206464 0 0
27 3015884 0 0
27 3745268 0 0
27 3015883 1 0
27 3855836 1 1
27 2174811 1 1
27 3499903 0 0
27 3417891 1 0
27 3215177 0 0
27 3097341 1 1
27 3520596 2 1
27 2988711 1 0
27 2359718 0 0
27 3132999 0 0
27 3761952 0 0
27 2729239 1 0
27 3011290 1 0
27 3451775 0 0
27 3809721 0 0
27 3608321 0 0
27 3015657 1 1
27 3016743 0 0
27 3128257 1 1
27 3661872 0 0
27 3015658 0 0
27 3678056 1 0
27 2527302 1 0
27 3303710 1 1
27 2492852 1 1
27 3108663 0 0
27 3141699 1 1
27 3650747 0 0
27 3141693 0 1
27 2688666 1 1
27 1182401 0 0
27 3004370 2 0
27 3560387 0 0
27 3737022 0 0
27 1781597 0 0
27 3514484 1 0
27 3353167 2 1
27 3398631 0 0
27 3797560 1 1
27 3372247 1 0
27 3482219 0 0
27 3797561 1 0
27 2292155 0 0
27 2259331 1 0
27 3666422 2 1
27 2008529 0 0
27 2910034 0 0
27 3269354 0 0
27 3679720 0 1
27 3679962 0 0
27 1097718 1 1
27 3077743 2 0
27 3740665 0 0
27 3257138 1 0
27 2990396 2 0
27 3586510 1 1
27 3715496 1 1
27 3551416 0 0
27 2247320 1 1
27 1853078 1 1
27 2905323 1 0
27 3123829 0 0
27 3549337 0 0
27 3572359 1 1
27 3235582 1 0
27 3878317 0 0
27 3225305 0 0
27 3468396 0 0
27 3806499 1 0
27 3526487 0 0
27 3180413 0 0
27 3646699 0 0
27 2063105 0 0
27 3413882 0 0
27 3048199 1 1
27 3715027 0 0
27 1386699 0 0
27 3784466 0 0
27 3784468 0 0
27 3109311 1 1
27 3180665 1 0
27 3528427 0 0
27 2001908 0 0
27 3720855 1 0
27 2578976 0 0
27 3426787 0 0
27 3662099 0 0
27 3728505 1 0
27 3712161 0 0
27 3180600 2 1
27 3493305 0 0
27 3503392 0 0
27 1764411 2 0
27 3493301 2 1
27 2676285 1 1
27 2633324 1 1
27 2890890 0 0
27 2890891 0 0
27 2627712 0 0
27 2862176 1 1
27 3259331 0 1
27 2774663 1 0
27 2771154 1 1
27 1868735 0 0
27 37241 0 0
27 3288901 1 1
27 3665376 0 0
27 3416731 0 0
27 1574321 1 0
27 3757058 0 0
27 1794225 0 0
27 3678436 0 0
27 3401495 0 0
27 3666221 2 0
27 3425442 0 0
27 3015243 1 0
27 3019601 1 0
27 1343550 0 0
27 3157405 1 1
27 3881926 1 1
27 3199241 0 0
27 3644489 1 0
27 3154132 0 0
27 2691665 2 1
27 3829387 1 1
27 2610029 1 1
27 1351173 0 0
27 2713298 0 0
27 2994792 1 1
27 2759016 0 0
27 2386495 1 1
27 130140 0 0
27 3552552 0 0
27 3363130 2 1
27 2726128 1 1
27 2777911 2 1
27 3529315 1 0
27 2137813 1 0
27 3123646 1 0
27 3005213 2 0
27 1847830 0 0
27 3762895 0 0
27 2926674 0 0
27 3620935 0 0
27 2324103 1 1
27 3724904 0 0
27 3363120 1 1
27 1160572 0 0
27 2910301 0 0
27 2098751 0 0
27 3230830 1 0
27 3607964 0 0
27 1471777 0 0
27 2362869 2 1
27 3327265 0 0
27 2876304 1 1
27 2876303 1 1
27 3687862 1 0
27 3741230 0 0
27 3387582 0 0
27 1379634 0 0
27 3363119 1 1
27 3363118 2 1
27 3199093 0 0
27 3513321 2 1
27 2980649 0 0
27 2908446 0 0
27 3557386 1 0
27 2925815 2 1
27 3122101 1 0
27 1160591 0 0
27 3342884 0 0
27 2734076 0 0
27 2735164 1 0
27 2760573 1 0
27 3512482 0 1
27 2246999 0 0
27 3226355 1 1
27 2798987 0 0
27 3811695 0 0
27 2980637 0 0
27 3407244 0 0
27 3687650 0 0
27 1971256 0 0
27 3345922 0 0
27 1781429 0 0
27 2496697 0 0
27 2827102 0 1
27 3687649 0 0
27 1891278 1 0
27 3710774 2 1
27 3699850 1 1
27 3696102 0 0
27 1298337 0 0
27 2980629 1 0
27 1936288 0 0
27 2039779 1 1
27 2879827 0 0
27 2071239 2 1
27 3425978 1 1
27 3513598 0 0
27 3849610 0 0
27 3649552 0 0
27 1764010 0 0
27 1977865 0 0
27 2860392 1 0
27 3444411 0 0
27 3704099 1 0
27 3617975 1 1
27 3065216 0 0
27 2374411 1 1
27 3477563 0 0
27 3848991 0 0
27 2843649 1 1
27 3600036 1 1
27 1964547 0 0
27 1274323 0 0
27 3514212 0 0
27 3625595 1 1
27 3444426 1 1
27 3200132 0 0
27 3498283 1 1
27 3048090 2 0
27 3093771 0 0
27 419354 2 0
27 3125656 0 0
27 3582356 0 0
27 2001389 0 0
27 3355924 1 1
27 3890001 1 0
27 3890483 1 0
27 3204968 0 0
27 3572313 1 1
27 3444435 1 1
27 3504424 2 1
27 3043425 2 0
27 3024923 0 0
27 3101231 1 0
27 2772987 2 2
27 2007933 0 0
27 3734930 1 1
27 3112115 0 0
27 3053216 1 0
27 2628170 1 1
27 2725319 0 0
27 2628171 0 0
27 3112117 1 1
27 3123296 0 1
27 137589 0 0
27 2695685 2 0
27 2695684 1 1
27 3644501 0 0
27 3628258 1 0
27 3733694 1 0
27 1716812 1 1
27 2967835 1 1
27 3649196 0 0
27 2839999 1 1
27 128860 1 0
27 3678072 1 0
27 3012322 0 0
27 3638295 0 0
27 130964 2 0
27 3849889 0 0
27 2377048 1 1
27 3068125 1 0
27 3134184 1 0
27 3479943 1 0
27 3698942 0 0
27 3649181 1 1
27 3149672 1 1
27 2719082 1 0
27 2702400 0 0
27 2797493 0 0
27 3607780 0 0
27 3419875 0 0
27 3848546 1 1
27 3738932 0 0
27 3848543 1 1
27 2120913 1 1
27 2848203 0 0
27 2769307 1 0
27 2816853 0 0
27 3783704 0 0
27 3533100 1 0
27 2964787 1 0
27 3457959 1 0
27 3188819 0 0
27 2768446 1 1
27 122065 1 1
27 1464384 0 0
27 1464385 0 0
27 1464381 0 0
27 1784097 0 1
27 3166812 0 0
27 3523539 1 1
27 1369001 0 0
27 3401920 1 1
27 2838224 0 1
27 3474461 1 1
27 3254205 1 1
27 2734899 0 0
27 2615294 0 0
27 1183253 0 0
27 2008158 0 0
27 3630305 1 0
27 2850516 1 0
27 3630306 1 1
27 3630307 1 1
27 3731471 1 0
27 2246976 0 0
27 2760710 0 0
27 3671015 0 0
27 2760711 0 0
27 3172658 1 1
27 2010243 0 0
27 3223940 2 0
27 3630304 1 0
27 3276486 0 0
27 3544271 0 1
27 3401934 2 1
27 1079798 1 0
27 2377088 1 1
27 3811064 1 1
27 3614034 1 1
27 2731168 0 0
27 3545331 0 0
27 3404172 1 0
27 2708144 1 0
27 2896733 0 0
27 3359208 0 0
27 2011114 0 0
27 1456964 0 0
27 2002404 0 0
27 3359430 1 0
27 2001555 0 0
27 3407452 2 0
27 3302104 1 0
27 3754364 0 0
27 2011100 0 0
27 2799007 0 0
27 2799006 0 0
27 3015544 2 1
27 3326977 1 1
27 3608257 0 0
27 3349853 0 0
27 3618050 1 1
27 280655 1 0
27 3116129 0 0
27 3245898 2 0
27 2741037 2 1
27 2010564 1 0
27 3495012 0 0
27 3700488 1 0
27 3793477 0 0
27 2735811 1 1
27 3474773 2 0
27 3175343 2 1
27 2972238 1 1
27 3225819 0 0
27 3850479 0 0
27 3037327 0 0
27 3580935 1 1
27 3820848 0 1
27 2363293 2 1
27 3715530 1 1
27 2972201 0 0
27 2627450 1 1
27 3442737 0 0
27 3485663 0 0
27 3201938 1 0
27 3880905 1 0
27 1977004 0 0
27 2687647 1 1
27 3404651 0 0
27 3613822 1 0
27 2994464 0 0
27 1291396 0 0
27 3751852 1 0
27 3025371 1 0
27 3095252 1 1
27 3337866 0 0
27 3166896 0 0
27 1977475 0 0
27 2871668 0 0
27 3337865 1 0
27 2364167 2 1
27 3233461 1 1
27 3469395 0 1
27 2582449 0 0
27 2322927 0 0
27 3661963 2 1
27 3712201 2 0
27 1261516 0 0
27 3623842 1 1
27 2904730 0 0
27 2698112 0 0
27 3851139 1 1
27 3667021 1 0
27 3854882 0 0
27 2988858 1 1
27 3781228 0 0
27 2063047 0 0
27 2876299 1 1
27 2876297 1 1
27 1609104 0 0
27 2010758 0 0
27 1475889 0 0
27 2010515 0 0
27 3417547 1 1
27 3876602 1 1
27 2254640 0 1
27 3247868 2 1
27 3576243 0 0
27 2687682 0 0
27 3535726 1 1
27 2040155 1 1
27 3128367 2 0
27 2040152 0 0
27 3616297 0 0
27 3068495 1 0
27 1942180 0 0
27 2009549 1 0
27 2732778 2 1
27 2564833 1 0
27 3098790 1 1
27 1414034 0 0
27 2791478 2 0
27 2764338 0 0
27 2765426 0 0
27 2965715 1 0
27 2940217 0 0
27 3429751 1 0
27 1459147 0 0
27 3482598 2 0
27 3640158 0 0
27 3407736 2 0
27 3493016 1 1
27 2929423 0 1
27 3353299 0 0
27 3353298 2 1
27 3618006 1 1
27 3471431 2 0
27 3531940 1 1
27 3004491 0 0
27 3084169 0 0
27 3697042 0 0
27 3811718 0 0
27 3695091 1 0
27 1936313 0 0
27 2448207 0 0
27 1459121 0 0
27 3481244 2 0
27 1139905 0 0
27 2994888 1 1
27 3666546 0 0
27 3830247 0 0
27 3088751 1 0
27 3234125 2 1
27 3234123 1 0
27 3258555 1 1
27 3281354 1 1
27 2748073 0 0
27 3524166 0 0
27 3866895 0 0
27 3158850 2 1
27 3311639 1 0
27 3843547 2 1
27 2948500 1 0
27 2920196 0 0
27 3310782 1 0
27 3083050 1 0
27 3203034 1 0
27 3363066 1 0
27 3083058 1 1
27 3175197 1 0
27 3437782 1 0
27 3437789 0 0
27 2385249 0 0
27 3678544 0 0
27 3837083 1 1
27 3363060 0 1
27 3537269 0 1
27 2448229 0 0
27 2686156 2 0
27 3363056 1 1
27 2688344 1 1
27 3632172 0 0
27 2828397 1 1
27 3016028 2 0
27 3466094 0 0
27 2808329 0 0
27 3063214 0 0
27 2131114 0 0
27 2876274 2 0
27 3272625 1 0
27 2008663 1 0
27 3334759 0 0
27 3118379 1 0
27 3412677 2 1
27 2927604 0 1
27 2752792 1 1
27 3540656 0 0
27 3765846 0 0
27 3855980 1 0
27 3030791 2 1
27 3507628 0 0
27 3852475 1 0
27 3234159 1 0
27 3529426 0 0
27 3746052 2 1
27 3304079 1 1
27 3521943 1 1
27 3760125 1 0
27 2782170 0 0
27 2886267 0 0
27 3039799 2 1
27 3235481 0 0
27 3310994 0 0
27 3855572 0 0
27 2990091 0 0
27 2442097 1 0
27 3750541 2 1
27 3582084 0 0
27 2912375 0 0
27 3681719 1 0
27 2938984 0 0
27 2007993 0 0
27 2007752 0 1
27 194902 0 0
27 3830280 0 0
27 3113988 0 0
27 3521933 1 1
27 2448638 2 1
27 3798712 0 0
27 3530430 1 0
27 3240859 1 1
27 1564426 0 1
27 3715331 1 0
27 3176243 1 0
27 2818151 1 1
27 3680425 1 1
27 3764940 1 1
27 2386133 1 0
27 3188476 1 1
27 2423373 1 0
27 3491231 2 1
27 3304081 1 0
27 3365671 1 1
27 3324920 1 0
27 3341484 1 1
27 3179760 0 0
27 2515291 1 1
27 3350186 0 0
27 3717528 0 0
27 3437999 1 1
27 2794357 1 0
27 3726236 1 0
28 2803282 0 0
28 2651905 0 1
28 3502781 0 0
28 3123575 0 0
28 3490233 0 0
28 3192356 0 1
28 3674680 0 0
28 3603476 0 0
28 3135562 0 0
28 3351023 0 0
28 3872718 2 1
28 1343574 0 0
28 3168002 0 0
28 2668588 1 1
28 3168001 0 0
28 3811790 0 0
28 3502790 0 0
28 2726540 0 1
28 3022645 0 0
28 2614952 0 0
28 3215545 0 1
28 2632162 0 1
28 3722618 0 0
28 2808507 0 0
28 3752489 0 0
28 2139012 0 0
28 1036734 0 0
28 2287183 0 0
28 3076252 0 0
28 3434789 0 0
28 3261233 0 1
28 3535693 0 0
28 1036737 0 0
28 3483710 0 0
28 2794498 0 0
28 2968416 0 1
28 3660053 0 0
28 3830299 0 0
28 3639657 0 0
28 3780706 0 1
28 2913953 0 0
28 3539844 0 1
28 2781148 0 0
28 3043591 0 0
28 3491304 0 1
28 1891148 0 1
28 3603018 0 1
28 3809254 0 0
28 3651347 0 0
28 3272579 0 1
28 3413813 0 0
28 3184515 0 0
28 3476184 2 1
28 3549855 0 0
28 2886242 0 0
28 3762045 0 0
28 3830291 0 1
28 1664556 0 0
28 3570453 0 0
28 3830296 0 0
28 2727898 0 0
28 3468791 0 0
28 3101794 0 0
28 3533057 0 1
28 3717040 0 1
28 3102880 0 0
28 2807638 0 1
28 1182232 0 0
28 3310719 0 0
28 3332736 0 0
28 468665 0 0
28 3331403 0 0
28 3653534 0 0
28 1906775 0 0
28 2601871 0 0
28 2910458 0 0
28 3653532 0 1
28 3785158 0 0
28 3237133 0 1
28 3504515 0 0
28 2649854 0 1
28 2591532 0 0
28 3339129 0 0
28 3720214 0 0
28 2770482 0 0
28 2448242 0 0
28 3778607 0 1
28 3541708 0 0
28 3663347 0 0
28 2797791 0 0
28 1483835 0 0
28 3562643 0 0
28 3778602 0 1
28 3778604 0 1
28 2747450 0 0
28 2958889 0 0
28 3751368 0 0
28 3111156 0 0
28 3136454 0 0
28 3352311 0 0
28 3238471 0 0
28 3653545 0 0
28 3751361 0 0
28 3074283 0 1
28 2759436 0 0
28 3171844 0 0
28 3536353 0 0
28 2705816 0 0
28 2194098 0 0
28 3512399 0 0
28 3778611 0 0
28 2782204 0 1
28 2569859 0 1
28 3778613 0 0
28 3551768 0 0
28 2910472 0 0
28 3648573 0 0
28 3410352 0 0
28 2363400 0 0
28 3636116 0 0
28 3665546 0 0
28 2890908 0 1
28 1950489 0 1
28 2448269 0 0
28 3701924 0 0
28 3103541 0 0
28 3610195 0 0
28 3784272 0 0
28 1832179 0 0
28 3006376 0 1
28 420474 0 0
28 3304256 0 1
28 3809297 0 0
28 2786200 0 1
28 3111130 0 0
28 3263661 0 0
28 2945342 0 0
28 2662864 0 0
28 3261489 0 0
28 3444314 0 0
28 2441636 0 0
28 2923795 0 0
28 3754409 0 1
28 1975777 0 1
28 3065316 0 1
28 3587911 0 0
28 3733728 0 0
28 2810606 0 0
28 3023710 0 0
28 1855049 0 0
28 3698440 0 0
28 2714313 0 1
28 3432583 0 0
28 2819896 0 0
28 3263672 0 0
28 3872708 2 0
28 3262583 0 1
28 1193557 0 0
28 3348033 0 1
28 3354941 0 0
28 3555235 0 0
28 3658351 0 0
28 2987566 0 0
28 3719271 0 1
28 3102473 0 1
28 2735668 0 0
28 3849531 0 0
28 3712881 0 1
28 3883203 0 0
28 3408871 1 1
28 2011015 0 1
28 2697518 0 0
28 2675703 0 0
28 3251002 0 0
28 3420754 0 0
28 2700571 0 0
28 3661534 0 0
28 3883210 0 0
28 2772848 0 0
28 2001454 0 1
28 2825229 0 0
28 3544357 0 0
28 3544356 1 1
28 3591587 0 0
28 3407554 0 0
28 2467410 0 0
28 2823055 0 0
28 3524720 0 1
28 3432525 0 0
28 3443653 0 0
28 2008080 0 0
28 3518295 0 1
28 3743379 0 0
28 3012693 0 0
28 3195241 0 1
28 3639019 0 0
28 2366049 0 0
28 2245979 0 1
28 3102012 0 0
28 2048992 0 0
28 2714507 0 0
28 3788275 0 0
28 2950057 0 0
28 2931787 0 0
28 3307967 0 0
28 3521249 0 0
28 3546987 0 0
28 3695790 0 0
28 3670265 0 0
28 3834499 0 0
28 2185796 0 0
28 2008091 0 0
28 2755011 2 1
28 3443661 0 0
28 3747996 0 0
28 3536966 0 0
28 2921501 0 0
28 3640235 0 0
28 3700862 0 0
28 2884455 0 0
28 3042094 0 0
28 3157157 0 0
28 3283071 0 0
28 3283074 0 0
28 3506094 0 1
28 3772932 0 1
28 2770647 0 0
28 2972297 0 0
28 3883471 0 0
28 1874669 0 0
28 2998662 0 0
28 151798 0 0
28 3603087 0 1
28 2376090 0 1
28 2761935 0 0
28 2228180 0 0
28 2732598 0 1
28 2526981 0 0
28 2211746 0 0
28 2109819 0 0
28 3731352 0 0
28 3078246 0 0
28 3731351 0 1
28 2628006 0 0
28 3140313 0 0
28 3368296 2 0
28 3892129 1 1
28 3297040 0 0
28 2697319 0 0
28 2780666 0 0
28 2796073 0 1
28 2940260 0 0
28 2034102 2 1
28 3603023 0 0
28 1034116 0 0
28 2008040 0 0
28 1242040 0 0
28 3765146 0 1
28 3001759 0 0
28 1997123 0 0
28 2374945 0 0
28 2907270 0 0
28 3255438 0 0
28 3140527 0 0
28 3677931 0 1
28 3603059 0 1
28 3632824 0 0
28 3712624 0 0
28 1036762 0 0
28 3603056 0 1
28 2708269 0 0
28 2850894 0 1
28 3501674 0 0
28 3132912 0 0
28 2231374 0 0
28 3766209 0 0
28 3340950 0 0
28 3091403 0 1
28 3296170 0 1
28 1775068 0 1
28 2045692 0 1
28 2001431 0 0
28 2137018 0 0
28 3065394 0 0
28 2138109 0 0
28 2896860 0 0
28 3495039 0 0
28 1805439 0 0
28 3408663 0 0
28 2383899 0 0
28 2009152 0 0
28 3766216 0 1
28 3766219 0 0
28 1474496 0 0
28 3743355 0 0
28 3853872 2 1
28 3506227 0 0
28 3725438 0 1
28 3830755 0 1
28 3853879 0 0
28 3085776 0 1
28 2136314 0 0
28 1878510 0 1
28 3334009 0 0
28 3817777 0 1
28 3575245 2 1
28 3039631 0 0
28 3726763 0 0
28 3747469 0 1
28 3517591 0 0
28 3770012 0 0
28 2778424 0 0
28 3725449 0 1
28 3510972 0 1
28 3665179 0 0
28 3853623 0 0
28 3705812 0 0
28 533860 0 1
28 2672274 0 0
28 3643369 0 1
28 3197474 0 0
28 1166572 0 1
28 3623530 0 0
28 3139357 0 0
28 2125417 0 0
28 3097770 0 0
28 3395751 0 0
28 2984325 0 0
28 3223994 0 0
28 3519782 0 0
28 3598135 0 0
28 1266027 0 1
28 2001745 0 1
28 3256204 0 0
28 3693656 0 1
28 2903549 0 0
28 3390085 0 0
28 3712383 0 0
28 3136077 0 1
28 3392260 0 0
28 3136076 2 1
28 3711058 0 0
28 2615351 0 0
28 2984319 0 0
28 2010228 0 0
28 2603365 0 0
28 2230526 0 0
28 3670542 0 1
28 3056198 0 1
28 3701682 0 0
28 3725451 0 0
28 3890604 0 0
28 2070959 0 0
28 2010464 0 0
28 3071351 0 0
28 3548094 0 0
28 2712619 2 0
28 3469080 0 0
28 1929081 0 0
28 2009238 0 0
28 3136063 0 0
28 3005651 0 0
28 3163027 0 0
28 3762851 0 0
28 3396867 0 0
28 2721319 0 0
28 3818871 0 1
28 3072419 0 0
28 3413070 0 0
28 3431970 0 0
28 2733968 0 0
28 2375176 0 0
28 3755284 0 0
28 2010407 0 0
28 3429898 2 1
28 3500722 0 0
28 2799065 0 0
28 3726739 0 0
28 3693663 0 0
28 1484472 0 0
28 3806430 0 0
28 3841682 0 0
28 3313738 0 0
28 3004507 0 1
28 3040806 0 0
28 2564957 0 0
28 1947995 0 1
28 3683415 1 0
28 3499904 0 0
28 3683416 0 0
28 3536938 0 0
28 3761955 0 0
28 2718108 0 0
28 3004511 0 0
28 3671674 0 0
28 2815845 0 0
28 3313762 0 1
28 3261802 0 1
28 3236407 0 1
28 3331161 0 0
28 3016743 0 0
28 3661872 0 0
28 2074030 0 0
28 1851009 0 0
28 2156151 0 0
28 3599688 0 0
28 3650747 0 0
28 3674939 0 0
28 1626446 0 1
28 3261810 0 0
28 1661658 0 0
28 3785911 0 0
28 3614654 0 0
28 2132358 0 0
28 3772266 0 0
28 3778809 0 1
28 3156535 0 1
28 2131263 0 0
28 3560145 0 0
28 3560387 0 0
28 3560146 0 0
28 2008516 0 0
28 3294539 0 0
28 3821883 0 0
28 2691645 0 0
28 3799509 0 0
28 3052454 0 1
28 2740227 0 0
28 3226617 0 1
28 3785589 0 0
28 1555610 0 0
28 3517754 0 0
28 3193712 2 1
28 3832531 0 0
28 2647934 0 1
28 3039221 0 1
28 3383141 0 0
28 1262751 0 0
28 3446121 0 0
28 3778818 0 0
28 3634497 0 0
28 3383148 0 0
28 2118045 0 0
28 3063117 0 0
28 2958456 0 0
28 3494687 0 1
28 3524043 0 1
28 2691653 0 0
28 3271428 0 0
28 3479029 0 0
28 2679742 0 1
28 2599634 0 0
28 471567 0 0
28 3679720 0 1
28 3020617 0 0
28 3169862 0 0
28 3507725 0 0
28 2599638 0 1
28 3354470 0 0
28 3760260 0 1
28 2726175 0 0
28 2970787 1 1
28 3139186 0 1
28 3659907 0 0
28 1440851 0 0
28 3542940 0 0
28 2493599 0 0
28 3517533 0 0
28 3133644 0 1
28 3475928 0 1
28 3575620 0 0
28 3094677 0 0
28 3424783 0 0
28 3169870 0 1
28 3599873 0 0
28 3659905 0 0
28 3853443 0 0
28 3475920 0 1
28 3234026 0 0
28 3615972 0 0
28 154136 0 0
28 3738360 0 1
28 1568955 0 0
28 3503387 0 0
28 2855476 0 0
28 3088857 0 0
28 2193981 0 0
28 3549345 0 0
28 3627718 0 0
28 3197099 0 0
28 3329047 0 0
28 2970796 0 1
28 3807584 0 0
28 3840131 0 0
28 2630042 0 0
28 2914652 0 1
28 3197091 0 0
28 3475918 0 1
28 3377727 0 1
28 3475917 2 1
28 3180421 0 0
28 3039006 0 1
28 2578976 0 0
28 3406938 0 0
28 3615941 1 1
28 2693868 0 0
28 2728774 0 0
28 3799708 0 0
28 2007622 0 0
28 2200050 0 0
28 2738334 0 0
28 3520733 0 1
28 2876108 0 0
28 3516467 0 0
28 2890893 0 0
28 3063539 0 0
28 3163038 0 1
28 3434338 0 0
28 1280397 0 0
28 2627712 0 0
28 3422180 0 1
28 3018970 0 1
28 3819114 0 0
28 3796423 0 1
28 3401259 0 0
28 3666229 0 1
28 3699150 0 0
28 3510938 2 1
28 3517569 0 0
28 3621157 0 0
28 3238402 0 0
28 3510936 0 1
28 3510933 1 0
28 3112530 0 0
28 3414798 0 0
28 3723061 0 0
28 3111204 0 0
28 3015243 0 0
28 3493761 0 0
28 3101884 0 0
28 3205530 0 0
28 293430 0 1
28 3350070 0 0
28 3675194 0 0
28 1784684 0 0
28 2397384 0 0
28 2063316 0 1
28 3463909 0 1
28 2824723 0 0
28 3565867 0 0
28 2621397 0 0
28 3015480 0 0
28 3234052 0 0
28 3356853 0 0
28 3015242 0 0
28 3205534 2 1
28 3146980 2 1
28 3613752 0 0
28 2724187 0 0
28 3146981 0 0
28 2704594 0 1
28 3494866 0 0
28 3494868 0 0
28 3721906 0 0
28 3562590 2 1
28 3215560 0 0
28 3040428 0 0
28 2649930 0 0
28 3234063 0 0
28 3094005 0 0
28 3835649 0 0
28 3762180 0 0
28 2746289 0 0
28 3126720 0 0
28 2267468 0 0
28 2098751 0 0
28 2930157 0 0
28 2685803 0 0
28 2599129 0 1
28 2438351 0 0
28 2764711 0 0
28 3183525 0 1
28 3297530 0 0
28 2890612 0 1
28 3855010 0 0
28 1904203 0 0
28 1906869 0 0
28 3385165 0 0
28 3213009 0 0
28 3834325 0 0
28 3666941 0 0
28 3551841 0 0
28 2738408 0 1
28 3809346 0 0
28 3217843 0 1
28 3719326 0 1
28 3350288 0 1
28 3031229 0 0
28 3183510 2 1
28 2025361 0 0
28 2737799 0 0
28 3887096 0 0
28 3524445 0 0
28 2668697 0 0
28 2980645 0 0
28 3284678 0 0
28 3742351 0 1
28 1459866 0 0
28 3086162 0 1
28 3126708 0 0
28 2071010 0 1
28 3006050 0 0
28 3665869 0 0
28 2875472 0 0
28 2670320 0 0
28 2993703 0 0
28 3695270 0 0
28 1502130 0 0
28 1044227 0 0
28 2246999 0 0
28 3556020 0 0
28 3811697 0 0
28 2798987 0 0
28 2980637 0 0
28 3536692 0 0
28 2188548 0 0
28 3544290 0 0
28 2496697 0 0
28 2666295 0 0
28 3285531 0 1
28 3251542 0 0
28 3131298 0 1
28 3765204 0 0
28 2716890 0 0
28 3296410 1 1
28 2141022 0 0
28 3079862 0 0
28 3617964 0 0
28 3250001 0 0
28 3251571 0 0
28 2011172 0 1
28 1469893 0 1
28 3254848 0 0
28 2861009 0 0
28 3354856 0 1
28 2737761 0 1
28 3399369 0 0
28 2249603 0 1
28 3126760 0 0
28 3033850 0 0
28 3663461 1 1
28 3744714 0 0
28 3537561 0 1
28 2703756 0 0
28 3662144 0 1
28 3875078 0 0
28 3401773 0 0
28 3043405 0 0
28 2278151 0 0
28 3173920 0 1
28 3208096 0 0
28 3252655 0 0
28 3493835 0 0
28 3775226 0 0
28 3870866 0 0
28 3413503 0 0
28 3493829 0 0
28 3600277 0 1
28 3870623 0 0
28 3825417 0 0
28 3475141 0 0
28 3625594 0 0
28 2887860 2 0
28 1629015 0 0
28 3112139 0 0
28 3766756 0 1
28 3614469 0 0
28 3614675 0 0
28 2971716 0 1
28 3502481 0 0
28 3422688 0 0
28 3666994 0 1
28 2131449 0 0
28 3400895 0 1
28 3500066 0 0
28 2933001 0 0
28 3822354 0 0
28 1892556 0 0
28 3303045 0 0
28 442134 0 0
28 2738878 0 0
28 2876764 0 0
28 3833481 0 0
28 3890006 0 0
28 1308861 0 0
28 545065 0 1
28 3583679 0 0
28 2397535 0 0
28 1934908 0 1
28 3500076 0 1
28 3420498 1 0
28 1481506 0 1
28 3489792 0 0
28 2365966 0 0
28 1892561 0 0
28 3719302 0 1
28 3809165 0 0
28 2397531 0 1
28 3872829 0 0
28 3099097 0 0
28 3222805 0 0
28 3410697 0 0
28 2800928 0 0
28 3338358 0 0
28 2071432 0 0
28 3124386 0 0
28 3012798 0 0
28 2651863 0 0
28 2991942 0 0
28 3302134 0 0
28 2589393 0 1
28 3564064 0 0
28 2075483 0 1
28 3408995 0 0
28 3432876 0 0
28 2604192 0 1
28 3125005 2 0
28 3560956 0 0
28 2885647 0 1
28 3125001 0 1
28 3580304 0 0
28 2956950 0 0
28 3472078 0 0
28 2206482 0 0
28 3328981 0 0
28 3779461 1 1
28 2009057 0 0
28 2770548 1 1
28 3511781 0 0
28 2591473 0 0
28 3435916 0 1
28 3101047 0 0
28 2011391 0 0
28 3683211 0 0
28 2800030 0 0
28 3208044 0 0
28 3892062 0 0
28 3637196 0 0
28 3305664 0 0
28 3621842 0 0
28 3649179 0 0
28 2589174 0 0
28 2591260 0 0
28 2769306 0 0
28 3833282 0 0
28 3628477 0 0
28 2895204 0 0
28 3782614 0 0
28 2928248 0 1
28 2798110 0 1
28 3145299 0 0
28 3476218 2 0
28 3499552 0 0
28 3683205 0 1
28 3847203 0 0
28 2025546 0 0
28 3420609 0 0
28 2629467 0 0
28 3782841 0 0
28 2974597 0 1
28 2009076 0 0
28 3746308 0 1
28 2216064 0 0
28 3503704 0 0
28 1410735 0 0
28 1838898 0 0
28 1410733 0 0
28 3172663 0 0
28 3022313 0 0
28 2838222 0 1
28 3289784 0 0
28 3605587 0 0
28 2791738 0 0
28 3696311 0 1
28 2009243 0 1
28 3671015 0 0
28 3353923 0 1
28 2721349 0 0
28 2449045 0 0
28 3478816 0 0
28 3719360 0 0
28 2640787 0 0
28 3277336 0 0
28 3665818 0 0
28 3683226 1 1
28 2235827 0 0
28 3143932 0 1
28 3135074 0 0
28 2008169 0 0
28 3852859 0 1
28 3573812 0 1
28 3710317 0 1
28 3265119 0 0
28 3857067 0 1
28 3312365 0 0
28 2639561 0 0
28 3558888 0 1
28 2700664 0 1
28 2754007 0 0
28 2859340 0 0
28 3015801 0 0
28 3212982 0 0
28 1839760 0 0
28 2009028 0 0
28 3573803 0 0
28 2008176 0 0
28 2009023 0 0
28 3099482 0 0
28 2443771 0 0
28 2687844 0 0
28 3337418 0 0
28 2595828 0 0
28 3395864 0 0
28 3532292 0 0
28 2649125 0 1
28 3724961 0 1
28 3150205 0 1
28 3335484 0 0
28 1242146 0 0
28 2700674 0 0
28 3047863 0 0
28 3847484 0 1
28 2490703 0 0
28 3827896 0 0
28 1090597 0 1
28 2768640 0 1
28 3201605 0 0
28 3162895 0 0
28 3654941 0 0
28 3522002 0 0
28 3444845 0 0
28 2799007 0 0
28 1361773 0 0
28 2700437 0 1
28 2799006 0 0
28 3485117 0 0
28 3277484 1 1
28 2364366 0 0
28 3608012 0 1
28 3414484 0 0
28 3691574 0 1
28 3184057 0 0
28 2825518 1 1
28 3263087 0 0
28 3005746 0 0
28 3734022 0 0
28 2008230 0 0
28 2963752 0 1
28 3637811 0 0
28 3254592 0 0
28 1266397 0 1
28 3356143 0 0
28 3529459 2 1
28 3015557 0 1
28 3647602 0 0
28 2770819 0 0
28 3195178 0 0
28 3646759 0 0
28 416440 0 1
28 2988808 0 0
28 3781252 0 1
28 2719586 0 0
28 1289292 0 0
28 3700481 0 0
28 3337400 0 0
28 2858209 0 0
28 2186955 0 0
28 3017743 0 0
28 3793467 0 1
28 3277468 0 0
28 3265241 0 0
28 2546367 0 0
28 3442737 0 0
28 3485663 0 0
28 3442735 0 0
28 3841997 0 0
28 3459164 0 1
28 1198256 0 1
28 2994473 0 0
28 3517490 0 0
28 2627215 0 0
28 2010582 0 0
28 2686556 0 0
28 3527299 0 1
28 3127004 0 0
28 2778769 0 0
28 493283 0 0
28 3135094 0 0
28 3452301 0 0
28 2745860 0 1
28 3653097 0 0
28 539265 0 1
28 2008029 0 0
28 1876447 0 0
28 3221235 0 0
28 2275745 0 0
28 3356124 2 1
28 3099610 0 0
28 3281966 0 0
28 2726078 0 1
28 3212801 0 0
28 3659881 0 0
28 3099618 0 0
28 3257674 0 0
28 3659885 0 1
28 3691374 0 0
28 1968590 0 0
28 3884210 0 0
28 3495209 0 0
28 3172020 0 0
28 3683518 0 0
28 3173351 0 0
28 3778283 0 0
28 1062158 0 0
28 3320151 0 0
28 2848664 0 1
28 3142216 0 0
28 1557710 0 1
28 3733370 0 0
28 3409922 0 0
28 3712208 0 0
28 3335656 0 0
28 1459165 0 0
28 3358537 0 0
28 3141360 0 0
28 3554474 0 0
28 2778749 0 0
28 3119443 2 1
28 3794760 0 0
28 2516528 0 0
28 3049746 0 0
28 2074174 0 0
28 2763010 0 0
28 2595512 0 0
28 3841567 0 0
28 2999731 0 0
28 3119447 0 0
28 3405333 0 2
28 3098785 0 0
28 3539056 0 0
28 2687682 0 0
28 3195161 0 0
28 1942180 0 0
28 3198670 2 0
28 3695994 0 0
28 2977938 2 0
28 3691155 0 0
28 3420707 0 0
28 3598222 2 1
28 3278351 0 0
28 3870079 0 0
28 3485864 0 0
28 3819893 0 1
28 3702208 0 0
28 3509447 0 1
28 3750722 0 0
28 3890907 2 1
28 3553125 0 0
28 3554459 0 0
28 3640153 0 0
28 2661081 0 0
28 2984463 0 0
28 3493492 0 0
28 2974678 0 0
28 3884003 0 0
28 2955937 0 0
28 3409915 0 1
28 2008228 0 0
28 3713569 0 1
28 2137771 0 0
28 3483691 2 1
28 3618003 0 0
28 2453161 0 0
28 3448655 0 0
28 3638500 0 0
28 3181858 0 0
28 3615620 0 0
28 3181857 0 0
28 2605606 0 0
28 3387614 0 0
28 3514368 0 0
28 2111773 0 0
28 3062133 0 2
28 3218789 0 0
28 3658918 0 0
28 2631464 0 0
28 3245496 0 0
28 3599736 0 0
28 2010727 0 1
28 2892512 0 0
28 3245498 0 1
28 1459122 0 0
28 2448207 0 0
28 3272870 0 0
28 3595130 0 0
28 2180565 0 0
28 3461630 1 0
28 2727116 0 0
28 2858844 0 0
28 3806114 0 0
28 3491291 0 1
28 1972401 0 0
28 2778945 0 0
28 2957002 0 1
28 3603620 0 0
28 3820448 0 0
28 1188073 0 1
28 3843304 0 1
28 3295982 0 0
28 3471418 0 0
28 3337801 0 0
28 2017109 0 1
28 3542856 0 0
28 3706865 0 0
28 3876489 0 1
28 2777850 0 0
28 3021826 0 0
28 3787639 0 0
28 3881601 0 0
28 3525043 0 1
28 2827074 0 1
28 3829227 0 0
28 2777848 0 0
28 1566645 0 0
28 2644317 0 1
28 2936313 0 1
28 3649615 0 0
28 3063205 0 0
28 3751226 0 0
28 3548361 0 0
28 3699442 0 0
28 3841597 0 0
28 2008896 0 0
28 3784114 0 0
28 2886082 0 0
28 2010505 0 0
28 3784111 0 1
28 2944173 0 0
28 3518985 0 0
28 3249873 1 0
28 3529648 0 0
28 3537269 0 1
28 2834603 0 0
28 2709716 0 0
28 3201083 0 1
28 3666329 0 1
28 3632172 0 0
28 3520819 0 1
28 2131114 0 0
28 137938 0 1
28 3530868 0 0
28 3375662 1 1
28 2007576 0 0
28 3514151 0 0
28 3600131 0 1
28 2978397 0 1
28 2943074 0 1
28 3784101 0 0
28 1557709 0 0
28 3016264 0 1
28 3375667 0 0
28 3787618 0 1
28 2689244 0 1
28 3665245 0 0
28 3691773 0 0
28 3808108 0 0
28 2880966 0 0
28 2997721 0 1
28 3495845 0 0
28 3622356 0 0
28 2959219 0 1
28 2270282 0 0
28 3656534 0 0
28 3830271 0 0
28 2964803 0 0
28 3224599 0 0
28 3356514 0 0
28 3389841 0 0
28 3205660 0 0
28 3852055 0 0
28 3493673 0 1
28 3806158 2 1
28 3665256 0 0
28 3873172 0 0
28 3413583 0 0
28 270000 0 0
28 3655451 0 0
28 2729970 0 1
28 3702061 0 0
28 3191849 0 1
28 3356983 2 1
28 2752771 2 1
28 3830281 2 1
28 3180749 0 0
28 3527266 0 0
28 3691314 0 0
28 3706417 0 0
28 3715332 0 1
28 3237206 0 1
28 3025166 0 1
28 3533948 0 1
28 3213274 0 0
28 2387228 0 0
28 2803905 0 0
28 3481426 0 0
28 3058057 0 0
28 3880708 0 1
28 2727109 0 0
28 3800889 0 0
28 3687056 0 0
28 2833316 0 0
28 1539014 0 1
28 3424219 0 0
28 3489397 0 0
28 3751893 0 0
28 3583156 0 0
28 3356967 0 0
28 529427 0 0
28 3847921 0 0
28 2603853 0 1
28 2803915 0 1
28 2817077 0 0
28 2646781 0 1
28 3832684 0 0
29 138712 0 0
29 2727882 2 1
29 3045997 0 1
29 2096694 0 1
29 2899785 2 1
29 3881660 0 0
29 2448283 0 0
29 2844821 0 0
29 1937009 0 0
29 3054477 0 0
29 3603476 0 1
29 420244 0 1
29 2899787 0 1
29 3710624 0 0
29 3872718 0 0
29 3273686 2 0
29 1937001 2 1
29 3765577 0 0
29 3833586 0 0
29 2704526 0 0
29 2946855 0 1
29 2448275 0 0
29 3538966 0 1
29 3513203 2 1
29 2637853 0 0
29 3522380 0 1
29 3821373 0 0
29 2658535 0 1
29 3356946 0 0
29 3161865 0 1
29 3572401 0 0
29 3110274 0 0
29 3161864 0 1
29 1519927 0 1
29 2794498 0 0
29 2968416 0 1
29 3171671 0 0
29 2449158 0 0
29 517941 0 0
29 3022897 0 0
29 3123553 0 0
29 517940 2 1
29 1871579 0 1
29 3308652 0 0
29 1388220 0 1
29 1779450 0 1
29 3477034 0 0
29 2829413 0 1
29 3361047 0 1
29 2324209 0 1
29 2662826 0 1
29 3409548 0 1
29 2385640 0 0
29 2943125 0 0
29 2773750 0 1
29 3538503 0 0
29 3584603 0 1
29 3785153 0 1
29 3821110 0 1
29 554088 0 1
29 3785154 0 1
29 3419346 0 0
29 3785151 0 1
29 3785152 0 1
29 3785394 0 0
29 3565096 0 0
29 3717046 0 0
29 3064027 0 0
29 3785150 0 1
29 1824772 0 1
29 2361688 0 1
29 3238463 0 0
29 3785158 0 0
29 3001730 0 1
29 3785156 0 2
29 3823778 0 1
29 1413554 0 0
29 2886232 0 0
29 3711749 0 0
29 3359185 0 1
29 3683197 0 1
29 1994008 0 0
29 3388583 0 0
29 3562647 0 0
29 3616991 0 1
29 2811706 0 1
29 3360178 0 1
29 2988293 0 0
29 1828722 0 1
29 2778190 0 1
29 3650037 0 0
29 3707483 0 1
29 3296126 0 0
29 128942 0 0
29 2385662 0 0
29 3463056 0 0
29 2682452 0 0
29 2682451 0 1
29 3169776 2 1
29 3664671 0 0
29 2232040 0 1
29 1519726 0 1
29 3127745 0 0
29 3037085 0 0
29 3127985 0 1
29 3715282 0 1
29 3012801 0 0
29 3179342 0 1
29 2769231 0 1
29 3750261 0 0
29 3170766 0 1
29 2464747 0 0
29 2887538 0 0
29 2704503 0 0
29 517502 2 1
29 1513152 0 1
29 1950489 0 1
29 3701924 0 0
29 3181679 0 0
29 3549413 0 1
29 1513150 0 1
29 3331829 0 0
29 3459800 0 1
29 2815290 0 1
29 3517611 0 0
29 1297576 0 0
29 2814195 0 1
29 3837720 0 0
29 3261489 0 0
29 2982974 0 0
29 3765513 0 0
29 3404902 0 0
29 2050627 2 0
29 3127963 0 0
29 2810606 0 1
29 3178279 0 0
29 3847761 0 1
29 3278924 0 0
29 1315279 0 0
29 3844257 0 0
29 3628967 0 0
29 1193553 0 2
29 3354945 0 1
29 3644197 0 1
29 3181677 0 0
29 548688 0 0
29 2797589 0 1
29 2879905 0 0
29 3015099 0 0
29 3407177 0 1
29 3130705 0 0
29 3020297 0 1
29 3044021 0 0
29 2228389 0 1
29 2544367 0 0
29 2544369 0 1
29 2544368 2 1
29 2931762 2 1
29 3780330 0 0
29 2713632 0 0
29 3080357 0 1
29 2831916 0 0
29 3085804 0 1
29 3371951 0 1
29 1087494 0 0
29 2698849 0 1
29 3102469 2 1
29 3372804 0 1
29 2244617 0 0
29 3177805 0 1
29 3296391 2 1
29 3682693 0 1
29 3012448 0 0
29 2928355 0 0
29 2544373 0 0
29 3587294 0 1
29 3522545 0 1
29 2732142 0 0
29 1471803 0 1
29 3524720 0 1
29 3814898 0 0
29 3266527 0 0
29 2911929 0 1
29 2909499 2 1
29 3210008 0 1
29 3872570 0 0
29 1781937 0 1
29 2001222 0 1
29 2206379 0 1
29 2826300 0 0
29 3092927 0 1
29 3694466 0 1
29 2694454 0 1
29 3779318 0 0
29 2001223 0 0
29 2876847 0 0
29 3545899 0 1
29 3782731 0 0
29 3603098 0 1
29 3296386 2 1
29 3634802 0 0
29 2940258 0 0
29 2929215 0 1
29 3489866 0 1
29 3230100 0 0
29 3725503 0 0
29 1242225 0 0
29 2797384 0 1
29 2797382 0 0
29 3014884 0 0
29 2797381 0 1
29 3605493 0 0
29 3767342 0 1
29 2640888 0 0
29 3694453 0 1
29 2544356 0 1
29 3817709 2 2
29 3137550 0 1
29 3135135 0 0
29 3667094 0 0
29 3348476 0 0
29 3730092 0 1
29 1781939 2 1
29 29093 0 0
29 3603084 0 0
29 3371988 0 1
29 3708105 0 0
29 3138408 0 1
29 2661590 0 1
29 2921515 0 0
29 2449176 0 0
29 3555035 0 0
29 3207055 0 1
29 3072935 0 0
29 3854924 0 0
29 2732598 0 0
29 2768554 0 1
29 2808936 0 0
29 3443609 0 1
29 2978887 0 1
29 3407586 0 0
29 3427195 0 1
29 3546323 2 1
29 3488992 0 1
29 3783804 0 1
29 2604270 0 1
29 3555030 0 1
29 3152529 0 1
29 2631709 0 0
29 3220314 0 1
29 3783802 0 1
29 3555032 0 0
29 3848471 0 0
29 2391256 0 0
29 3556139 0 0
29 3174976 0 0
29 2637258 0 0
29 2998248 0 1
29 2840410 0 0
29 1526416 0 0
29 3047960 0 0
29 3657072 2 1
29 3603023 0 0
29 2788218 0 0
29 2949078 0 0
29 3534321 0 0
29 3724601 0 1
29 3257618 0 0
29 1892039 0 2
29 3257616 0 1
29 2771707 0 1
29 3733795 0 1
29 2609945 0 0
29 2891163 0 1
29 3183223 0 1
29 3011326 0 1
29 3194109 0 1
29 138785 0 1
29 3765115 0 1
29 3808807 0 0
29 3681199 0 0
29 3721573 0 0
29 3465895 0 0
29 3555027 0 0
29 3836008 0 1
29 3555028 0 1
29 3198705 0 1
29 3555029 0 1
29 3878087 0 0
29 3276347 0 1
29 3521275 0 0
29 3495039 0 0
29 2675522 0 0
29 2697534 0 1
29 3496369 0 1
29 3488989 0 1
29 3408662 0 1
29 3816651 0 1
29 3136023 0 0
29 3306827 0 0
29 3699934 0 0
29 3139535 0 1
29 3408668 0 1
29 2570417 0 0
29 2893118 0 0
29 2687730 0 0
29 3893466 0 1
29 3359316 0 1
29 1550715 0 0
29 3279540 0 0
29 3530573 0 0
29 3276034 0 0
29 3507551 0 0
29 3510960 0 0
29 3554544 0 1
29 3279547 0 0
29 3405402 0 0
29 2834580 0 1
29 3693630 0 1
29 3716722 0 0
29 3712367 0 0
29 2697589 2 1
29 3712364 0 0
29 2787277 0 1
29 2915553 0 1
29 3738997 0 1
29 1037038 0 0
29 2375371 0 0
29 2844387 0 0
29 3439425 0 0
29 1166565 0 1
29 3322490 0 0
29 1586194 0 1
29 2811462 0 0
29 3693629 0 1
29 1173097 0 0
29 3506235 0 1
29 3705817 0 0
29 3175226 0 1
29 1820757 0 1
29 2219716 0 1
29 2836753 0 0
29 3508415 0 0
29 3599221 0 0
29 3356020 0 0
29 2836751 0 0
29 2758833 0 1
29 3438100 0 0
29 3554319 0 1
29 3026790 0 0
29 3475985 0 1
29 2595676 0 0
29 3877618 0 0
29 3488609 0 0
29 3132720 2 1
29 2940745 0 0
29 3725442 0 0
29 2833249 0 0
29 2426701 0 1
29 3013263 0 0
29 3507578 0 0
29 2957171 0 1
29 2778413 0 0
29 3551255 0 1
29 2815806 0 1
29 3712386 0 0
29 3796859 0 0
29 2844365 0 1
29 2763167 0 1
29 3004552 0 1
29 3249910 0 1
29 3393120 0 1
29 2844364 0 1
29 2909088 0 0
29 2984314 0 2
29 2994350 0 0
29 3448399 0 1
29 2909081 0 0
29 3693648 0 0
29 1978207 0 1
29 2957188 0 1
29 2728188 2 1
29 1037001 0 0
29 1079931 0 0
29 2744655 0 0
29 2941618 0 1
29 3642010 0 1
29 2721319 0 0
29 3633304 0 1
29 1566373 0 1
29 3726797 0 1
29 2615330 0 1
29 3235767 0 0
29 3257314 0 0
29 3472203 0 0
29 3598560 0 0
29 3706718 0 0
29 2754422 0 1
29 554111 0 1
29 1524743 2 1
29 3759881 0 0
29 3448330 0 1
29 3447001 0 0
29 2940796 2 1
29 2582331 0 1
29 3013210 0 0
29 3235776 0 0
29 2799065 0 0
29 3230084 0 0
29 1327715 0 1
29 2686262 0 1
29 1785366 0 1
29 3046356 0 1
29 3022164 0 1
29 3322685 0 0
29 3317090 0 1
29 2447827 0 0
29 3701495 0 0
29 2390559 0 0
29 2909059 0 1
29 3405429 0 0
29 2585852 0 1
29 3431956 2 1
29 1947995 0 1
29 3405424 0 1
29 1618810 0 0
29 3417896 0 0
29 3645973 0 1
29 2628628 0 0
29 2997425 0 0
29 3499904 0 0
29 2761184 0 1
29 1519380 0 0
29 1661644 2 1
29 3002332 0 1
29 2811481 0 0
29 2811484 0 1
29 3230093 0 0
29 3463995 0 1
29 2564947 0 0
29 2917568 0 1
29 3345329 0 0
29 3849144 0 0
29 2834595 0 0
29 1519147 0 0
29 2953638 0 0
29 3154520 0 0
29 3794869 0 1
29 2289820 2 1
29 2679722 0 0
29 3226608 0 1
29 3840338 0 0
29 2844392 0 0
29 3141692 0 1
29 3208634 0 1
29 3208635 0 0
29 3095979 0 1
29 3427838 0 0
29 2990175 0 0
29 3737261 0 1
29 2323530 0 1
29 2974929 0 1
29 3560387 0 0
29 3383136 0 1
29 2374441 0 1
29 2744826 0 1
29 3479030 0 1
29 2940918 0 1
29 1193542 0 1
29 2877239 0 0
29 3678887 0 0
29 3258682 0 1
29 3702396 0 1
29 3853474 0 0
29 2613580 0 1
29 2991014 0 0
29 3154348 0 0
29 3240909 0 1
29 3475904 0 1
29 2613585 0 1
29 3721927 0 0
29 3890650 0 0
29 3539531 0 0
29 3680953 0 1
29 2613589 0 1
29 3131235 0 0
29 3599866 0 1
29 3830364 0 0
29 2924432 0 1
29 2974906 0 0
29 3234016 0 0
29 3738370 0 0
29 2643104 2 1
29 3663165 0 1
29 2448585 0 0
29 3552984 0 0
29 3563633 0 0
29 3122502 0 1
29 3552988 0 0
29 3122506 0 1
29 2721728 0 1
29 3292343 0 0
29 2766835 2 2
29 3005487 0 0
29 2797939 0 1
29 2948650 0 0
29 3539324 0 1
29 2613578 0 1
29 3353141 0 1
29 3414744 0 0
29 3889682 0 1
29 2483557 0 0
29 3134975 0 1
29 3521804 0 0
29 3526240 0 1
29 3633381 0 1
29 3122510 0 1
29 3854538 0 0
29 2448575 0 0
29 3530981 0 1
29 3634232 0 1
29 3122996 0 0
29 2654479 0 0
29 3122509 0 1
29 2841243 0 0
29 3309219 2 1
29 2483543 0 0
29 1180448 0 1
29 3189473 0 1
29 3659911 0 1
29 3543806 0 0
29 3614644 0 1
29 2664278 0 0
29 3669726 0 0
29 2703233 2 0
29 2448762 0 0
29 2750224 0 1
29 3579803 0 0
29 3889627 0 2
29 2705890 0 0
29 2911159 0 0
29 3603712 0 0
29 3308313 0 0
29 3587422 0 0
29 2566998 2 0
29 2723083 0 1
29 2900094 0 1
29 3063539 0 0
29 3824712 0 0
29 2448767 0 1
29 2448768 0 0
29 2448765 0 0
29 3639917 0 1
29 3765934 0 1
29 3012194 0 0
29 3447656 0 0
29 3747499 0 0
29 3448988 0 1
29 3414794 0 0
29 2948422 0 0
29 2448758 0 0
29 2811434 0 1
29 3095556 2 1
29 1566965 2 1
29 3205770 0 1
29 3793384 0 1
29 1847828 0 0
29 2448543 0 1
29 2096675 0 0
29 2448541 0 0
29 3281002 0 1
29 3693610 0 1
29 2448784 0 0
29 1190205 0 1
29 3307483 0 0
29 3005445 0 1
29 2595268 0 0
29 3005686 0 1
29 3516242 0 0
29 3166567 0 1
29 3655588 0 0
29 3437626 0 0
29 3380918 0 0
29 3480699 0 0
29 3615920 0 1
29 2688264 0 0
29 1891757 0 1
29 2096681 0 0
29 3121227 0 1
29 3648838 2 1
29 3721906 0 0
29 1819391 0 0
29 2926672 0 0
29 2571063 0 0
29 1082058 0 0
29 2797985 0 1
29 3168750 0 0
29 3686075 0 0
29 3120186 0 0
29 3859856 0 0
29 3721879 0 1
29 3757827 0 0
29 1480481 0 1
29 3305485 0 1
29 3365788 0 0
29 3671293 0 1
29 3825604 0 0
29 3109388 0 2
29 3871507 0 1
29 1298328 2 1
29 3135209 0 0
29 1253658 0 1
29 3856102 0 1
29 2291342 0 1
29 2848063 0 0
29 3798372 0 0
29 2941048 0 0
29 3367710 0 0
29 3708408 0 0
29 3430039 0 0
29 2612651 2 0
29 3663438 0 1
29 3719326 0 0
29 1033583 0 0
29 3652301 0 1
29 3603101 0 0
29 3753210 0 1
29 3082804 2 1
29 1936264 2 1
29 1936260 2 1
29 3120193 0 1
29 3767647 0 1
29 1584230 0 0
29 3879247 2 1
29 3685237 0 0
29 3459724 0 0
29 3775236 0 0
29 3006050 0 0
29 3544287 0 0
29 2657116 0 1
29 1502130 0 1
29 3195759 0 0
29 3170217 0 1
29 3263743 0 1
29 3789888 0 0
29 2323470 0 1
29 2980637 0 0
29 2948934 0 0
29 1971263 0 0
29 3114724 0 0
29 3505715 0 0
29 3191391 0 0
29 2427014 0 1
29 2922317 0 1
29 3086154 0 0
29 3120172 0 1
29 3517709 0 1
29 3720571 0 1
29 3021699 0 0
29 3172655 0 1
29 3638673 0 0
29 2700076 0 1
29 3798588 0 1
29 2567974 0 1
29 2449020 0 0
29 3880487 0 1
29 3218911 0 1
29 1298331 0 0
29 1550233 0 0
29 1894781 0 0
29 2613968 2 0
29 3702084 0 1
29 1550237 0 0
29 3263750 0 1
29 3019131 0 1
29 2831841 0 0
29 3654508 0 0
29 2706858 0 0
29 2945655 0 1
29 2448122 0 0
29 3856149 0 0
29 3220827 0 0
29 3860648 0 0
29 3881980 0 1
29 3086146 0 1
29 2971731 0 1
29 3624012 0 0
29 3115873 0 1
29 3775210 0 0
29 2291303 0 0
29 3033850 0 0
29 3114308 0 0
29 3655608 0 1
29 31435 0 1
29 3350259 0 0
29 3444410 0 0
29 3018451 0 0
29 2448111 0 0
29 3170891 0 0
29 3041226 0 0
29 2842556 0 0
29 3452289 0 0
29 2971740 2 1
29 3846577 0 0
29 3549561 0 0
29 2717923 0 1
29 550650 0 0
29 2710058 0 1
29 3261394 0 1
29 3410238 0 1
29 2914714 0 0
29 3237276 0 0
29 3264422 2 1
29 2291312 0 1
29 2291313 0 0
29 3261399 0 0
29 3800336 0 0
29 3126771 0 1
29 3536461 0 1
29 3856379 0 1
29 3314178 0 0
29 1074710 0 1
29 3859637 0 1
29 538523 0 0
29 2971719 2 1
29 3504662 0 0
29 3789840 0 1
29 2858096 0 1
29 3539526 0 0
29 2933483 0 0
29 2267485 2 1
29 2858094 0 1
29 2971711 0 1
29 3458830 0 1
29 3583441 0 0
29 3411311 2 1
29 2267483 2 1
29 3199083 0 1
29 3034724 2 1
29 3095960 0 0
29 3526457 0 1
29 3833481 0 0
29 3093787 0 1
29 3744732 0 1
29 2971725 2 1
29 3401754 0 0
29 3089860 0 1
29 2722047 0 1
29 2971729 0 1
29 1563984 0 0
29 317300 0 0
29 1208898 2 1
29 3012945 0 0
29 3193772 0 0
29 3027189 0 2
29 3705151 0 1
29 3824308 0 0
29 3517743 0 0
29 59631 0 0
29 2737775 0 0
29 3034950 0 0
29 3180223 0 0
29 2938034 0 1
29 3765292 0 1
29 128872 0 1
29 3012794 0 0
29 3790252 0 1
29 1308846 0 1
29 1187894 0 1
29 2233614 0 1
29 2329635 2 1
29 3195106 0 1
29 2233616 0 0
29 2430234 0 1
29 3306973 0 1
29 3194012 0 1
29 3535749 0 0
29 2872349 0 1
29 3114588 0 0
29 2075484 0 0
29 3375198 0 1
29 3603196 0 0
29 3628497 0 1
29 3241336 0 1
29 2847131 0 0
29 2682377 0 1
29 3747868 0 1
29 2799410 0 0
29 3427033 0 1
29 2837568 0 1
29 2963487 0 1
29 2682380 2 1
29 3050836 0 0
29 3317859 0 1
29 3566481 0 1
29 3844196 0 1
29 2990843 0 0
29 3602098 0 1
29 3241326 0 0
29 3241325 0 0
29 3232638 2 1
29 3683218 0 1
29 3135263 0 1
29 2841810 0 0
29 1784082 0 1
29 2681029 0 1
29 3349675 0 0
29 3114323 0 1
29 3219175 0 1
29 2813582 0 0
29 3265521 0 0
29 2813584 0 0
29 1885425 0 1
29 2701558 0 0
29 1993940 0 0
29 2093930 0 0
29 3254894 0 0
29 3683445 0 1
29 3663617 0 0
29 3620522 0 0
29 3779441 0 0
29 2588091 2 1
29 3181194 0 0
29 3306744 0 0
29 3186889 2 2
29 3329847 0 0
29 3565137 0 1
29 1524774 0 0
29 3578444 0 1
29 3466411 0 0
29 2475342 0 1
29 2479703 0 0
29 3022315 0 1
29 2164948 0 1
29 3615385 0 0
29 1090584 0 0
29 3379594 0 0
29 3880492 0 1
29 3891392 0 0
29 3284098 0 0
29 3770846 0 1
29 3257714 0 1
29 2546467 2 1
29 1090585 0 0
29 3257716 0 1
29 1315347 0 0
29 3114388 0 0
29 3671015 0 0
29 2687623 0 1
29 2719257 0 1
29 3338527 0 1
29 3351985 0 0
29 3851532 0 0
29 2799453 0 0
29 3500688 0 1
29 3409880 0 0
29 2646079 0 0
29 3480917 0 1
29 3560755 0 1
29 3724714 0 0
29 129996 0 1
29 2859334 0 1
29 3615154 0 0
29 1151653 0 0
29 3276006 2 1
29 2840536 0 1
29 3665816 0 1
29 3573808 0 1
29 3241360 0 1
29 2546475 2 1
29 3263175 0 1
29 3101052 0 1
29 3500695 0 0
29 3557580 0 0
29 2270830 0 1
29 3370310 0 1
29 1257646 0 1
29 3488401 0 1
29 3556013 0 1
29 3257973 0 1
29 1240199 0 0
29 2443770 0 0
29 2714827 2 1
29 3594937 0 1
29 3776368 0 1
29 1933426 0 1
29 3362852 0 0
29 2500012 0 0
29 2895883 0 1
29 2277453 2 1
29 2815324 0 1
29 3351968 0 0
29 3395865 0 0
29 3125011 0 0
29 2779301 0 1
29 3092612 0 1
29 3020169 0 0
29 3503740 0 0
29 3617310 0 1
29 3108700 0 1
29 3847487 0 1
29 3792601 0 1
29 3792605 0 1
29 2449062 0 0
29 3258815 0 1
29 3872669 0 1
29 126217 2 1
29 2628337 0 0
29 2687617 0 0
29 3567117 0 1
29 2895898 0 0
29 3466858 0 0
29 2895897 2 1
29 3649126 0 1
29 3371423 0 1
29 3443996 0 0
29 3875933 0 0
29 2799006 0 0
29 3172068 0 1
29 3748435 0 0
29 3258724 0 1
29 3526198 0 0
29 2515887 0 1
29 2686330 0 1
29 3195182 0 0
29 3653065 0 0
29 2699644 2 1
29 3888616 0 1
29 2699648 0 1
29 3349853 0 0
29 3888611 0 0
29 3437129 0 0
29 2825518 0 1
29 2442067 0 1
29 3459383 0 0
29 3372523 0 1
29 3672822 0 1
29 3336305 0 0
29 3096310 0 1
29 3127492 0 1
29 3308061 0 1
29 3700249 0 1
29 3154867 0 1
29 3257623 0 0
29 3257624 0 0
29 3196262 0 1
29 3667237 0 1
29 3807847 0 1
29 3657675 0 0
29 3747330 0 0
29 2740198 0 0
29 3556858 0 0
29 1876220 0 0
29 2048947 0 1
29 3888623 0 0
29 2947011 2 1
29 2686344 0 1
29 2777212 0 0
29 3221217 0 1
29 3529243 0 1
29 3748453 0 0
29 3600308 0 0
29 3277468 0 1
29 1184084 2 1
29 1184085 0 1
29 3496314 0 1
29 3442737 0 0
29 3485663 0 0
29 2597761 0 0
29 2699861 0 1
29 3687090 0 0
29 2190181 0 0
29 3131985 2 1
29 1386726 0 1
29 3225820 0 1
29 3681790 0 0
29 2642771 0 1
29 2642770 0 1
29 3666393 0 1
29 2557012 0 0
29 2779855 0 1
29 3325418 0 1
29 3327838 0 1
29 3508554 0 0
29 3052714 0 0
29 1621072 0 0
29 2997974 0 1
29 3452300 0 0
29 2671087 0 1
29 2762180 0 1
29 493281 2 1
29 3437157 0 0
29 3143956 0 1
29 3137273 0 0
29 2596423 0 0
29 2631895 0 0
29 3545703 0 1
29 3591402 0 1
29 3263079 0 1
29 3724254 0 1
29 2963506 0 0
29 3403331 0 1
29 2322920 2 1
29 3281785 0 1
29 3451623 0 0
29 3255495 0 1
29 3335891 0 0
29 3474988 0 1
29 2726078 0 1
29 3212801 0 1
29 1993952 0 0
29 3659886 0 0
29 3866628 0 0
29 3197561 0 0
29 3439742 0 0
29 3564024 0 0
29 3004850 0 1
29 2762178 0 1
29 3547930 0 0
29 2743656 0 0
29 555556 0 1
29 3335896 0 1
29 2040183 2 1
29 2817938 2 1
29 3774930 0 1
29 1968346 0 0
29 3793432 0 1
29 2825541 0 0
29 2974699 0 0
29 3143536 0 0
29 1240820 0 0
29 2890385 0 0
29 3610307 0 1
29 3659899 0 0
29 3370158 0 1
29 1079847 0 1
29 2881430 0 0
29 3257699 0 0
29 2685264 0 1
29 2685263 2 1
29 2880349 0 1
29 3139264 2 1
29 3139265 0 1
29 3293506 0 1
29 3139266 0 1
29 3779358 0 0
29 2361905 0 0
29 2690851 0 1
29 3221026 0 1
29 3523504 0 1
29 3522411 0 1
29 2685267 2 1
29 3481028 0 1
29 3402277 0 0
29 2942871 0 1
29 2447977 0 0
29 3724686 0 0
29 3852442 0 0
29 3750722 0 0
29 1257461 0 0
29 2584650 0 1
29 3110849 0 1
29 2909164 0 1
29 2959046 0 0
29 3855705 0 0
29 3154641 0 0
29 2990904 2 1
29 2990903 0 0
29 2764563 0 0
29 3110850 0 0
29 3139257 2 1
29 3139259 0 0
29 2717144 0 0
29 2646713 0 0
29 3468024 0 1
29 3809875 2 1
29 2551581 0 0
29 2605606 0 1
29 3562686 0 1
29 2248794 2 1
29 2248795 0 0
29 59527 0 0
29 3142498 0 1
29 3131127 0 0
29 3331493 0 1
29 3877328 0 1
29 2442901 0 0
29 3039115 0 1
29 2518511 0 0
29 3833998 0 0
29 130045 0 1
29 3853587 0 1
29 3235457 0 1
29 107028 0 1
29 3632199 0 0
29 3549483 2 1
29 3178695 0 0
29 2890340 0 0
29 1188071 0 0
29 2350132 0 0
29 3190555 0 0
29 3540676 0 0
29 3295981 0 0
29 2569092 0 1
29 3529881 0 0
29 3854668 0 1
29 3153367 0 0
29 2008658 0 0
29 3321464 0 0
29 3251948 0 0
29 3657849 0 0
29 3273702 0 1
29 2350141 0 1
29 1208901 0 0
29 3251947 0 1
29 2350144 0 0
29 3869728 2 1
29 3034922 0 0
29 3537268 0 1
29 3141385 2 1
29 3537266 0 1
29 2483438 0 0
29 3878686 0 1
29 2096525 0 0
29 3160709 0 1
29 3018444 0 0
29 3632172 0 1
29 2957220 0 1
29 2935455 0 0
29 3179323 0 1
29 3089825 0 0
29 137939 0 1
29 1945022 0 1
29 137937 0 0
29 3334757 0 0
29 3140289 0 0
29 2721830 0 0
29 3693917 0 0
29 2811973 0 0
29 3013164 0 0
29 3096505 0 0
29 3612791 0 0
29 3632166 0 1
29 3652172 0 1
29 3517437 0 1
29 2880967 0 0
29 2845554 0 1
29 1959236 0 0
29 2633203 0 1
29 3437962 0 1
29 2898017 0 0
29 2847730 0 0
29 3438813 0 1
29 3543732 0 1
29 1250227 0 0
29 3537285 0 1
29 3016442 0 0
29 3632153 0 0
29 2809239 0 0
29 2206728 0 1
29 2742735 0 0
29 1939859 0 0
29 3135990 2 0
29 2890541 0 1
29 2785866 0 0
29 3343680 0 0
29 2785868 0 1
29 3703157 0 0
29 3688353 0 0
29 3017530 0 0
29 3769156 0 0
29 1847707 0 0
29 3017306 0 1
29 2553780 0 0
29 3306272 0 1
29 2887139 0 0
29 2992496 0 0
29 3237201 0 0
29 3155346 0 1
29 3350192 0 0
29 2747391 0 1
29 3236357 0 1
29 3176487 0 1
29 2911057 0 0
29 3737127 0 0
29 3869920 0 1
29 3107065 0 1
29 3763616 0 0
29 2877339 0 0
29 3471409 0 0
29 2948330 2 1
29 3142036 0 1
29 2577951 0 0
29 2992490 0 0
29 3142030 0 0
29 3800649 0 1
29 1866224 2 1
29 3881811 0 1
29 2879983 0 1
29 3482517 0 0
29 3482518 0 0
29 1914344 0 1
29 1609173 2 1
29 3238301 0 1
29 3714496 0 0
29 3153395 0 1
29 3199599 0 1
29 3583156 0 0
29 3082157 0 0
29 2867770 0 0
29 3677008 0 1
29 2613887 0 0
29 2646781 0 0
29 3328282 0 1
29 2810440 0 0
29 2361086 0 0
29 3015371 0 0
29 3165120 0 0
30 2751753 0 0
30 3579048 0 1
30 1994047 0 0
30 1994049 0 1
30 2726558 0 0
30 3868691 0 1
30 2828107 0 1
30 3735910 0 1
30 29021 0 0
30 1036987 0 0
30 1526441 0 0
30 2464772 2 0
30 1994040 0 0
30 3263884 0 0
30 3318675 0 0
30 3499282 0 1
30 3833587 0 0
30 3030022 0 0
30 3030021 0 0
30 1994045 0 1
30 2769272 0 0
30 2943579 0 0
30 3361053 2 1
30 2804148 2 1
30 2599233 0 0
30 3777325 0 1
30 2694641 0 0
30 3792946 2 1
30 2955315 0 0
30 2736586 0 1
30 3056427 0 0
30 3030013 0 0
30 1139863 0 0
30 1994050 0 1
30 3259362 0 0
30 3573973 0 0
30 3467449 0 1
30 3339114 0 0
30 3420585 0 1
30 3663320 0 0
30 3431238 0 1
30 3820495 0 0
30 3878030 0 0
30 3809252 0 0
30 1781775 0 1
30 2324209 2 1
30 2657235 0 1
30 3375013 0 1
30 2760694 0 0
30 3132035 0 0
30 3184515 0 0
30 3311823 0 0
30 3376342 0 0
30 2222229 0 0
30 3180398 0 0
30 3406274 0 1
30 3361033 0 1
30 3170353 0 0
30 3102884 0 1
30 3560658 0 0
30 3170355 0 0
30 2908790 0 0
30 3488385 0 1
30 3148601 0 1
30 3641729 0 1
30 3074290 0 0
30 2826379 0 0
30 3134683 0 1
30 3649685 0 1
30 2895179 0 1
30 3866475 0 0
30 2955573 0 1
30 3412712 0 1
30 3499272 0 1
30 3675306 0 1
30 2323360 0 0
30 2943114 0 1
30 3444364 0 0
30 2908785 0 1
30 3259140 0 0
30 2827051 0 0
30 2769480 0 0
30 3392843 0 0
30 2726513 0 0
30 2448483 0 0
30 2811944 0 0
30 3538779 0 1
30 3638540 0 0
30 2174471 0 1
30 3227341 0 0
30 3499243 0 1
30 3664675 0 1
30 3786473 0 1
30 1175909 2 0
30 3750277 0 1
30 2657253 0 0
30 3515898 0 1
30 3673397 0 0
30 2875536 0 0
30 1988801 0 0
30 1906784 0 1
30 3784058 0 0
30 3572695 0 1
30 2705819 2 1
30 3166266 0 1
30 2559826 0 0
30 3575960 0 1
30 2853505 0 0
30 3646160 0 0
30 3341425 0 1
30 2705820 0 1
30 3045948 0 0
30 3096912 0 0
30 2448235 0 0
30 3390430 0 1
30 3634178 0 1
30 3452169 0 0
30 3476111 0 0
30 2133512 0 0
30 2769473 0 0
30 3674472 0 1
30 2955599 0 0
30 3080946 0 1
30 3074272 0 0
30 3333805 2 1
30 3707238 0 1
30 3759076 0 0
30 2531024 0 1
30 3094747 0 0
30 1994028 2 1
30 1435775 0 1
30 1513152 0 1
30 2771786 0 0
30 3227363 0 1
30 2443809 0 0
30 3641938 0 0
30 3701928 0 0
30 1832179 0 0
30 1034980 0 0
30 3078860 0 0
30 3178020 0 1
30 3626770 0 1
30 1232859 0 0
30 3194749 0 0
30 3571583 0 1
30 3834211 0 0
30 3600181 0 1
30 3837720 0 0
30 2756388 0 0
30 2726538 0 1
30 2779267 0 0
30 1994037 0 1
30 3361473 0 0
30 2591727 0 0
30 3337383 0 0
30 3838825 0 0
30 3423408 0 0
30 3459815 0 1
30 3253404 0 1
30 3517627 0 0
30 2424060 0 0
30 3191478 0 0
30 3842075 0 0
30 3012823 0 0
30 1139607 0 0
30 3757910 0 0
30 3649883 0 0
30 3745935 0 1
30 3767941 0 1
30 2943156 0 1
30 3613237 0 0
30 1994035 2 1
30 2884204 0 0
30 2797594 0 1
30 3103567 0 0
30 3291708 0 1
30 3499201 0 1
30 2962261 0 1
30 2672442 0 1
30 1079864 0 1
30 3193044 0 0
30 2228386 0 1
30 2952456 0 1
30 3161453 0 0
30 2769449 2 1
30 2847255 0 1
30 2927493 0 0
30 3011348 0 0
30 3346065 0 0
30 2693140 0 1
30 3072742 2 1
30 3611701 0 0
30 2467409 0 1
30 1044194 0 2
30 2244618 0 1
30 2671106 0 1
30 3743376 0 1
30 3499213 0 0
30 2226191 0 1
30 3499211 0 2
30 3606122 0 0
30 2894022 0 0
30 1471804 0 1
30 2544370 0 0
30 2376070 0 0
30 3019070 0 0
30 1626463 2 0
30 3125361 0 0
30 3312289 2 1
30 137242 0 0
30 3212428 2 1
30 3786091 0 1
30 2797375 0 1
30 1044183 0 2
30 3227162 0 0
30 3458916 0 0
30 3580899 0 0
30 3557637 0 1
30 3660211 0 0
30 3175877 0 1
30 2955509 0 0
30 2826300 0 0
30 3686606 0 1
30 2672220 0 0
30 3452136 0 0
30 2790738 0 0
30 2672467 0 0
30 3420748 0 0
30 2769421 0 0
30 3198993 0 0
30 3160386 0 0
30 3328892 0 1
30 2997343 0 1
30 2442122 2 1
30 2687926 0 0
30 3161236 0 0
30 2756345 0 1
30 3336249 0 0
30 3840705 0 0
30 3850740 0 0
30 2531043 0 0
30 2987770 0 0
30 2672459 0 1
30 2672458 0 1
30 2531040 0 1
30 2700591 0 0
30 2771972 0 1
30 2797382 0 0
30 2553053 0 0
30 2886876 0 0
30 2640888 0 0
30 3888922 0 1
30 3522320 0 0
30 1523324 0 1
30 3418896 0 0
30 1761711 0 0
30 3883478 0 1
30 2217271 0 0
30 3487217 0 1
30 3628368 0 1
30 3113364 0 0
30 1139003 0 0
30 3042093 0 0
30 3673762 0 0
30 3521475 0 0
30 1626486 0 0
30 3780548 0 0
30 3059755 0 0
30 3631521 0 0
30 2014771 0 0
30 2988623 0 1
30 2858115 0 1
30 3019028 0 0
30 2921518 0 0
30 3583747 0 0
30 2737804 0 0
30 2737801 0 1
30 2675514 0 1
30 3346266 0 1
30 3232536 0 0
30 3080323 0 1
30 2464578 0 0
30 3570433 0 0
30 2893367 0 1
30 3819912 0 0
30 3804429 0 0
30 3395961 0 0
30 2663534 0 0
30 2475460 0 0
30 3871422 0 0
30 3560638 0 1
30 2860444 2 1
30 3581796 0 0
30 3616125 0 0
30 2998248 2 1
30 3509386 0 1
30 3847148 0 0
30 3734632 0 1
30 3137137 0 0
30 1036775 0 0
30 3627015 0 0
30 1299322 0 0
30 3030057 0 1
30 2868169 0 1
30 3083816 0 0
30 3827319 0 0
30 2526518 0 0
30 546203 0 0
30 1550937 0 0
30 3030055 0 1
30 3434906 0 0
30 2923718 0 0
30 137445 0 0
30 1185536 0 1
30 2945509 0 0
30 3849314 0 0
30 3566391 0 1
30 1397818 0 0
30 1786189 0 0
30 2384513 0 1
30 3339718 0 0
30 3808807 0 0
30 3147160 0 1
30 2533016 0 1
30 2779417 0 0
30 2859479 0 1
30 3848692 0 0
30 3024648 0 0
30 2685790 0 0
30 2859477 0 1
30 3173660 0 0
30 2672256 0 0
30 3569897 0 0
30 1550952 0 0
30 3219242 0 0
30 2599059 0 0
30 3148480 0 0
30 2989515 0 1
30 2989756 0 1
30 2875708 0 0
30 3701993 0 1
30 2686887 0 0
30 2941136 0 0
30 3525639 0 1
30 1947977 0 1
30 3405406 0 0
30 3610452 0 1
30 3116486 0 0
30 2697586 0 0
30 3046165 0 0
30 3533604 0 1
30 3521621 0 1
30 3242026 0 0
30 3815114 0 1
30 2494623 0 0
30 2768636 0 0
30 2494620 0 1
30 3613968 0 0
30 2169246 0 0
30 3514081 0 0
30 2760916 0 1
30 2790441 0 1
30 2812798 0 1
30 3373975 0 1
30 3599214 0 0
30 2882891 2 1
30 2637291 0 1
30 3384631 0 1
30 2672274 0 0
30 3586121 0 0
30 3004541 0 0
30 2697592 0 0
30 2925360 0 0
30 3874347 0 0
30 1266033 0 0
30 3704960 0 1
30 3877610 0 0
30 270718 2 0
30 3849595 0 1
30 2259142 0 0
30 3015687 0 1
30 155634 2 1
30 2994112 0 1
30 3390085 0 0
30 3587687 0 0
30 3591748 0 1
30 3349957 0 0
30 2740280 0 0
30 3654293 0 0
30 3439687 0 0
30 2892692 0 0
30 3002374 0 1
30 3841631 0 1
30 2871551 0 0
30 2822572 0 1
30 3345594 0 1
30 2740289 0 0
30 3368232 0 1
30 3393122 0 1
30 3335556 0 0
30 2964947 0 0
30 3429832 0 0
30 3658657 0 0
30 3542306 0 1
30 3519551 0 0
30 2448508 0 0
30 1139195 0 0
30 3311144 0 0
30 2994107 0 1
30 3235997 0 1
30 3232486 0 0
30 3156902 0 1
30 3429822 0 1
30 3016304 0 1
30 3278207 0 1
30 3587677 0 0
30 3750881 0 0
30 1079931 0 1
30 3704709 0 0
30 3495359 0 1
30 3712159 0 0
30 3678016 0 1
30 3670530 0 1
30 3876306 0 0
30 3460030 0 0
30 3461364 0 0
30 3038794 0 1
30 1884155 0 0
30 3796830 0 0
30 3470020 0 1
30 1867816 0 1
30 3826290 2 1
30 3024333 0 0
30 3546965 0 1
30 3028941 0 1
30 3716929 0 1
30 2603587 0 0
30 2847211 0 0
30 2359930 0 0
30 2903525 0 0
30 2997201 0 0
30 2892437 0 0
30 3599413 0 1
30 3632200 0 0
30 2686256 0 1
30 2715055 0 0
30 3636805 0 0
30 3059445 0 0
30 3209998 0 0
30 2686260 2 1
30 2799065 0 0
30 1180830 0 0
30 3061777 0 0
30 3590604 0 1
30 2998525 0 0
30 2938469 0 1
30 2629964 0 1
30 2740278 0 0
30 3701495 2 0
30 3356466 0 0
30 3395557 0 0
30 3722376 0 0
30 3004508 0 1
30 3013222 0 0
30 2685385 2 0
30 3235785 0 1
30 3871041 0 1
30 3721290 0 1
30 2882888 2 1
30 2008579 0 0
30 3146916 0 1
30 1936414 0 0
30 3163217 0 0
30 3291453 0 0
30 3629249 0 1
30 2740002 0 1
30 3035018 0 1
30 3883260 0 0
30 3097588 0 0
30 3205379 0 1
30 3485988 0 1
30 3746119 0 1
30 3161273 0 0
30 3873465 0 0
30 3329083 0 0
30 3016743 0 0
30 3493372 0 0
30 3769201 2 0
30 3139133 2 1
30 3760632 0 0
30 1785383 0 1
30 3049881 0 0
30 3219765 0 0
30 3543206 0 0
30 3028953 0 0
30 2740015 0 0
30 2733972 0 1
30 2615549 0 1
30 2844392 0 0
30 3163221 0 1
30 3577678 0 0
30 3672512 0 0
30 3599449 0 1
30 3299167 0 1
30 3630236 0 0
30 3747436 0 1
30 2448935 0 0
30 3774445 0 1
30 3612472 0 1
30 3547178 0 1
30 1097737 0 1
30 2691645 0 0
30 3152174 0 0
30 2905345 0 0
30 3410168 0 0
30 3152170 0 0
30 3600242 0 0
30 3517754 0 0
30 3051127 0 0
30 3576735 0 0
30 1082008 0 0
30 1808476 0 1
30 2576766 0 0
30 3236428 0 0
30 2691651 0 0
30 3878786 0 0
30 2693835 0 1
30 3181967 0 0
30 2693837 0 0
30 2481397 0 1
30 3752881 0 1
30 3517768 0 0
30 2605739 0 0
30 3366228 0 0
30 2906428 0 1
30 2956245 0 0
30 3517523 0 0
30 3604869 0 0
30 2877228 0 0
30 3679720 0 1
30 2740235 0 0
30 2877227 0 1
30 2532957 0 0
30 2613589 0 0
30 3132325 0 0
30 3599866 0 0
30 3740665 0 0
30 3282534 0 0
30 2561009 0 1
30 3717430 0 0
30 3354470 0 0
30 3383153 2 1
30 3199046 0 0
30 1474624 0 0
30 1033731 0 0
30 3541613 0 1
30 2772271 0 1
30 3615972 0 0
30 3639921 0 1
30 2666450 0 0
30 3529997 0 0
30 3224462 0 1
30 2448575 0 0
30 3197099 0 0
30 3834709 0 0
30 1201156 0 0
30 2630042 0 1
30 3342257 0 1
30 3600257 0 1
30 1474619 0 0
30 3599649 0 1
30 1315918 0 0
30 3015290 0 0
30 3543806 0 1
30 3712160 0 0
30 3665125 0 1
30 2912246 0 0
30 3063789 0 0
30 3885268 0 0
30 3132373 0 0
30 2822791 0 0
30 2801628 2 1
30 3656895 0 1
30 1474600 0 1
30 3724385 0 1
30 3693826 0 1
30 3402108 0 1
30 3632034 0 0
30 2703243 0 0
30 2784465 2 0
30 2698085 0 1
30 1037069 0 2
30 3132363 0 1
30 3132364 0 0
30 2803817 0 1
30 3027449 0 1
30 3189893 0 0
30 3400162 0 0
30 3521818 0 0
30 2479278 0 1
30 2900089 0 0
30 3521814 0 1
30 3691638 0 0
30 2386464 0 0
30 3858950 0 1
30 3018997 0 1
30 153495 0 0
30 3015243 0 0
30 3492672 0 1
30 3363143 2 1
30 3321307 0 2
30 3329472 0 1
30 3752876 0 1
30 2633343 0 0
30 3675197 0 1
30 2762432 2 1
30 3697188 0 0
30 3249317 0 1
30 3414549 0 0
30 3786610 0 1
30 3191515 0 0
30 1824744 0 0
30 3619046 0 1
30 3575667 0 1
30 2887499 0 0
30 3632029 0 1
30 3517571 0 1
30 3615923 0 0
30 1241850 0 0
30 3258019 0 1
30 3281253 2 1
30 3281255 0 0
30 2991275 0 1
30 3866317 0 1
30 3369912 0 0
30 3516016 0 1
30 2571066 0 1
30 2890882 0 1
30 3040428 0 0
30 3072477 0 0
30 3686070 0 0
30 2796655 0 0
30 2855435 0 1
30 3836920 0 1
30 2990183 0 0
30 3658867 0 1
30 3485910 0 0
30 3483730 0 1
30 3701078 0 0
30 2728612 0 1
30 3065004 0 1
30 2771000 0 1
30 2728614 0 1
30 3685454 2 1
30 3018257 0 0
30 3126720 0 0
30 3845691 0 0
30 2098751 0 1
30 2693661 0 1
30 1592077 0 0
30 3010778 0 0
30 1036866 0 0
30 3310834 0 1
30 3825604 0 0
30 3526875 0 0
30 3835886 0 1
30 3873921 0 1
30 1940305 0 1
30 3390736 0 1
30 3350058 0 0
30 3166187 2 1
30 3741230 0 0
30 3721886 0 0
30 3180239 2 1
30 3614262 0 0
30 3785054 0 1
30 2569935 0 1
30 3124316 0 0
30 3671280 0 1
30 1318485 0 1
30 3491212 0 0
30 2737796 0 1
30 3670194 0 0
30 2717963 0 0
30 3831294 2 1
30 3832384 2 1
30 3396049 0 0
30 3789898 0 1
30 3526867 0 0
30 3789899 0 1
30 2729720 0 1
30 3145465 0 1
30 3173977 0 0
30 3086162 0 1
30 3791961 0 0
30 3006050 0 0
30 3329674 0 0
30 2997063 0 0
30 3844346 0 0
30 2798987 0 0
30 2906497 0 0
30 3120174 0 1
30 2922317 2 1
30 2474682 0 1
30 2922316 0 1
30 1781429 0 0
30 3172655 0 1
30 3617994 0 0
30 2496697 0 0
30 3221906 0 0
30 2374634 0 1
30 3047824 0 1
30 2957620 0 1
30 2449020 0 0
30 3790866 0 0
30 3604448 0 1
30 3350022 0 0
30 3137834 0 0
30 2323000 0 0
30 2556674 0 0
30 3150870 0 1
30 2667172 2 1
30 3452035 0 1
30 3714068 0 0
30 3814988 0 0
30 2737768 0 0
30 3649559 0 1
30 3086146 0 1
30 3389317 0 0
30 3033857 2 1
30 2893089 0 1
30 2908657 0 0
30 2077861 0 0
30 3296488 0 0
30 3513595 0 1
30 3296005 0 1
30 1764010 0 0
30 2293964 2 1
30 2293966 0 1
30 3665880 0 0
30 2922325 0 0
30 3259051 0 0
30 3018453 0 0
30 2293961 2 0
30 2588438 0 1
30 3443571 0 0
30 1475081 0 0
30 2650986 0 0
30 1540420 0 1
30 2293969 2 1
30 3524242 0 1
30 3880664 0 0
30 2686947 2 1
30 3141910 0 1
30 3677625 0 1
30 3137651 0 1
30 1274324 0 0
30 2785468 0 0
30 2955474 0 1
30 3298655 0 0
30 2737754 0 1
30 3675203 0 0
30 2556668 0 1
30 2852785 0 1
30 2908401 0 0
30 3143099 0 0
30 2517059 0 0
30 3143083 0 1
30 2886329 0 0
30 2576460 0 1
30 3182649 0 0
30 2967696 0 0
30 3066758 0 1
30 2827156 0 0
30 3253771 0 1
30 3560565 0 0
30 2291319 0 1
30 3192212 0 0
30 2827159 0 0
30 3716024 0 0
30 1635700 0 0
30 2635122 0 1
30 3075474 0 1
30 2981768 0 1
30 2661899 0 1
30 59621 0 1
30 3377355 0 0
30 3833481 0 0
30 3744731 0 0
30 3200126 0 0
30 3388257 0 1
30 3581257 0 0
30 3447712 0 1
30 3517745 0 0
30 2693210 0 0
30 3214515 0 0
30 2769333 0 1
30 3099090 0 0
30 3778715 0 1
30 3569379 0 1
30 2914738 0 0
30 2686929 0 1
30 3814995 0 0
30 3249269 0 0
30 3414810 0 1
30 2291334 2 1
30 3699419 0 1
30 3150839 0 1
30 3728498 0 0
30 3557161 0 0
30 2628175 0 1
30 3560943 0 0
30 3555597 0 0
30 3124386 0 0
30 3375193 0 0
30 3847233 0 0
30 1590051 2 0
30 2449096 0 1
30 2767142 0 1
30 2695205 0 1
30 1409780 0 1
30 3302134 0 1
30 2686979 0 0
30 3160001 0 1
30 3775097 0 0
30 3466888 0 1
30 2480503 0 0
30 3616046 0 0
30 3606484 0 0
30 1533498 0 0
30 1993926 0 0
30 2697630 0 0
30 2658016 0 0
30 2990843 0 0
30 3141707 0 0
30 2769310 0 0
30 2854929 0 1
30 2872575 0 0
30 3512871 0 1
30 3629350 0 0
30 3487356 0 0
30 2702879 0 1
30 3465545 0 0
30 3177918 0 0
30 3641458 0 0
30 1308829 0 1
30 2779349 2 1
30 3126789 0 0
30 3658255 0 0
30 2722015 0 1
30 3764185 0 1
30 3419875 0 0
30 3284276 0 1
30 2595620 0 0
30 3485389 0 0
30 3162685 0 1
30 3566479 0 0
30 1716834 0 0
30 2570569 0 1
30 3628471 0 0
30 2922941 0 0
30 3147240 0 0
30 3177927 0 1
30 3872699 0 1
30 3748735 0 1
30 3392315 0 0
30 3413080 0 1
30 3555588 0 1
30 3805841 0 0
30 3555585 0 1
30 3683440 0 1
30 3746783 0 1
30 3746784 0 0
30 1993941 0 1
30 1044290 0 0
30 3835239 0 1
30 3804995 0 0
30 2233623 0 0
30 2556681 0 0
30 1993945 0 1
30 1993946 0 1
30 3475120 0 0
30 3588009 0 0
30 3780660 0 1
30 2503957 0 0
30 3114338 0 1
30 3487339 0 1
30 2136000 0 0
30 3222603 0 0
30 2791727 0 0
30 3565137 0 1
30 3237099 0 1
30 3856151 0 0
30 2093928 0 0
30 2724429 0 1
30 1369001 0 0
30 2045103 0 0
30 2990894 0 0
30 3767671 0 0
30 2830980 0 0
30 3536634 0 0
30 3209594 0 1
30 3683479 0 1
30 2842962 0 1
30 3775059 0 1
30 2672120 0 1
30 3279506 0 0
30 3184652 0 1
30 3485124 0 0
30 3852629 0 1
30 2335289 0 0
30 3671015 0 1
30 3338527 0 0
30 3338765 0 1
30 3558662 0 1
30 2270826 0 0
30 2939394 0 1
30 2475358 0 0
30 2859334 0 0
30 3088395 0 0
30 2881009 0 1
30 3708050 0 0
30 2568006 0 1
30 2771834 0 1
30 3452202 0 0
30 3065056 0 1
30 3884863 0 0
30 2958933 2 1
30 3141516 0 0
30 2911602 0 0
30 3061924 0 0
30 3671004 0 1
30 3500695 0 0
30 3557580 0 1
30 3394745 0 1
30 3590570 0 1
30 3487315 2 1
30 3258820 0 0
30 3420662 0 1
30 3658298 0 1
30 3252288 0 0
30 3614034 0 0
30 3024513 0 1
30 3534478 0 0
30 3116541 0 0
30 524514 0 0
30 2771822 0 1
30 2672143 0 1
30 3306951 0 0
30 2500011 0 0
30 3520072 0 1
30 3732344 0 1
30 3014709 2 1
30 3385805 0 0
30 3482077 0 1
30 3841950 0 0
30 2663435 2 1
30 3184670 0 1
30 2684577 2 1
30 3278641 0 1
30 3558418 0 1
30 3535797 0 0
30 2859592 0 1
30 2787262 0 0
30 1036870 0 0
30 3758966 0 1
30 3872428 2 1
30 3485111 0 1
30 2687617 0 1
30 3299326 0 1
30 2500007 0 0
30 1175863 0 0
30 3103010 0 0
30 3654705 0 0
30 2799007 0 0
30 2799006 0 0
30 1081881 0 1
30 3298231 0 1
30 2538526 0 0
30 1257451 0 0
30 1993997 2 1
30 3232573 0 0
30 3854845 0 0
30 3860047 0 0
30 3172062 2 1
30 3172061 0 1
30 3288376 0 0
30 3349853 0 1
30 3541592 0 0
30 3172066 2 1
30 2740182 0 0
30 1037157 0 0
30 3864880 0 0
30 2809273 0 1
30 3132610 0 1
30 2663456 2 1
30 2664788 0 1
30 3611669 0 0
30 2538522 0 1
30 3172079 2 1
30 3198689 2 1
30 3232101 0 0
30 2259297 0 0
30 2259296 0 1
30 2686341 0 0
30 2686340 2 1
30 3747330 0 1
30 153546 0 1
30 3172072 2 1
30 3172075 2 0
30 3172074 2 1
30 3049544 2 1
30 2906941 0 0
30 3817642 0 1
30 1082195 0 0
30 2821395 0 0
30 3267215 0 0
30 2663448 2 1
30 1474595 0 1
30 3037323 0 1
30 3821938 0 1
30 2663442 2 1
30 3403327 0 0
30 2515425 0 1
30 3828777 0 1
30 2914369 0 0
30 3860027 0 0
30 2241773 0 0
30 3150253 0 0
30 3369446 0 1
30 2526520 0 0
30 3172088 2 1
30 3485663 0 0
30 3840664 0 0
30 3416889 0 1
30 3859030 0 0
30 3541576 0 0
30 3840668 0 0
30 3459160 0 0
30 2901246 2 1
30 3201930 0 0
30 2515416 2 0
30 2687650 0 1
30 2778769 0 1
30 3257884 0 0
30 3699293 2 1
30 3452300 0 1
30 2824630 0 1
30 3324327 0 1
30 3327834 0 1
30 3653097 0 0
30 2685235 2 1
30 3099615 0 0
30 3701791 0 0
30 1533997 0 0
30 3850453 0 0
30 2597757 0 0
30 3838588 0 1
30 2579033 0 0
30 2580022 0 0
30 3451623 0 0
30 2387284 0 0
30 1993952 2 1
30 1564006 0 1
30 3657224 0 1
30 3712681 0 0
30 3015508 0 0
30 3683518 0 0
30 3287084 0 1
30 3099620 0 0
30 3108775 0 0
30 3310359 2 0
30 3394111 0 1
30 2447954 0 0
30 3447361 0 0
30 3844607 0 0
30 3119438 0 0
30 3484556 0 2
30 3485402 0 1
30 3875990 0 0
30 3206356 0 1
30 2833164 0 0
30 3606043 2 0
30 2710975 0 0
30 2710973 2 0
30 1036491 0 0
30 3506153 0 0
30 3655296 0 1
30 3438422 0 1
30 3451631 0 1
30 2008444 0 0
30 2847566 0 0
30 1087206 0 1
30 3539052 0 1
30 1087207 0 0
30 3520688 0 0
30 3618262 0 0
30 3681568 0 1
30 2845145 0 1
30 3130464 0 1
30 2276892 2 1
30 3704401 0 1
30 2859737 0 0
30 3487830 0 1
30 3874663 0 0
30 3394108 0 1
30 3539056 0 1
30 3375845 0 0
30 1993970 0 1
30 3471255 0 1
30 3808766 0 1
30 3634960 2 0
30 1942180 0 0
30 2132097 0 0
30 2803987 0 0
30 2927475 0 1
30 3588210 0 1
30 2740129 0 0
30 3590500 0 0
30 2764338 0 0
30 1887528 0 0
30 3004878 0 0
30 2941787 0 0
30 3355005 0 0
30 2447977 0 0
30 3658340 0 1
30 2943712 0 0
30 1993984 2 1
30 1519025 0 0
30 3508111 0 0
30 3759774 0 1
30 2412892 0 0
30 2631458 0 1
30 2716297 0 0
30 2984467 0 0
30 3249829 0 1
30 3638501 0 1
30 2729302 0 1
30 3216369 0 1
30 3714265 0 0
30 3088525 0 1
30 3218789 0 0
30 3491047 0 0
30 3048066 0 0
30 2572047 0 0
30 3729992 0 0
30 3784135 0 1
30 2740102 0 0
30 1459122 0 0
30 3540667 0 0
30 3724069 0 0
30 2777860 0 0
30 3106391 0 1
30 3482576 0 0
30 2774585 0 0
30 3347847 2 1
30 3665454 0 0
30 1950873 0 1
30 2694806 0 0
30 3181843 0 1
30 193616 0 0
30 3751672 0 0
30 2762362 2 1
30 3811709 0 0
30 3438861 0 0
30 3842697 0 0
30 2350132 2 1
30 3245485 0 0
30 3270464 0 0
30 3180522 0 1
30 2588870 0 0
30 3168411 0 0
30 3575994 0 0
30 3283503 0 0
30 1283363 0 1
30 3280479 0 1
30 3324738 0 1
30 2496985 2 1
30 2729320 0 1
30 3841591 0 1
30 3722906 0 0
30 2820435 0 1
30 1448694 0 0
30 1192795 0 1
30 3537269 0 1
30 3543914 0 0
30 3376503 2 1
30 3853574 0 0
30 3878686 0 1
30 2096525 0 0
30 2878694 0 2
30 3632172 0 0
30 2811979 0 0
30 3721822 0 0
30 2878698 0 1
30 3203260 0 1
30 3664388 0 0
30 3259423 0 1
30 2782189 2 1
30 3437312 0 1
30 2631494 0 0
30 2007578 0 0
30 2852081 0 0
30 3085225 0 0
30 3030795 0 0
30 3140289 0 0
30 3599762 0 0
30 3096508 0 0
30 2480139 0 1
30 3693953 0 1
30 2567964 0 0
30 3275944 0 0
30 2824863 0 1
30 3531989 0 1
30 3417959 0 1
30 3890740 0 1
30 2763663 0 1
30 3476081 0 0
30 2845791 0 1
30 2494545 0 1
30 3577504 0 0
30 2386116 0 0
30 3596660 0 1
30 3383291 0 1
30 2386353 0 0
30 3669617 0 1
30 2480146 0 1
30 3058085 0 1
30 3529896 0 0
30 3583175 0 0
30 2597770 0 0
30 3652182 0 1
30 2938507 0 1
30 1044713 0 0
30 2740311 0 1
30 2845783 0 1
30 2987911 0 0
30 3228720 0 0
30 3129087 0 1
30 80153 0 0
30 3724277 0 1
30 3890731 0 1
30 3857742 0 1
30 3389854 0 0
30 3284873 0 1
30 3809218 0 1
30 3088945 0 0
30 3677011 0 0
30 2542403 0 0
30 2248573 0 1
30 3054929 0 1
30 3540682 0 0
30 1654186 0 0
30 2292494 0 0
30 2742700 0 0
30 3785401 2 1
30 385253 0 1
30 3181842 0 0
30 2887375 0 0
30 3039579 0 0
30 3573361 0 1
30 2385287 0 0
30 2429901 2 1
30 3200192 0 0
30 1971576 0 0
30 3751899 0 1
30 2096564 0 1
30 2448896 0 1
30 3157758 2 1
30 3121584 0 1
30 2886039 0 1
30 3499199 0 1
30 1913498 0 0
30 2752759 0 1
30 3583157 0 0
30 3600336 0 0
30 3179762 0 1
30 3773426 0 1
30 3809441 0 1
30 3170708 0 0
30 2906723 0 1
30 2659845 0 0
30 3440924 0 1
30 3734097 0 0
30 1936364 0 0
30 2739551 0 1
